日付,場,R,枠,登録番号,選手名,級別,展示タイム,一周タイム,回り足タイム,直線タイム,展示進入,展示ST,チルト,プロペラ,部品交換,天気,気温,水温,風速,風向,波高,出典URL
20260914,平和島,1,1,3432,宮迫 暢彦,B1,6.92,37.07,5.71,7.53,1.0,-0.07,0.0,,,晴,30.0,26.0,5.0,南,3.0,https://boatraceraid.jp/exhibition/?opdt=2026-09-14&rcoursecd=04&rno=01
20260914,平和島,1,2,4367,山口 修路,B1,6.91,37.49,5.81,7.6,2.0,0.07,0.0,,,晴,30.0,26.0,5.0,南,3.0,https://boatraceraid.jp/exhibition/?opdt=2026-09-14&rcoursecd=04&rno=01
20260914,平和島,1,3,5023,久永 祥平,A2,6.94,37.51,5.92,7.54,3.0,0.05,-0.5,,,晴,30.0,26.0,5.0,南,3.0,https://boatraceraid.jp/exhibition/?opdt=2026-09-14&rcoursecd=04&rno=01
20260914,平和島,1,4,3313,本吉 正樹,B1,7.02,38.14,6.33,7.5,4.0,0.01,0.0,,,晴,30.0,26.0,5.0,南,3.0,https://boatraceraid.jp/exhibition/?opdt=2026-09-14&rcoursecd=04&rno=01
20260914,平和島,1,5,4697,國弘 翔平,B1,6.97,37.93,6.4,7.57,5.0,0.03,-0.5,,,晴,30.0,26.0,5.0,南,3.0,https://boatraceraid.jp/exhibition/?opdt=2026-09-14&rcoursecd=04&rno=01
20260914,平和島,1,6,5393,藤原 駿,B2,7.11,37.47,6.22,7.43,6.0,0.06,-0.5,,,晴,30.0,26.0,5.0,南,3.0,https://boatraceraid.jp/exhibition/?opdt=2026-09-14&rcoursecd=04&rno=01
20260914,平和島,2,1,4880,澤崎 雄哉,B1,7.05,38.22,6.05,7.73,1.0,0.03,0.0,,,晴,30.0,26.0,5.0,南,3.0,https://boatraceraid.jp/exhibition/?opdt=2026-09-14&rcoursecd=04&rno=02
20260914,平和島,2,2,5105,富田 恕生,B1,7.05,38.0,5.7,7.63,2.0,0.07,0.0,,,晴,30.0,26.0,5.0,南,3.0,https://boatraceraid.jp/exhibition/?opdt=2026-09-14&rcoursecd=04&rno=02
20260914,平和島,2,3,4659,木下 翔太,A1,7.04,38.07,5.99,7.77,3.0,0.02,0.0,,,晴,30.0,26.0,5.0,南,3.0,https://boatraceraid.jp/exhibition/?opdt=2026-09-14&rcoursecd=04&rno=02
20260914,平和島,2,4,5081,篠原 飛翔,A2,6.98,37.8,6.21,7.67,4.0,0.04,0.0,,,晴,30.0,26.0,5.0,南,3.0,https://boatraceraid.jp/exhibition/?opdt=2026-09-14&rcoursecd=04&rno=02
20260914,平和島,2,5,4863,三浦 裕貴,B1,6.99,37.5,6.05,7.76,5.0,0.04,0.0,,,晴,30.0,26.0,5.0,南,3.0,https://boatraceraid.jp/exhibition/?opdt=2026-09-14&rcoursecd=04&rno=02
20260914,平和島,2,6,3951,石川 吉鎬,B1,6.97,38.03,6.18,7.73,6.0,-0.09,0.0,,,晴,30.0,26.0,5.0,南,3.0,https://boatraceraid.jp/exhibition/?opdt=2026-09-14&rcoursecd=04&rno=02
20260914,平和島,3,1,3107,平岡 重典,B1,7.08,38.37,6.63,7.8,1.0,0.21,0.0,,,晴,31.0,26.0,4.0,南,3.0,https://boatraceraid.jp/exhibition/?opdt=2026-09-14&rcoursecd=04&rno=03
20260914,平和島,3,2,3771,折下 寛法,B1,7.0,37.8,6.37,7.43,2.0,-0.06,0.0,,,晴,31.0,26.0,4.0,南,3.0,https://boatraceraid.jp/exhibition/?opdt=2026-09-14&rcoursecd=04&rno=03
20260914,平和島,3,3,3747,國崎 良春,A2,7.03,38.24,6.01,7.63,3.0,-0.01,0.0,,,晴,31.0,26.0,4.0,南,3.0,https://boatraceraid.jp/exhibition/?opdt=2026-09-14&rcoursecd=04&rno=03
20260914,平和島,3,4,4200,早川 尚人,B1,6.96,38.13,5.97,7.69,4.0,0.25,0.0,,,晴,31.0,26.0,4.0,南,3.0,https://boatraceraid.jp/exhibition/?opdt=2026-09-14&rcoursecd=04&rno=03
20260914,平和島,3,5,4769,馬場 剛,A1,7.0,38.31,6.03,7.67,5.0,0.01,0.0,,,晴,31.0,26.0,4.0,南,3.0,https://boatraceraid.jp/exhibition/?opdt=2026-09-14&rcoursecd=04&rno=03
20260914,平和島,3,6,5031,渡辺 空依,B1,7.12,37.88,5.83,7.7,6.0,-0.08,0.0,,,晴,31.0,26.0,4.0,南,3.0,https://boatraceraid.jp/exhibition/?opdt=2026-09-14&rcoursecd=04&rno=03
20260914,平和島,4,1,4421,森作 広大,B1,7.06,38.1,5.83,7.7,1.0,0.08,-0.5,,,晴,30.0,26.0,7.0,南,4.0,https://boatraceraid.jp/exhibition/?opdt=2026-09-14&rcoursecd=04&rno=04
20260914,平和島,4,2,4272,大場 広孝,B1,6.93,38.8,5.83,7.64,2.0,0.28,-0.5,,,晴,30.0,26.0,7.0,南,4.0,https://boatraceraid.jp/exhibition/?opdt=2026-09-14&rcoursecd=04&rno=04
20260914,平和島,4,3,3105,内山 文典,B1,7.08,38.69,5.87,7.69,3.0,0.28,0.0,,,晴,30.0,26.0,7.0,南,4.0,https://boatraceraid.jp/exhibition/?opdt=2026-09-14&rcoursecd=04&rno=04
20260914,平和島,4,4,4508,野間 大樹,A2,7.1,38.03,5.8,7.71,4.0,0.16,-0.5,,,晴,30.0,26.0,7.0,南,4.0,https://boatraceraid.jp/exhibition/?opdt=2026-09-14&rcoursecd=04&rno=04
20260914,平和島,4,5,5237,永松 良教,B2,7.18,37.64,5.6,7.62,5.0,0.09,0.0,,,晴,30.0,26.0,7.0,南,4.0,https://boatraceraid.jp/exhibition/?opdt=2026-09-14&rcoursecd=04&rno=04
20260914,平和島,4,6,3439,大平 誉史明,A1,7.21,38.45,5.96,7.69,6.0,0.1,0.0,,,晴,30.0,26.0,7.0,南,4.0,https://boatraceraid.jp/exhibition/?opdt=2026-09-14&rcoursecd=04&rno=04
20260914,平和島,5,1,3564,桑原 啓,B1,7.03,37.65,5.9,7.66,1.0,0.0,0.0,,,晴,30.0,26.0,4.0,南,3.0,https://boatraceraid.jp/exhibition/?opdt=2026-09-14&rcoursecd=04&rno=05
20260914,平和島,5,2,4976,金山 立樹,B1,7.08,37.83,5.87,7.74,2.0,0.13,0.0,,,晴,30.0,26.0,4.0,南,3.0,https://boatraceraid.jp/exhibition/?opdt=2026-09-14&rcoursecd=04&rno=05
20260914,平和島,5,3,3857,阿波 勝哉,B1,6.97,37.65,6.17,7.7,3.0,0.02,0.0,,,晴,30.0,26.0,4.0,南,3.0,https://boatraceraid.jp/exhibition/?opdt=2026-09-14&rcoursecd=04&rno=05
20260914,平和島,5,4,4377,濱本 優一,A1,7.12,37.93,5.98,7.74,4.0,0.2,-0.5,,,晴,30.0,26.0,4.0,南,3.0,https://boatraceraid.jp/exhibition/?opdt=2026-09-14&rcoursecd=04&rno=05
20260914,平和島,5,5,3915,繁野谷 圭介,A2,7.08,37.8,6.0,7.77,5.0,0.02,0.0,,,晴,30.0,26.0,4.0,南,3.0,https://boatraceraid.jp/exhibition/?opdt=2026-09-14&rcoursecd=04&rno=05
20260914,平和島,5,6,3876,中辻 崇人,A1,7.03,37.37,5.7,7.77,6.0,-0.04,0.5,,,晴,30.0,26.0,4.0,南,3.0,https://boatraceraid.jp/exhibition/?opdt=2026-09-14&rcoursecd=04&rno=05
20260914,平和島,6,1,4651,佐藤 大騎,B1,7.04,37.97,6.0,7.7,1.0,0.22,0.0,,,晴,30.0,26.0,6.0,南,4.0,https://boatraceraid.jp/exhibition/?opdt=2026-09-14&rcoursecd=04&rno=06
20260914,平和島,6,2,4053,芦澤 望,A2,7.01,38.07,6.07,7.83,2.0,0.12,0.0,,,晴,30.0,26.0,6.0,南,4.0,https://boatraceraid.jp/exhibition/?opdt=2026-09-14&rcoursecd=04&rno=06
20260914,平和島,6,3,3904,森 貴洋,B1,6.92,37.6,6.1,7.67,3.0,0.12,0.0,,,晴,30.0,26.0,6.0,南,4.0,https://boatraceraid.jp/exhibition/?opdt=2026-09-14&rcoursecd=04&rno=06
20260914,平和島,6,4,4367,山口 修路,B1,6.91,37.79,5.84,7.73,4.0,0.08,0.0,,,晴,30.0,26.0,6.0,南,4.0,https://boatraceraid.jp/exhibition/?opdt=2026-09-14&rcoursecd=04&rno=06
20260914,平和島,6,5,4104,木下 陽介,B1,6.93,38.37,6.0,7.73,5.0,0.05,0.0,,,晴,30.0,26.0,6.0,南,4.0,https://boatraceraid.jp/exhibition/?opdt=2026-09-14&rcoursecd=04&rno=06
20260914,平和島,6,6,4932,新開 航,A1,6.91,37.83,5.9,7.67,6.0,0.05,0.0,,,晴,30.0,26.0,6.0,南,4.0,https://boatraceraid.jp/exhibition/?opdt=2026-09-14&rcoursecd=04&rno=06
20260914,平和島,7,1,4180,上野 秀和,A2,6.89,37.06,5.54,7.55,1.0,-0.07,0.0,,,晴,30.0,26.0,6.0,南,4.0,https://boatraceraid.jp/exhibition/?opdt=2026-09-14&rcoursecd=04&rno=07
20260914,平和島,7,2,3432,宮迫 暢彦,B1,6.99,37.46,5.54,7.63,2.0,-0.01,0.0,,,晴,30.0,26.0,6.0,南,4.0,https://boatraceraid.jp/exhibition/?opdt=2026-09-14&rcoursecd=04&rno=07
20260914,平和島,7,3,4610,佐藤 大佑,A1,7.03,37.7,5.83,7.67,3.0,0.04,-0.5,,,晴,30.0,26.0,6.0,南,4.0,https://boatraceraid.jp/exhibition/?opdt=2026-09-14&rcoursecd=04&rno=07
20260914,平和島,7,4,5022,伊藤 尚汰,B1,7.01,37.77,5.7,7.64,4.0,0.09,0.0,,,晴,30.0,26.0,6.0,南,4.0,https://boatraceraid.jp/exhibition/?opdt=2026-09-14&rcoursecd=04&rno=07
20260914,平和島,7,5,4082,濱崎 誠,B1,7.04,37.66,5.81,7.64,5.0,0.19,0.0,,,晴,30.0,26.0,6.0,南,4.0,https://boatraceraid.jp/exhibition/?opdt=2026-09-14&rcoursecd=04&rno=07
20260914,平和島,7,6,5424,熊倉 幹太,B2,7.06,37.63,5.87,7.63,6.0,0.17,-0.5,,,晴,30.0,26.0,6.0,南,4.0,https://boatraceraid.jp/exhibition/?opdt=2026-09-14&rcoursecd=04&rno=07
20260914,平和島,8,1,5023,久永 祥平,A2,7.0,37.8,5.8,7.65,1.0,0.12,-0.5,,,晴,30.0,26.0,7.0,南,5.0,https://boatraceraid.jp/exhibition/?opdt=2026-09-14&rcoursecd=04&rno=08
20260914,平和島,8,2,4422,永井 亮次,B1,7.01,38.2,6.63,7.53,2.0,0.03,-0.5,,,晴,30.0,26.0,7.0,南,5.0,https://boatraceraid.jp/exhibition/?opdt=2026-09-14&rcoursecd=04&rno=08
20260914,平和島,8,3,3963,原田 秀弥,A2,6.93,37.86,6.31,7.7,3.0,-0.08,-0.5,,,晴,30.0,26.0,7.0,南,5.0,https://boatraceraid.jp/exhibition/?opdt=2026-09-14&rcoursecd=04&rno=08
20260914,平和島,8,4,3771,折下 寛法,B1,6.92,38.43,6.6,7.43,4.0,-0.08,0.0,,,晴,30.0,26.0,7.0,南,5.0,https://boatraceraid.jp/exhibition/?opdt=2026-09-14&rcoursecd=04&rno=08
20260914,平和島,8,5,5081,篠原 飛翔,A2,6.98,37.93,6.07,7.67,5.0,-0.01,0.0,,,晴,30.0,26.0,7.0,南,5.0,https://boatraceraid.jp/exhibition/?opdt=2026-09-14&rcoursecd=04&rno=08
20260914,平和島,8,6,5209,小野 京平,B1,7.13,38.3,7.27,7.63,6.0,-0.04,0.0,,,晴,30.0,26.0,7.0,南,5.0,https://boatraceraid.jp/exhibition/?opdt=2026-09-14&rcoursecd=04&rno=08
20260914,平和島,9,1,5104,山田 丈,A2,6.96,37.53,5.7,7.5,1.0,-0.05,0.0,,,晴,30.0,26.0,7.0,南,5.0,https://boatraceraid.jp/exhibition/?opdt=2026-09-14&rcoursecd=04&rno=09
20260914,平和島,9,2,3800,牧 宏次,A2,7.04,37.73,5.63,7.63,2.0,0.01,-0.5,,,晴,30.0,26.0,7.0,南,5.0,https://boatraceraid.jp/exhibition/?opdt=2026-09-14&rcoursecd=04&rno=09
20260914,平和島,9,3,3107,平岡 重典,B1,7.04,37.83,5.63,7.7,3.0,0.07,0.0,,,晴,30.0,26.0,7.0,南,5.0,https://boatraceraid.jp/exhibition/?opdt=2026-09-14&rcoursecd=04&rno=09
20260914,平和島,9,4,4697,國弘 翔平,B1,6.99,38.7,5.87,7.63,4.0,-0.03,-0.5,,,晴,30.0,26.0,7.0,南,5.0,https://boatraceraid.jp/exhibition/?opdt=2026-09-14&rcoursecd=04&rno=09
20260914,平和島,9,5,4508,野間 大樹,A2,7.04,37.97,5.63,7.67,5.0,-0.03,-0.5,,,晴,30.0,26.0,7.0,南,5.0,https://boatraceraid.jp/exhibition/?opdt=2026-09-14&rcoursecd=04&rno=09
20260914,平和島,9,6,4863,三浦 裕貴,B1,7.09,37.1,5.47,7.67,6.0,-0.04,0.0,,,晴,30.0,26.0,7.0,南,5.0,https://boatraceraid.jp/exhibition/?opdt=2026-09-14&rcoursecd=04&rno=09
20260914,平和島,10,1,4377,濱本 優一,A1,6.98,37.6,5.7,7.6,1.0,0.14,0.0,,,曇り,30.0,26.0,7.0,南,5.0,https://boatraceraid.jp/exhibition/?opdt=2026-09-14&rcoursecd=04&rno=10
20260914,平和島,10,2,3747,國崎 良春,A2,6.97,38.0,5.87,7.63,2.0,-0.01,0.0,,,曇り,30.0,26.0,7.0,南,5.0,https://boatraceraid.jp/exhibition/?opdt=2026-09-14&rcoursecd=04&rno=10
20260914,平和島,10,3,4272,大場 広孝,B1,6.83,38.33,5.97,7.57,3.0,-0.05,-0.5,,,曇り,30.0,26.0,7.0,南,5.0,https://boatraceraid.jp/exhibition/?opdt=2026-09-14&rcoursecd=04&rno=10
20260914,平和島,10,4,3385,渡邉 睦広,A2,6.81,38.3,5.97,7.6,4.0,0.12,-0.5,,,曇り,30.0,26.0,7.0,南,5.0,https://boatraceraid.jp/exhibition/?opdt=2026-09-14&rcoursecd=04&rno=10
20260914,平和島,10,5,3951,石川 吉鎬,B1,6.81,38.27,6.1,7.8,5.0,-0.06,0.0,,,曇り,30.0,26.0,7.0,南,5.0,https://boatraceraid.jp/exhibition/?opdt=2026-09-14&rcoursecd=04&rno=10
20260914,平和島,10,6,3313,本吉 正樹,B1,7.16,38.47,6.5,7.8,6.0,-0.01,-0.5,,,曇り,30.0,26.0,7.0,南,5.0,https://boatraceraid.jp/exhibition/?opdt=2026-09-14&rcoursecd=04&rno=10
20260914,平和島,11,1,4288,永田 啓二,A1,6.99,37.4,5.97,7.63,1.0,0.01,0.5,,,曇り,29.0,26.0,6.0,南,5.0,https://boatraceraid.jp/exhibition/?opdt=2026-09-14&rcoursecd=04&rno=11
20260914,平和島,11,2,3915,繁野谷 圭介,A2,7.05,37.7,6.5,7.47,2.0,0.06,0.0,,,曇り,29.0,26.0,6.0,南,5.0,https://boatraceraid.jp/exhibition/?opdt=2026-09-14&rcoursecd=04&rno=11
20260914,平和島,11,3,5031,渡辺 空依,B1,7.09,37.53,5.87,7.67,3.0,0.09,0.0,,,曇り,29.0,26.0,6.0,南,5.0,https://boatraceraid.jp/exhibition/?opdt=2026-09-14&rcoursecd=04&rno=11
20260914,平和島,11,4,5004,河野 主樹,A2,6.89,36.93,5.8,7.57,4.0,0.06,-0.5,,,曇り,29.0,26.0,6.0,南,5.0,https://boatraceraid.jp/exhibition/?opdt=2026-09-14&rcoursecd=04&rno=11
20260914,平和島,11,5,4880,澤崎 雄哉,B1,6.98,37.77,5.8,7.67,5.0,0.07,0.0,,,曇り,29.0,26.0,6.0,南,5.0,https://boatraceraid.jp/exhibition/?opdt=2026-09-14&rcoursecd=04&rno=11
20260914,平和島,11,6,4053,芦澤 望,A2,6.99,38.07,6.4,7.53,6.0,0.25,0.0,,,曇り,29.0,26.0,6.0,南,5.0,https://boatraceraid.jp/exhibition/?opdt=2026-09-14&rcoursecd=04&rno=11
20260914,平和島,12,1,4610,佐藤 大佑,A1,6.94,38.17,6.07,7.7,1.0,0.13,-0.5,,,晴,29.0,26.0,8.0,南,5.0,https://boatraceraid.jp/exhibition/?opdt=2026-09-14&rcoursecd=04&rno=12
20260914,平和島,12,2,3439,大平 誉史明,A1,7.12,38.23,5.97,7.87,2.0,0.1,0.0,,,晴,29.0,26.0,8.0,南,5.0,https://boatraceraid.jp/exhibition/?opdt=2026-09-14&rcoursecd=04&rno=12
20260914,平和島,12,3,3876,中辻 崇人,A1,6.95,37.34,5.95,7.6,3.0,0.15,0.5,,,晴,29.0,26.0,8.0,南,5.0,https://boatraceraid.jp/exhibition/?opdt=2026-09-14&rcoursecd=04&rno=12
20260914,平和島,12,4,4769,馬場 剛,A1,7.04,38.43,6.3,7.6,4.0,0.14,0.0,,,晴,29.0,26.0,8.0,南,5.0,https://boatraceraid.jp/exhibition/?opdt=2026-09-14&rcoursecd=04&rno=12
20260914,平和島,12,5,4932,新開 航,A1,7.03,38.4,6.23,7.9,5.0,0.11,0.0,,,晴,29.0,26.0,8.0,南,5.0,https://boatraceraid.jp/exhibition/?opdt=2026-09-14&rcoursecd=04&rno=12
20260914,平和島,12,6,4659,木下 翔太,A1,6.99,38.55,5.97,7.83,6.0,0.06,0.0,,,晴,29.0,26.0,8.0,南,5.0,https://boatraceraid.jp/exhibition/?opdt=2026-09-14&rcoursecd=04&rno=12
20260915,平和島,1,1,5105,富田 恕生,B1,6.88,36.9,5.4,7.54,1.0,0.22,0.0,,,雨,28.0,26.0,2.0,南,3.0,https://boatraceraid.jp/exhibition/?opdt=2026-09-15&rcoursecd=04&rno=01
20260915,平和島,1,2,3105,内山 文典,B1,6.79,37.26,5.64,7.57,2.0,0.01,-0.5,,,雨,28.0,26.0,2.0,南,3.0,https://boatraceraid.jp/exhibition/?opdt=2026-09-15&rcoursecd=04&rno=01
20260915,平和島,1,3,5004,河野 主樹,A2,6.87,36.96,5.6,7.57,3.0,0.05,-0.5,,,雨,28.0,26.0,2.0,南,3.0,https://boatraceraid.jp/exhibition/?opdt=2026-09-15&rcoursecd=04&rno=01
20260915,平和島,1,4,5424,熊倉 幹太,B2,6.84,37.76,5.9,7.61,4.0,0.48,0.0,,,雨,28.0,26.0,2.0,南,3.0,https://boatraceraid.jp/exhibition/?opdt=2026-09-15&rcoursecd=04&rno=01
20260915,平和島,1,5,3564,桑原 啓,B1,6.8,37.19,5.69,7.6,5.0,0.05,0.0,,,雨,28.0,26.0,2.0,南,3.0,https://boatraceraid.jp/exhibition/?opdt=2026-09-15&rcoursecd=04&rno=01
20260915,平和島,1,6,3904,森 貴洋,B1,6.71,37.26,5.8,7.57,6.0,0.06,0.0,,,雨,28.0,26.0,2.0,南,3.0,https://boatraceraid.jp/exhibition/?opdt=2026-09-15&rcoursecd=04&rno=01
20260915,平和島,2,1,4422,永井 亮次,B1,6.83,37.94,5.76,7.56,1.0,0.03,0.0,,,雨,28.0,26.0,2.0,南,3.0,https://boatraceraid.jp/exhibition/?opdt=2026-09-15&rcoursecd=04&rno=02
20260915,平和島,2,2,5031,渡辺 空依,B1,6.79,37.63,5.69,7.53,2.0,0.13,0.0,,,雨,28.0,26.0,2.0,南,3.0,https://boatraceraid.jp/exhibition/?opdt=2026-09-15&rcoursecd=04&rno=02
20260915,平和島,2,3,3800,牧 宏次,A2,6.87,37.45,5.89,7.53,3.0,0.16,-0.5,,,雨,28.0,26.0,2.0,南,3.0,https://boatraceraid.jp/exhibition/?opdt=2026-09-15&rcoursecd=04&rno=02
20260915,平和島,2,4,3857,阿波 勝哉,B1,6.92,37.6,6.0,7.53,4.0,-0.03,0.0,,,雨,28.0,26.0,2.0,南,3.0,https://boatraceraid.jp/exhibition/?opdt=2026-09-15&rcoursecd=04&rno=02
20260915,平和島,2,5,3439,大平 誉史明,A1,6.93,38.99,5.97,7.73,5.0,-0.01,0.0,,,雨,28.0,26.0,2.0,南,3.0,https://boatraceraid.jp/exhibition/?opdt=2026-09-15&rcoursecd=04&rno=02
20260915,平和島,2,6,4367,山口 修路,B1,6.72,37.58,5.67,7.6,6.0,0.15,0.0,,,雨,28.0,26.0,2.0,南,3.0,https://boatraceraid.jp/exhibition/?opdt=2026-09-15&rcoursecd=04&rno=02
20260915,平和島,3,1,3107,平岡 重典,B1,6.94,37.87,5.8,7.71,1.0,0.27,0.0,,,曇り,27.0,26.0,1.0,南,3.0,https://boatraceraid.jp/exhibition/?opdt=2026-09-15&rcoursecd=04&rno=03
20260915,平和島,3,2,4288,永田 啓二,A1,6.85,38.04,5.86,7.67,2.0,0.21,0.5,,,曇り,27.0,26.0,1.0,南,3.0,https://boatraceraid.jp/exhibition/?opdt=2026-09-15&rcoursecd=04&rno=03
20260915,平和島,3,3,5393,藤原 駿,B2,6.89,37.99,5.93,7.57,3.0,0.07,-0.5,,,曇り,27.0,26.0,1.0,南,3.0,https://boatraceraid.jp/exhibition/?opdt=2026-09-15&rcoursecd=04&rno=03
20260915,平和島,3,4,4421,森作 広大,B1,6.88,38.2,5.81,7.6,4.0,0.05,-0.5,,,曇り,27.0,26.0,1.0,南,3.0,https://boatraceraid.jp/exhibition/?opdt=2026-09-15&rcoursecd=04&rno=03
20260915,平和島,3,5,4180,上野 秀和,A2,6.79,37.43,5.73,7.5,5.0,-0.02,0.0,,,曇り,27.0,26.0,1.0,南,3.0,https://boatraceraid.jp/exhibition/?opdt=2026-09-15&rcoursecd=04&rno=03
20260915,平和島,3,6,4104,木下 陽介,B1,,,,,,,,,,曇り,27.0,26.0,1.0,南,3.0,https://boatraceraid.jp/exhibition/?opdt=2026-09-15&rcoursecd=04&rno=03
20260915,平和島,4,1,5209,小野 京平,B1,6.95,37.51,5.71,7.65,1.0,0.26,0.0,,,曇り,27.0,26.0,2.0,南,3.0,https://boatraceraid.jp/exhibition/?opdt=2026-09-15&rcoursecd=04&rno=04
20260915,平和島,4,2,4200,早川 尚人,B1,6.79,37.86,5.74,7.57,2.0,0.16,0.0,,,曇り,27.0,26.0,2.0,南,3.0,https://boatraceraid.jp/exhibition/?opdt=2026-09-15&rcoursecd=04&rno=04
20260915,平和島,4,3,4880,澤崎 雄哉,B1,6.82,38.3,5.9,7.73,3.0,0.26,0.0,,,曇り,27.0,26.0,2.0,南,3.0,https://boatraceraid.jp/exhibition/?opdt=2026-09-15&rcoursecd=04&rno=04
20260915,平和島,4,4,4082,濱崎 誠,B1,6.87,38.39,5.87,7.77,4.0,0.22,-0.5,,,曇り,27.0,26.0,2.0,南,3.0,https://boatraceraid.jp/exhibition/?opdt=2026-09-15&rcoursecd=04&rno=04
20260915,平和島,4,5,3876,中辻 崇人,A1,6.8,37.16,5.54,7.67,5.0,0.1,0.5,,,曇り,27.0,26.0,2.0,南,3.0,https://boatraceraid.jp/exhibition/?opdt=2026-09-15&rcoursecd=04&rno=04
20260915,平和島,4,6,3385,渡邉 睦広,A2,6.66,38.2,5.63,7.73,6.0,0.15,-0.5,,,曇り,27.0,26.0,2.0,南,3.0,https://boatraceraid.jp/exhibition/?opdt=2026-09-15&rcoursecd=04&rno=04
20260915,平和島,5,1,4697,國弘 翔平,B1,6.87,38.3,5.93,7.67,1.0,0.19,-0.5,,,曇り,27.0,26.0,2.0,南,3.0,https://boatraceraid.jp/exhibition/?opdt=2026-09-15&rcoursecd=04&rno=05
20260915,平和島,5,2,4769,馬場 剛,A1,6.91,38.57,5.93,7.6,2.0,0.26,0.0,,,曇り,27.0,26.0,2.0,南,3.0,https://boatraceraid.jp/exhibition/?opdt=2026-09-15&rcoursecd=04&rno=05
20260915,平和島,5,3,4976,金山 立樹,B1,6.87,38.2,5.87,7.67,3.0,0.16,0.0,,,曇り,27.0,26.0,2.0,南,3.0,https://boatraceraid.jp/exhibition/?opdt=2026-09-15&rcoursecd=04&rno=05
20260915,平和島,5,4,3963,原田 秀弥,A2,6.77,37.89,5.84,7.63,4.0,0.08,0.0,,,曇り,27.0,26.0,2.0,南,3.0,https://boatraceraid.jp/exhibition/?opdt=2026-09-15&rcoursecd=04&rno=05
20260915,平和島,5,5,3432,宮迫 暢彦,B1,6.79,37.59,5.8,7.64,5.0,0.01,0.0,,,曇り,27.0,26.0,2.0,南,3.0,https://boatraceraid.jp/exhibition/?opdt=2026-09-15&rcoursecd=04&rno=05
20260915,平和島,5,6,4272,大場 広孝,B1,6.73,37.52,5.74,7.63,6.0,0.11,0.0,,,曇り,27.0,26.0,2.0,南,3.0,https://boatraceraid.jp/exhibition/?opdt=2026-09-15&rcoursecd=04&rno=05
20260915,平和島,6,1,3771,折下 寛法,B1,6.8,37.1,5.78,7.53,1.0,-0.03,0.0,,,曇り,27.0,26.0,3.0,南,3.0,https://boatraceraid.jp/exhibition/?opdt=2026-09-15&rcoursecd=04&rno=06
20260915,平和島,6,2,5104,山田 丈,A2,6.84,37.71,5.63,7.55,2.0,0.11,0.0,,,曇り,27.0,26.0,3.0,南,3.0,https://boatraceraid.jp/exhibition/?opdt=2026-09-15&rcoursecd=04&rno=06
20260915,平和島,6,3,3313,本吉 正樹,B1,6.91,38.0,6.17,7.51,3.0,0.05,-0.5,,,曇り,27.0,26.0,3.0,南,3.0,https://boatraceraid.jp/exhibition/?opdt=2026-09-15&rcoursecd=04&rno=06
20260915,平和島,6,4,3904,森 貴洋,B1,6.75,37.67,6.2,7.55,4.0,0.17,0.0,,,曇り,27.0,26.0,3.0,南,3.0,https://boatraceraid.jp/exhibition/?opdt=2026-09-15&rcoursecd=04&rno=06
20260915,平和島,6,5,4659,木下 翔太,A1,6.69,37.9,6.4,7.64,5.0,0.14,0.0,,,曇り,27.0,26.0,3.0,南,3.0,https://boatraceraid.jp/exhibition/?opdt=2026-09-15&rcoursecd=04&rno=06
20260915,平和島,6,6,5237,永松 良教,B2,6.91,37.2,5.88,7.65,6.0,0.14,0.0,,,曇り,27.0,26.0,3.0,南,3.0,https://boatraceraid.jp/exhibition/?opdt=2026-09-15&rcoursecd=04&rno=06
20260915,平和島,7,1,3915,繁野谷 圭介,A2,6.86,37.57,5.87,7.54,1.0,0.03,0.0,,,曇り,27.0,26.0,1.0,南,3.0,https://boatraceraid.jp/exhibition/?opdt=2026-09-15&rcoursecd=04&rno=07
20260915,平和島,7,2,5022,伊藤 尚汰,B1,6.77,37.87,5.87,7.67,2.0,0.09,-0.5,,,曇り,27.0,26.0,1.0,南,3.0,https://boatraceraid.jp/exhibition/?opdt=2026-09-15&rcoursecd=04&rno=07
20260915,平和島,7,3,4932,新開 航,A1,6.84,37.88,5.74,7.6,3.0,0.19,0.0,,,曇り,27.0,26.0,1.0,南,3.0,https://boatraceraid.jp/exhibition/?opdt=2026-09-15&rcoursecd=04&rno=07
20260915,平和島,7,4,4863,三浦 裕貴,B1,6.94,37.21,5.54,7.57,4.0,0.14,0.0,,,曇り,27.0,26.0,1.0,南,3.0,https://boatraceraid.jp/exhibition/?opdt=2026-09-15&rcoursecd=04&rno=07
20260915,平和島,7,5,4422,永井 亮次,B1,6.92,38.32,5.87,7.63,5.0,0.09,0.0,,,曇り,27.0,26.0,1.0,南,3.0,https://boatraceraid.jp/exhibition/?opdt=2026-09-15&rcoursecd=04&rno=07
20260915,平和島,7,6,3105,内山 文典,B1,6.81,37.27,5.63,7.53,6.0,0.16,-0.5,,,曇り,27.0,26.0,1.0,南,3.0,https://boatraceraid.jp/exhibition/?opdt=2026-09-15&rcoursecd=04&rno=07
20260915,平和島,8,1,4508,野間 大樹,A2,6.79,37.53,5.67,7.57,1.0,0.05,-0.5,,,曇り,27.0,26.0,2.0,南,3.0,https://boatraceraid.jp/exhibition/?opdt=2026-09-15&rcoursecd=04&rno=08
20260915,平和島,8,2,3951,石川 吉鎬,B1,6.91,37.97,5.67,7.7,2.0,0.06,0.0,,,曇り,27.0,26.0,2.0,南,3.0,https://boatraceraid.jp/exhibition/?opdt=2026-09-15&rcoursecd=04&rno=08
20260915,平和島,8,3,3564,桑原 啓,B1,6.67,37.7,5.9,7.5,3.0,-0.14,0.0,,,曇り,27.0,26.0,2.0,南,3.0,https://boatraceraid.jp/exhibition/?opdt=2026-09-15&rcoursecd=04&rno=08
20260915,平和島,8,4,5209,小野 京平,B1,6.82,37.77,5.6,7.6,4.0,-0.15,0.0,,,曇り,27.0,26.0,2.0,南,3.0,https://boatraceraid.jp/exhibition/?opdt=2026-09-15&rcoursecd=04&rno=08
20260915,平和島,8,5,4610,佐藤 大佑,A1,6.75,38.27,5.9,7.7,5.0,-0.17,0.0,,,曇り,27.0,26.0,2.0,南,3.0,https://boatraceraid.jp/exhibition/?opdt=2026-09-15&rcoursecd=04&rno=08
20260915,平和島,8,6,4104,木下 陽介,B1,,,,,,,,,,曇り,27.0,26.0,2.0,南,3.0,https://boatraceraid.jp/exhibition/?opdt=2026-09-15&rcoursecd=04&rno=08
20260915,平和島,9,1,4053,芦澤 望,A2,6.85,37.4,5.61,7.6,1.0,0.19,0.0,,,曇り,27.0,26.0,0.0,東,3.0,https://boatraceraid.jp/exhibition/?opdt=2026-09-15&rcoursecd=04&rno=09
20260915,平和島,9,2,5081,篠原 飛翔,A2,6.83,37.5,5.7,7.57,2.0,0.21,0.0,,,曇り,27.0,26.0,0.0,東,3.0,https://boatraceraid.jp/exhibition/?opdt=2026-09-15&rcoursecd=04&rno=09
20260915,平和島,9,3,3439,大平 誉史明,A1,6.93,38.33,5.83,7.63,3.0,0.19,0.0,,,曇り,27.0,26.0,0.0,東,3.0,https://boatraceraid.jp/exhibition/?opdt=2026-09-15&rcoursecd=04&rno=09
20260915,平和島,9,4,4180,上野 秀和,A2,6.77,37.5,5.73,7.5,4.0,-0.01,0.0,,,曇り,27.0,26.0,0.0,東,3.0,https://boatraceraid.jp/exhibition/?opdt=2026-09-15&rcoursecd=04&rno=09
20260915,平和島,9,5,4976,金山 立樹,B1,6.79,38.1,5.7,7.53,5.0,-0.04,0.0,,,曇り,27.0,26.0,0.0,東,3.0,https://boatraceraid.jp/exhibition/?opdt=2026-09-15&rcoursecd=04&rno=09
20260915,平和島,9,6,4200,早川 尚人,B1,6.77,37.6,5.77,7.53,6.0,0.05,0.0,,,曇り,27.0,26.0,0.0,東,3.0,https://boatraceraid.jp/exhibition/?opdt=2026-09-15&rcoursecd=04&rno=09
20260915,平和島,10,1,3876,中辻 崇人,A1,6.86,37.26,5.56,7.6,1.0,0.03,0.5,,,曇り,27.0,26.0,0.0,東,3.0,https://boatraceraid.jp/exhibition/?opdt=2026-09-15&rcoursecd=04&rno=10
20260915,平和島,10,2,5004,河野 主樹,A2,6.7,37.44,5.76,7.5,2.0,0.09,-0.5,,,曇り,27.0,26.0,0.0,東,3.0,https://boatraceraid.jp/exhibition/?opdt=2026-09-15&rcoursecd=04&rno=10
20260915,平和島,10,3,4651,佐藤 大騎,B1,6.79,38.7,6.14,7.6,3.0,0.28,0.0,,,曇り,27.0,26.0,0.0,東,3.0,https://boatraceraid.jp/exhibition/?opdt=2026-09-15&rcoursecd=04&rno=10
20260915,平和島,10,4,3747,國崎 良春,A2,6.79,37.83,6.14,7.66,4.0,0.03,0.0,,,曇り,27.0,26.0,0.0,東,3.0,https://boatraceraid.jp/exhibition/?opdt=2026-09-15&rcoursecd=04&rno=10
20260915,平和島,10,5,3800,牧 宏次,A2,6.86,37.93,5.78,7.67,5.0,0.05,-0.5,,,曇り,27.0,26.0,0.0,東,3.0,https://boatraceraid.jp/exhibition/?opdt=2026-09-15&rcoursecd=04&rno=10
20260915,平和島,10,6,4421,森作 広大,B1,6.99,38.08,5.77,7.7,6.0,0.1,-0.5,,,曇り,27.0,26.0,0.0,東,3.0,https://boatraceraid.jp/exhibition/?opdt=2026-09-15&rcoursecd=04&rno=10
20260915,平和島,11,1,4769,馬場 剛,A1,6.86,38.12,6.07,7.57,1.0,0.01,0.0,,,曇り,27.0,26.0,3.0,南,3.0,https://boatraceraid.jp/exhibition/?opdt=2026-09-15&rcoursecd=04&rno=11
20260915,平和島,11,2,4082,濱崎 誠,B1,6.83,38.13,5.93,7.6,2.0,0.27,0.0,,,曇り,27.0,26.0,3.0,南,3.0,https://boatraceraid.jp/exhibition/?opdt=2026-09-15&rcoursecd=04&rno=11
20260915,平和島,11,3,5105,富田 恕生,B1,6.79,38.0,6.17,7.5,3.0,0.18,0.0,,,曇り,27.0,26.0,3.0,南,3.0,https://boatraceraid.jp/exhibition/?opdt=2026-09-15&rcoursecd=04&rno=11
20260915,平和島,11,4,5023,久永 祥平,A2,6.77,37.6,6.04,7.7,4.0,0.04,0.0,,,曇り,27.0,26.0,3.0,南,3.0,https://boatraceraid.jp/exhibition/?opdt=2026-09-15&rcoursecd=04&rno=11
20260915,平和島,11,5,5104,山田 丈,A2,6.68,37.69,5.81,7.49,5.0,-0.01,0.0,,,曇り,27.0,26.0,3.0,南,3.0,https://boatraceraid.jp/exhibition/?opdt=2026-09-15&rcoursecd=04&rno=11
20260915,平和島,11,6,4377,濱本 優一,A1,6.74,37.75,5.6,7.53,6.0,0.18,0.0,,,曇り,27.0,26.0,3.0,南,3.0,https://boatraceraid.jp/exhibition/?opdt=2026-09-15&rcoursecd=04&rno=11
20260915,平和島,12,1,4659,木下 翔太,A1,6.7,37.47,5.63,7.53,1.0,0.1,0.0,,,曇り,27.0,26.0,2.0,南,3.0,https://boatraceraid.jp/exhibition/?opdt=2026-09-15&rcoursecd=04&rno=12
20260915,平和島,12,2,3385,渡邉 睦広,A2,6.59,37.83,5.9,7.53,2.0,0.18,-0.5,,,曇り,27.0,26.0,2.0,南,3.0,https://boatraceraid.jp/exhibition/?opdt=2026-09-15&rcoursecd=04&rno=12
20260915,平和島,12,3,5022,伊藤 尚汰,B1,6.73,38.0,5.73,7.53,3.0,0.19,0.0,,,曇り,27.0,26.0,2.0,南,3.0,https://boatraceraid.jp/exhibition/?opdt=2026-09-15&rcoursecd=04&rno=12
20260915,平和島,12,4,4288,永田 啓二,A1,6.86,37.6,5.63,7.57,4.0,0.02,0.5,,,曇り,27.0,26.0,2.0,南,3.0,https://boatraceraid.jp/exhibition/?opdt=2026-09-15&rcoursecd=04&rno=12
20260915,平和島,12,5,3963,原田 秀弥,A2,6.72,37.85,5.81,7.67,5.0,0.28,-0.5,,,曇り,27.0,26.0,2.0,南,3.0,https://boatraceraid.jp/exhibition/?opdt=2026-09-15&rcoursecd=04&rno=12
20260915,平和島,12,6,3857,阿波 勝哉,B1,6.74,38.23,6.37,7.7,6.0,0.24,2.0,,,曇り,27.0,26.0,2.0,南,3.0,https://boatraceraid.jp/exhibition/?opdt=2026-09-15&rcoursecd=04&rno=12
20260916,平和島,1,1,4976,金山 立樹,B1,6.75,37.1,5.67,7.41,1.0,0.05,-0.5,,,雨,22.0,26.0,3.0,北,3.0,https://boatraceraid.jp/exhibition/?opdt=2026-09-16&rcoursecd=04&rno=01
20260916,平和島,1,2,3951,石川 吉鎬,B1,6.85,37.56,5.67,7.5,2.0,0.11,0.0,,,雨,22.0,26.0,3.0,北,3.0,https://boatraceraid.jp/exhibition/?opdt=2026-09-16&rcoursecd=04&rno=01
20260916,平和島,1,3,5081,篠原 飛翔,A2,6.81,37.5,5.54,7.51,3.0,0.07,0.0,,,雨,22.0,26.0,3.0,北,3.0,https://boatraceraid.jp/exhibition/?opdt=2026-09-16&rcoursecd=04&rno=01
20260916,平和島,1,4,4880,澤崎 雄哉,B1,6.73,38.51,5.76,7.58,4.0,-0.02,0.0,,,雨,22.0,26.0,3.0,北,3.0,https://boatraceraid.jp/exhibition/?opdt=2026-09-16&rcoursecd=04&rno=01
20260916,平和島,1,5,3747,國崎 良春,A2,6.69,37.18,5.63,7.48,5.0,-0.07,0.0,,,雨,22.0,26.0,3.0,北,3.0,https://boatraceraid.jp/exhibition/?opdt=2026-09-16&rcoursecd=04&rno=01
20260916,平和島,1,6,4651,佐藤 大騎,B1,6.7,37.55,5.66,7.47,6.0,0.06,0.0,,,雨,22.0,26.0,3.0,北,3.0,https://boatraceraid.jp/exhibition/?opdt=2026-09-16&rcoursecd=04&rno=01
20260916,平和島,2,1,4272,大場 広孝,B1,6.72,37.1,5.56,7.5,1.0,0.14,0.0,,,雨,22.0,26.0,3.0,北,3.0,https://boatraceraid.jp/exhibition/?opdt=2026-09-16&rcoursecd=04&rno=02
20260916,平和島,2,2,4610,佐藤 大佑,A1,6.64,38.25,5.83,7.43,2.0,0.27,0.0,,,雨,22.0,26.0,3.0,北,3.0,https://boatraceraid.jp/exhibition/?opdt=2026-09-16&rcoursecd=04&rno=02
20260916,平和島,2,3,3385,渡邉 睦広,A2,6.58,37.35,5.75,7.43,3.0,0.14,-0.5,,,雨,22.0,26.0,3.0,北,3.0,https://boatraceraid.jp/exhibition/?opdt=2026-09-16&rcoursecd=04&rno=02
20260916,平和島,2,4,5393,藤原 駿,B2,6.82,38.06,5.57,7.44,4.0,0.1,-0.5,,,雨,22.0,26.0,3.0,北,3.0,https://boatraceraid.jp/exhibition/?opdt=2026-09-16&rcoursecd=04&rno=02
20260916,平和島,2,5,4200,早川 尚人,B1,6.7,37.56,5.7,7.47,5.0,-0.07,0.0,,,雨,22.0,26.0,3.0,北,3.0,https://boatraceraid.jp/exhibition/?opdt=2026-09-16&rcoursecd=04&rno=02
20260916,平和島,2,6,5022,伊藤 尚汰,B1,6.65,37.86,5.97,7.4,6.0,0.19,0.5,,,雨,22.0,26.0,3.0,北,3.0,https://boatraceraid.jp/exhibition/?opdt=2026-09-16&rcoursecd=04&rno=02
20260916,平和島,3,1,5237,永松 良教,B2,6.83,36.73,5.5,7.4,1.0,0.18,0.0,,,雨,22.0,26.0,0.0,東,3.0,https://boatraceraid.jp/exhibition/?opdt=2026-09-16&rcoursecd=04&rno=03
20260916,平和島,3,2,4377,濱本 優一,A1,6.8,38.08,5.55,7.43,2.0,-0.11,0.0,,,雨,22.0,26.0,0.0,東,3.0,https://boatraceraid.jp/exhibition/?opdt=2026-09-16&rcoursecd=04&rno=03
20260916,平和島,3,3,4769,馬場 剛,A1,6.85,38.48,5.82,7.43,3.0,-0.1,0.0,,,雨,22.0,26.0,0.0,東,3.0,https://boatraceraid.jp/exhibition/?opdt=2026-09-16&rcoursecd=04&rno=03
20260916,平和島,3,4,4422,永井 亮次,B1,6.82,38.11,5.82,7.43,4.0,0.03,0.0,,,雨,22.0,26.0,0.0,東,3.0,https://boatraceraid.jp/exhibition/?opdt=2026-09-16&rcoursecd=04&rno=03
20260916,平和島,3,5,3313,本吉 正樹,B1,6.61,37.8,6.03,7.37,5.0,-0.01,0.0,,,雨,22.0,26.0,0.0,東,3.0,https://boatraceraid.jp/exhibition/?opdt=2026-09-16&rcoursecd=04&rno=03
20260916,平和島,3,6,3564,桑原 啓,B1,6.61,37.33,6.1,7.37,6.0,0.41,0.0,,,雨,22.0,26.0,0.0,東,3.0,https://boatraceraid.jp/exhibition/?opdt=2026-09-16&rcoursecd=04&rno=03
20260916,平和島,4,1,3857,阿波 勝哉,B1,6.64,36.97,5.76,7.4,1.0,-0.1,0.0,,,雨,22.0,26.0,2.0,北,3.0,https://boatraceraid.jp/exhibition/?opdt=2026-09-16&rcoursecd=04&rno=04
20260916,平和島,4,2,5209,小野 京平,B1,6.76,37.32,5.62,7.46,2.0,0.13,0.0,,,雨,22.0,26.0,2.0,北,3.0,https://boatraceraid.jp/exhibition/?opdt=2026-09-16&rcoursecd=04&rno=04
20260916,平和島,4,3,4421,森作 広大,B1,6.71,37.72,5.74,7.46,3.0,-0.08,-0.5,,,雨,22.0,26.0,2.0,北,3.0,https://boatraceraid.jp/exhibition/?opdt=2026-09-16&rcoursecd=04&rno=04
20260916,平和島,4,4,3915,繁野谷 圭介,A2,6.77,37.47,5.59,7.33,4.0,0.06,0.0,,,雨,22.0,26.0,2.0,北,3.0,https://boatraceraid.jp/exhibition/?opdt=2026-09-16&rcoursecd=04&rno=04
20260916,平和島,4,5,4288,永田 啓二,A1,6.87,37.18,5.72,7.37,5.0,0.02,0.5,,,雨,22.0,26.0,2.0,北,3.0,https://boatraceraid.jp/exhibition/?opdt=2026-09-16&rcoursecd=04&rno=04
20260916,平和島,4,6,3432,宮迫 暢彦,B1,6.8,37.5,5.57,7.39,6.0,-0.01,0.0,,,雨,22.0,26.0,2.0,北,3.0,https://boatraceraid.jp/exhibition/?opdt=2026-09-16&rcoursecd=04&rno=04
20260916,平和島,5,1,4082,濱崎 誠,B1,6.82,37.32,5.64,7.49,1.0,-0.02,0.0,,,雨,22.0,26.0,3.0,北,3.0,https://boatraceraid.jp/exhibition/?opdt=2026-09-16&rcoursecd=04&rno=05
20260916,平和島,5,2,3904,森 貴洋,B1,6.59,37.09,5.6,7.4,2.0,0.13,0.0,,,雨,22.0,26.0,3.0,北,3.0,https://boatraceraid.jp/exhibition/?opdt=2026-09-16&rcoursecd=04&rno=05
20260916,平和島,5,3,4053,芦澤 望,A2,6.71,37.8,5.77,7.47,3.0,0.01,0.0,,,雨,22.0,26.0,3.0,北,3.0,https://boatraceraid.jp/exhibition/?opdt=2026-09-16&rcoursecd=04&rno=05
20260916,平和島,5,4,4932,新開 航,A1,6.78,37.72,5.78,7.4,4.0,0.04,0.5,,,雨,22.0,26.0,3.0,北,3.0,https://boatraceraid.jp/exhibition/?opdt=2026-09-16&rcoursecd=04&rno=05
20260916,平和島,5,5,5031,渡辺 空依,B1,6.77,37.73,5.67,7.44,5.0,-0.03,0.0,,,雨,22.0,26.0,3.0,北,3.0,https://boatraceraid.jp/exhibition/?opdt=2026-09-16&rcoursecd=04&rno=05
20260916,平和島,5,6,5424,熊倉 幹太,B2,6.78,38.23,6.04,7.4,6.0,-0.01,0.0,,,雨,22.0,26.0,3.0,北,3.0,https://boatraceraid.jp/exhibition/?opdt=2026-09-16&rcoursecd=04&rno=05
20260916,平和島,6,1,3105,内山 文典,B1,6.77,37.07,5.52,7.36,1.0,0.07,-0.5,,,雨,22.0,26.0,2.0,北,3.0,https://boatraceraid.jp/exhibition/?opdt=2026-09-16&rcoursecd=04&rno=06
20260916,平和島,6,2,4697,國弘 翔平,B1,6.81,38.07,5.8,7.4,2.0,-0.03,-0.5,,,雨,22.0,26.0,2.0,北,3.0,https://boatraceraid.jp/exhibition/?opdt=2026-09-16&rcoursecd=04&rno=06
20260916,平和島,6,3,4508,野間 大樹,A2,6.76,38.17,5.57,7.43,3.0,-0.01,0.0,,,雨,22.0,26.0,2.0,北,3.0,https://boatraceraid.jp/exhibition/?opdt=2026-09-16&rcoursecd=04&rno=06
20260916,平和島,6,4,4976,金山 立樹,B1,6.76,37.51,5.67,7.43,4.0,-0.09,-0.5,,,雨,22.0,26.0,2.0,北,3.0,https://boatraceraid.jp/exhibition/?opdt=2026-09-16&rcoursecd=04&rno=06
20260916,平和島,6,5,5004,河野 主樹,A2,6.65,36.76,5.51,7.37,5.0,0.06,-0.5,,,雨,22.0,26.0,2.0,北,3.0,https://boatraceraid.jp/exhibition/?opdt=2026-09-16&rcoursecd=04&rno=06
20260916,平和島,6,6,5104,山田 丈,A2,6.65,36.97,5.67,7.47,6.0,-0.06,0.0,,,雨,22.0,26.0,2.0,北,3.0,https://boatraceraid.jp/exhibition/?opdt=2026-09-16&rcoursecd=04&rno=06
20260916,平和島,7,1,3951,石川 吉鎬,B1,6.89,37.39,5.95,7.7,1.0,0.15,0.0,,,雨,22.0,26.0,3.0,北,3.0,https://boatraceraid.jp/exhibition/?opdt=2026-09-16&rcoursecd=04&rno=07
20260916,平和島,7,2,5023,久永 祥平,A2,6.86,37.57,5.77,7.57,2.0,0.16,-0.5,,,雨,22.0,26.0,3.0,北,3.0,https://boatraceraid.jp/exhibition/?opdt=2026-09-16&rcoursecd=04&rno=07
20260916,平和島,7,3,4180,上野 秀和,A2,6.72,37.42,5.65,7.43,3.0,-0.04,0.0,,,雨,22.0,26.0,3.0,北,3.0,https://boatraceraid.jp/exhibition/?opdt=2026-09-16&rcoursecd=04&rno=07
20260916,平和島,7,4,4659,木下 翔太,A1,6.74,37.8,5.77,7.5,4.0,0.19,0.0,,,雨,22.0,26.0,3.0,北,3.0,https://boatraceraid.jp/exhibition/?opdt=2026-09-16&rcoursecd=04&rno=07
20260916,平和島,7,5,4272,大場 広孝,B1,6.68,37.5,5.57,7.57,5.0,0.18,-0.5,,,雨,22.0,26.0,3.0,北,3.0,https://boatraceraid.jp/exhibition/?opdt=2026-09-16&rcoursecd=04&rno=07
20260916,平和島,7,6,3771,折下 寛法,B1,6.7,37.77,5.56,7.43,6.0,0.12,0.0,,,雨,22.0,26.0,3.0,北,3.0,https://boatraceraid.jp/exhibition/?opdt=2026-09-16&rcoursecd=04&rno=07
20260916,平和島,8,1,3963,原田 秀弥,A2,6.78,37.11,5.66,7.52,1.0,-0.09,-0.5,,,雨,22.0,26.0,2.0,北,3.0,https://boatraceraid.jp/exhibition/?opdt=2026-09-16&rcoursecd=04&rno=08
20260916,平和島,8,2,4880,澤崎 雄哉,B1,6.73,37.4,5.8,7.68,2.0,0.08,0.0,,,雨,22.0,26.0,2.0,北,3.0,https://boatraceraid.jp/exhibition/?opdt=2026-09-16&rcoursecd=04&rno=08
20260916,平和島,8,3,4367,山口 修路,B1,6.66,37.23,5.67,7.43,3.0,-0.1,0.0,,,雨,22.0,26.0,2.0,北,3.0,https://boatraceraid.jp/exhibition/?opdt=2026-09-16&rcoursecd=04&rno=08
20260916,平和島,8,4,5105,富田 恕生,B1,6.67,37.63,5.77,7.43,4.0,0.14,0.0,,,雨,22.0,26.0,2.0,北,3.0,https://boatraceraid.jp/exhibition/?opdt=2026-09-16&rcoursecd=04&rno=08
20260916,平和島,8,5,4769,馬場 剛,A1,6.71,38.02,5.8,7.43,5.0,0.06,0.0,,,雨,22.0,26.0,2.0,北,3.0,https://boatraceraid.jp/exhibition/?opdt=2026-09-16&rcoursecd=04&rno=08
20260916,平和島,8,6,5393,藤原 駿,B2,6.7,37.56,5.53,7.42,6.0,0.17,-0.5,,,雨,22.0,26.0,2.0,北,3.0,https://boatraceraid.jp/exhibition/?opdt=2026-09-16&rcoursecd=04&rno=08
20260916,平和島,9,1,3385,渡邉 睦広,A2,6.54,36.97,5.47,7.39,1.0,0.05,-0.5,,,雨,22.0,26.0,2.0,北,3.0,https://boatraceraid.jp/exhibition/?opdt=2026-09-16&rcoursecd=04&rno=09
20260916,平和島,9,2,5237,永松 良教,B2,6.59,37.09,5.6,7.33,2.0,0.01,0.0,,,雨,22.0,26.0,2.0,北,3.0,https://boatraceraid.jp/exhibition/?opdt=2026-09-16&rcoursecd=04&rno=09
20260916,平和島,9,3,3915,繁野谷 圭介,A2,6.79,37.6,5.67,7.4,3.0,0.12,0.0,,,雨,22.0,26.0,2.0,北,3.0,https://boatraceraid.jp/exhibition/?opdt=2026-09-16&rcoursecd=04&rno=09
20260916,平和島,9,4,3876,中辻 崇人,A1,6.56,36.87,5.76,7.4,4.0,0.08,0.5,,,雨,22.0,26.0,2.0,北,3.0,https://boatraceraid.jp/exhibition/?opdt=2026-09-16&rcoursecd=04&rno=09
20260916,平和島,9,5,5424,熊倉 幹太,B2,6.67,37.63,5.83,7.4,5.0,0.14,0.0,,,雨,22.0,26.0,2.0,北,3.0,https://boatraceraid.jp/exhibition/?opdt=2026-09-16&rcoursecd=04&rno=09
20260916,平和島,9,6,3107,平岡 重典,B1,6.7,38.01,5.95,7.49,6.0,0.17,-0.5,,,雨,22.0,26.0,2.0,北,3.0,https://boatraceraid.jp/exhibition/?opdt=2026-09-16&rcoursecd=04&rno=09
20260916,平和島,10,1,3747,國崎 良春,A2,6.71,37.24,5.56,7.4,1.0,-0.07,0.0,,,雨,22.0,26.0,5.0,北,3.0,https://boatraceraid.jp/exhibition/?opdt=2026-09-16&rcoursecd=04&rno=10
20260916,平和島,10,2,3313,本吉 正樹,B1,6.57,37.66,5.87,7.43,2.0,-0.13,0.0,,,雨,22.0,26.0,5.0,北,3.0,https://boatraceraid.jp/exhibition/?opdt=2026-09-16&rcoursecd=04&rno=10
20260916,平和島,10,3,3432,宮迫 暢彦,B1,6.7,37.39,5.69,7.43,3.0,0.01,0.0,,,雨,22.0,26.0,5.0,北,3.0,https://boatraceraid.jp/exhibition/?opdt=2026-09-16&rcoursecd=04&rno=10
20260916,平和島,10,4,5031,渡辺 空依,B1,6.6,37.35,5.72,7.5,4.0,-0.1,0.0,,,雨,22.0,26.0,5.0,北,3.0,https://boatraceraid.jp/exhibition/?opdt=2026-09-16&rcoursecd=04&rno=10
20260916,平和島,10,5,4610,佐藤 大佑,A1,6.53,38.13,5.8,7.53,5.0,-0.04,0.0,,,雨,22.0,26.0,5.0,北,3.0,https://boatraceraid.jp/exhibition/?opdt=2026-09-16&rcoursecd=04&rno=10
20260916,平和島,10,6,5004,河野 主樹,A2,6.58,36.72,5.53,7.53,6.0,0.1,-0.5,,,雨,22.0,26.0,5.0,北,3.0,https://boatraceraid.jp/exhibition/?opdt=2026-09-16&rcoursecd=04&rno=10
20260916,平和島,11,1,3439,大平 誉史明,A1,6.8,37.56,5.64,7.5,1.0,-0.01,0.0,,,雨,22.0,26.0,4.0,北,3.0,https://boatraceraid.jp/exhibition/?opdt=2026-09-16&rcoursecd=04&rno=11
20260916,平和島,11,2,4288,永田 啓二,A1,6.85,37.97,5.63,7.47,2.0,-0.09,0.5,,,雨,22.0,26.0,4.0,北,3.0,https://boatraceraid.jp/exhibition/?opdt=2026-09-16&rcoursecd=04&rno=11
20260916,平和島,11,3,4697,國弘 翔平,B1,6.87,38.37,5.97,7.5,3.0,0.07,-0.5,,,雨,22.0,26.0,4.0,北,3.0,https://boatraceraid.jp/exhibition/?opdt=2026-09-16&rcoursecd=04&rno=11
20260916,平和島,11,4,4053,芦澤 望,A2,6.87,37.94,5.67,7.57,4.0,-0.09,0.0,,,雨,22.0,26.0,4.0,北,3.0,https://boatraceraid.jp/exhibition/?opdt=2026-09-16&rcoursecd=04&rno=11
20260916,平和島,11,5,4651,佐藤 大騎,B1,6.73,37.73,5.71,7.4,5.0,0.01,0.0,,,雨,22.0,26.0,4.0,北,3.0,https://boatraceraid.jp/exhibition/?opdt=2026-09-16&rcoursecd=04&rno=11
20260916,平和島,11,6,5023,久永 祥平,A2,6.7,38.36,5.73,7.43,6.0,0.06,-0.5,,,雨,22.0,26.0,4.0,北,3.0,https://boatraceraid.jp/exhibition/?opdt=2026-09-16&rcoursecd=04&rno=11
20260916,平和島,12,1,4932,新開 航,A1,6.62,37.02,5.63,7.43,1.0,0.06,0.0,,,雨,22.0,26.0,3.0,北,3.0,https://boatraceraid.jp/exhibition/?opdt=2026-09-16&rcoursecd=04&rno=12
20260916,平和島,12,2,4508,野間 大樹,A2,6.77,37.3,5.7,7.57,2.0,0.04,-0.5,,,雨,22.0,26.0,3.0,北,3.0,https://boatraceraid.jp/exhibition/?opdt=2026-09-16&rcoursecd=04&rno=12
20260916,平和島,12,3,4377,濱本 優一,A1,6.69,38.29,5.71,7.5,3.0,-0.04,0.0,,,雨,22.0,26.0,3.0,北,3.0,https://boatraceraid.jp/exhibition/?opdt=2026-09-16&rcoursecd=04&rno=12
20260916,平和島,12,4,4421,森作 広大,B1,6.7,37.76,5.77,7.5,4.0,0.04,0.0,,,雨,22.0,26.0,3.0,北,3.0,https://boatraceraid.jp/exhibition/?opdt=2026-09-16&rcoursecd=04&rno=12
20260916,平和島,12,5,3771,折下 寛法,B1,6.66,37.46,5.84,7.43,5.0,0.01,0.0,,,雨,22.0,26.0,3.0,北,3.0,https://boatraceraid.jp/exhibition/?opdt=2026-09-16&rcoursecd=04&rno=12
20260916,平和島,12,6,5081,篠原 飛翔,A2,6.66,37.63,5.77,7.43,6.0,0.02,0.0,,,雨,22.0,26.0,3.0,北,3.0,https://boatraceraid.jp/exhibition/?opdt=2026-09-16&rcoursecd=04&rno=12
20260917,平和島,1,1,5022,伊藤 尚汰,B1,6.68,37.35,5.68,7.33,1.0,0.02,-0.5,,,晴,22.0,25.0,5.0,北,4.0,https://boatraceraid.jp/exhibition/?opdt=2026-09-17&rcoursecd=04&rno=01
20260917,平和島,1,2,3857,阿波 勝哉,B1,6.65,37.63,5.7,7.36,2.0,0.03,0.0,,,晴,22.0,25.0,5.0,北,4.0,https://boatraceraid.jp/exhibition/?opdt=2026-09-17&rcoursecd=04&rno=01
20260917,平和島,1,3,4082,濱崎 誠,B1,6.67,38.73,5.73,7.44,3.0,-0.09,-0.5,,,晴,22.0,25.0,5.0,北,4.0,https://boatraceraid.jp/exhibition/?opdt=2026-09-17&rcoursecd=04&rno=01
20260917,平和島,1,4,3107,平岡 重典,B1,6.71,38.31,5.66,7.42,4.0,0.18,0.0,,,晴,22.0,25.0,5.0,北,4.0,https://boatraceraid.jp/exhibition/?opdt=2026-09-17&rcoursecd=04&rno=01
20260917,平和島,1,5,4053,芦澤 望,A2,6.68,37.87,5.7,7.38,5.0,0.05,0.0,,,晴,22.0,25.0,5.0,北,4.0,https://boatraceraid.jp/exhibition/?opdt=2026-09-17&rcoursecd=04&rno=01
20260917,平和島,1,6,4697,國弘 翔平,B1,6.69,37.97,5.67,7.4,6.0,0.13,0.0,,,晴,22.0,25.0,5.0,北,4.0,https://boatraceraid.jp/exhibition/?opdt=2026-09-17&rcoursecd=04&rno=01
20260917,平和島,2,1,4200,早川 尚人,B1,6.67,37.3,5.55,7.27,1.0,0.23,0.0,,,晴,22.0,25.0,5.0,北,4.0,https://boatraceraid.jp/exhibition/?opdt=2026-09-17&rcoursecd=04&rno=02
20260917,平和島,2,2,3876,中辻 崇人,A1,6.63,36.57,5.47,7.37,2.0,0.17,0.5,,,晴,22.0,25.0,5.0,北,4.0,https://boatraceraid.jp/exhibition/?opdt=2026-09-17&rcoursecd=04&rno=02
20260917,平和島,2,3,3564,桑原 啓,B1,6.64,37.03,5.55,7.34,3.0,0.01,0.0,,,晴,22.0,25.0,5.0,北,4.0,https://boatraceraid.jp/exhibition/?opdt=2026-09-17&rcoursecd=04&rno=02
20260917,平和島,2,4,5424,熊倉 幹太,B2,6.63,37.64,5.77,7.41,4.0,0.21,0.0,,,晴,22.0,25.0,5.0,北,4.0,https://boatraceraid.jp/exhibition/?opdt=2026-09-17&rcoursecd=04&rno=02
20260917,平和島,2,5,3963,原田 秀弥,A2,6.77,37.32,5.83,7.36,5.0,0.1,0.0,,,晴,22.0,25.0,5.0,北,4.0,https://boatraceraid.jp/exhibition/?opdt=2026-09-17&rcoursecd=04&rno=02
20260917,平和島,2,6,4880,澤崎 雄哉,B1,6.73,37.65,5.98,7.49,6.0,0.12,0.0,,,晴,22.0,25.0,5.0,北,4.0,https://boatraceraid.jp/exhibition/?opdt=2026-09-17&rcoursecd=04&rno=02
20260917,平和島,3,1,4367,山口 修路,B1,6.75,37.3,5.57,7.45,1.0,0.11,0.0,,,晴,22.0,25.0,4.0,北,4.0,https://boatraceraid.jp/exhibition/?opdt=2026-09-17&rcoursecd=04&rno=03
20260917,平和島,3,2,4180,上野 秀和,A2,6.71,37.27,5.6,7.34,2.0,-0.27,0.0,,,晴,22.0,25.0,4.0,北,4.0,https://boatraceraid.jp/exhibition/?opdt=2026-09-17&rcoursecd=04&rno=03
20260917,平和島,3,3,5253,藤井 太雅,B2,6.88,37.81,5.69,7.4,3.0,-0.01,-0.5,,,晴,22.0,25.0,4.0,北,4.0,https://boatraceraid.jp/exhibition/?opdt=2026-09-17&rcoursecd=04&rno=03
20260917,平和島,3,4,4610,佐藤 大佑,A1,6.56,38.2,5.7,7.4,4.0,-0.01,0.0,,,晴,22.0,25.0,4.0,北,4.0,https://boatraceraid.jp/exhibition/?opdt=2026-09-17&rcoursecd=04&rno=03
20260917,平和島,3,5,4422,永井 亮次,B1,6.81,37.73,5.77,7.35,5.0,-0.01,0.0,,,晴,22.0,25.0,4.0,北,4.0,https://boatraceraid.jp/exhibition/?opdt=2026-09-17&rcoursecd=04&rno=03
20260917,平和島,3,6,5393,藤原 駿,B2,6.7,37.61,5.69,7.49,6.0,-0.02,-0.5,,,晴,22.0,25.0,4.0,北,4.0,https://boatraceraid.jp/exhibition/?opdt=2026-09-17&rcoursecd=04&rno=03
20260917,平和島,4,1,4421,森作 広大,B1,6.67,37.2,5.84,7.43,1.0,0.08,-0.5,,,晴,23.0,25.0,4.0,北,4.0,https://boatraceraid.jp/exhibition/?opdt=2026-09-17&rcoursecd=04&rno=04
20260917,平和島,4,2,3439,大平 誉史明,A1,6.82,37.82,5.84,7.52,2.0,-0.01,-0.5,,,晴,23.0,25.0,4.0,北,4.0,https://boatraceraid.jp/exhibition/?opdt=2026-09-17&rcoursecd=04&rno=04
20260917,平和島,4,3,5237,永松 良教,B2,6.83,37.04,5.73,7.43,3.0,-0.02,0.0,,,晴,23.0,25.0,4.0,北,4.0,https://boatraceraid.jp/exhibition/?opdt=2026-09-17&rcoursecd=04&rno=04
20260917,平和島,4,4,3105,内山 文典,B1,6.9,37.51,5.79,7.4,4.0,0.06,0.0,,,晴,23.0,25.0,4.0,北,4.0,https://boatraceraid.jp/exhibition/?opdt=2026-09-17&rcoursecd=04&rno=04
20260917,平和島,4,5,5105,富田 恕生,B1,6.82,37.77,5.48,7.44,5.0,0.01,0.0,,,晴,23.0,25.0,4.0,北,4.0,https://boatraceraid.jp/exhibition/?opdt=2026-09-17&rcoursecd=04&rno=04
20260917,平和島,4,6,3915,繁野谷 圭介,A2,6.84,37.73,5.93,7.4,6.0,0.12,0.0,,,晴,23.0,25.0,4.0,北,4.0,https://boatraceraid.jp/exhibition/?opdt=2026-09-17&rcoursecd=04&rno=04
20260917,平和島,5,1,5031,渡辺 空依,B1,6.59,36.87,5.6,7.42,1.0,-0.02,0.0,,,曇り,23.0,25.0,4.0,北東,3.0,https://boatraceraid.jp/exhibition/?opdt=2026-09-17&rcoursecd=04&rno=05
20260917,平和島,5,2,3771,折下 寛法,B1,6.67,36.95,5.83,7.37,2.0,0.19,0.0,,,曇り,23.0,25.0,4.0,北東,3.0,https://boatraceraid.jp/exhibition/?opdt=2026-09-17&rcoursecd=04&rno=05
20260917,平和島,5,3,5104,山田 丈,A2,6.68,36.98,5.85,7.33,3.0,0.04,0.0,,,曇り,23.0,25.0,4.0,北東,3.0,https://boatraceraid.jp/exhibition/?opdt=2026-09-17&rcoursecd=04&rno=05
20260917,平和島,5,4,3432,宮迫 暢彦,B1,6.75,37.03,5.7,7.47,4.0,-0.01,0.0,,,曇り,23.0,25.0,4.0,北東,3.0,https://boatraceraid.jp/exhibition/?opdt=2026-09-17&rcoursecd=04&rno=05
20260917,平和島,5,5,3385,渡邉 睦広,A2,6.86,37.54,5.63,7.47,5.0,0.04,-0.5,,,曇り,23.0,25.0,4.0,北東,3.0,https://boatraceraid.jp/exhibition/?opdt=2026-09-17&rcoursecd=04&rno=05
20260917,平和島,5,6,4508,野間 大樹,A2,6.75,38.17,5.6,7.53,6.0,0.13,-0.5,,,曇り,23.0,25.0,4.0,北東,3.0,https://boatraceraid.jp/exhibition/?opdt=2026-09-17&rcoursecd=04&rno=05
20260917,平和島,6,1,3904,森 貴洋,B1,6.6,37.13,5.47,7.38,1.0,0.17,0.0,,,曇り,23.0,25.0,3.0,北,3.0,https://boatraceraid.jp/exhibition/?opdt=2026-09-17&rcoursecd=04&rno=06
20260917,平和島,6,2,4651,佐藤 大騎,B1,6.69,37.88,5.57,7.43,2.0,0.32,0.0,,,曇り,23.0,25.0,3.0,北,3.0,https://boatraceraid.jp/exhibition/?opdt=2026-09-17&rcoursecd=04&rno=06
20260917,平和島,6,3,5023,久永 祥平,A2,6.71,37.33,5.57,7.33,3.0,0.33,-0.5,,,曇り,23.0,25.0,3.0,北,3.0,https://boatraceraid.jp/exhibition/?opdt=2026-09-17&rcoursecd=04&rno=06
20260917,平和島,6,4,4932,新開 航,A1,6.66,38.0,5.74,7.4,4.0,0.18,0.0,,,曇り,23.0,25.0,3.0,北,3.0,https://boatraceraid.jp/exhibition/?opdt=2026-09-17&rcoursecd=04&rno=06
20260917,平和島,6,5,5022,伊藤 尚汰,B1,6.63,38.43,5.62,7.33,5.0,0.11,0.0,,,曇り,23.0,25.0,3.0,北,3.0,https://boatraceraid.jp/exhibition/?opdt=2026-09-17&rcoursecd=04&rno=06
20260917,平和島,6,6,4976,金山 立樹,B1,6.65,37.56,5.7,7.37,6.0,0.05,-0.5,,,曇り,23.0,25.0,3.0,北,3.0,https://boatraceraid.jp/exhibition/?opdt=2026-09-17&rcoursecd=04&rno=06
20260917,平和島,7,1,5081,篠原 飛翔,A2,6.77,37.0,5.6,7.37,1.0,-0.04,0.0,,,晴,23.0,25.0,4.0,北,3.0,https://boatraceraid.jp/exhibition/?opdt=2026-09-17&rcoursecd=04&rno=07
20260917,平和島,7,2,4659,木下 翔太,A1,6.7,37.61,5.7,7.42,2.0,0.02,0.0,,,晴,23.0,25.0,4.0,北,3.0,https://boatraceraid.jp/exhibition/?opdt=2026-09-17&rcoursecd=04&rno=07
20260917,平和島,7,3,5209,小野 京平,B1,6.78,37.93,5.7,7.39,3.0,0.02,0.0,,,晴,23.0,25.0,4.0,北,3.0,https://boatraceraid.jp/exhibition/?opdt=2026-09-17&rcoursecd=04&rno=07
20260917,平和島,7,4,5253,藤井 太雅,B2,6.85,37.86,5.64,7.5,4.0,0.01,-0.5,,,晴,23.0,25.0,4.0,北,3.0,https://boatraceraid.jp/exhibition/?opdt=2026-09-17&rcoursecd=04&rno=07
20260917,平和島,7,5,3107,平岡 重典,B1,6.8,37.5,5.93,7.57,5.0,0.09,-0.5,,,晴,23.0,25.0,4.0,北,3.0,https://boatraceraid.jp/exhibition/?opdt=2026-09-17&rcoursecd=04&rno=07
20260917,平和島,7,6,5424,熊倉 幹太,B2,6.68,37.77,5.67,7.5,6.0,0.06,0.0,,,晴,23.0,25.0,4.0,北,3.0,https://boatraceraid.jp/exhibition/?opdt=2026-09-17&rcoursecd=04&rno=07
20260917,平和島,8,1,3313,本吉 正樹,B1,6.59,37.03,5.87,7.31,1.0,-0.08,0.0,,,晴,24.0,25.0,3.0,北,3.0,https://boatraceraid.jp/exhibition/?opdt=2026-09-17&rcoursecd=04&rno=08
20260917,平和島,8,2,4421,森作 広大,B1,6.7,37.57,5.8,7.56,2.0,-0.04,-0.5,,,晴,24.0,25.0,3.0,北,3.0,https://boatraceraid.jp/exhibition/?opdt=2026-09-17&rcoursecd=04&rno=08
20260917,平和島,8,3,4200,早川 尚人,B1,6.75,37.33,5.83,7.37,3.0,0.16,0.0,,,晴,24.0,25.0,3.0,北,3.0,https://boatraceraid.jp/exhibition/?opdt=2026-09-17&rcoursecd=04&rno=08
20260917,平和島,8,4,3951,石川 吉鎬,B1,6.74,37.44,5.83,7.52,4.0,0.01,-0.5,,,晴,24.0,25.0,3.0,北,3.0,https://boatraceraid.jp/exhibition/?opdt=2026-09-17&rcoursecd=04&rno=08
20260917,平和島,8,5,4180,上野 秀和,A2,6.65,37.1,5.7,7.34,5.0,-0.04,0.0,,,晴,24.0,25.0,3.0,北,3.0,https://boatraceraid.jp/exhibition/?opdt=2026-09-17&rcoursecd=04&rno=08
20260917,平和島,8,6,3747,國崎 良春,A2,6.8,37.47,5.7,7.43,6.0,-0.05,0.0,,,晴,24.0,25.0,3.0,北,3.0,https://boatraceraid.jp/exhibition/?opdt=2026-09-17&rcoursecd=04&rno=08
20260917,平和島,9,1,4610,佐藤 大佑,A1,6.56,37.97,5.83,7.43,1.0,-0.01,0.0,,,晴,24.0,25.0,3.0,北,3.0,https://boatraceraid.jp/exhibition/?opdt=2026-09-17&rcoursecd=04&rno=09
20260917,平和島,9,2,3564,桑原 啓,B1,6.58,37.1,5.67,7.43,2.0,-0.07,0.0,,,晴,24.0,25.0,3.0,北,3.0,https://boatraceraid.jp/exhibition/?opdt=2026-09-17&rcoursecd=04&rno=09
20260917,平和島,9,3,4377,濱本 優一,A1,6.66,37.84,5.63,7.4,3.0,-0.01,0.0,,,晴,24.0,25.0,3.0,北,3.0,https://boatraceraid.jp/exhibition/?opdt=2026-09-17&rcoursecd=04&rno=09
20260917,平和島,9,4,5104,山田 丈,A2,6.61,37.13,5.73,7.37,4.0,-0.03,0.0,,,晴,24.0,25.0,3.0,北,3.0,https://boatraceraid.jp/exhibition/?opdt=2026-09-17&rcoursecd=04&rno=09
20260917,平和島,9,5,3105,内山 文典,B1,6.67,37.27,5.83,7.37,5.0,0.07,0.0,,,晴,24.0,25.0,3.0,北,3.0,https://boatraceraid.jp/exhibition/?opdt=2026-09-17&rcoursecd=04&rno=09
20260917,平和島,9,6,4082,濱崎 誠,B1,6.65,37.53,5.87,7.47,6.0,0.06,0.0,,,晴,24.0,25.0,3.0,北,3.0,https://boatraceraid.jp/exhibition/?opdt=2026-09-17&rcoursecd=04&rno=09
20260917,平和島,10,1,5004,河野 主樹,A2,6.78,36.37,5.53,7.3,1.0,0.14,-0.5,,,晴,24.0,25.0,3.0,北,3.0,https://boatraceraid.jp/exhibition/?opdt=2026-09-17&rcoursecd=04&rno=10
20260917,平和島,10,2,4932,新開 航,A1,6.77,37.47,5.57,7.33,2.0,0.24,0.0,,,晴,24.0,25.0,3.0,北,3.0,https://boatraceraid.jp/exhibition/?opdt=2026-09-17&rcoursecd=04&rno=10
20260917,平和島,10,3,3771,折下 寛法,B1,6.74,37.86,5.67,7.3,3.0,0.2,0.0,,,晴,24.0,25.0,3.0,北,3.0,https://boatraceraid.jp/exhibition/?opdt=2026-09-17&rcoursecd=04&rno=10
20260917,平和島,10,4,3439,大平 誉史明,A1,6.87,38.86,5.88,7.5,4.0,0.15,0.0,,,晴,24.0,25.0,3.0,北,3.0,https://boatraceraid.jp/exhibition/?opdt=2026-09-17&rcoursecd=04&rno=10
20260917,平和島,10,5,4367,山口 修路,B1,6.67,37.61,5.79,7.4,5.0,0.15,0.0,,,晴,24.0,25.0,3.0,北,3.0,https://boatraceraid.jp/exhibition/?opdt=2026-09-17&rcoursecd=04&rno=10
20260917,平和島,10,6,3857,阿波 勝哉,B1,6.75,37.6,5.6,7.47,6.0,0.18,0.0,,,晴,24.0,25.0,3.0,北,3.0,https://boatraceraid.jp/exhibition/?opdt=2026-09-17&rcoursecd=04&rno=10
20260917,平和島,11,1,4769,馬場 剛,A1,6.69,37.17,5.93,7.43,1.0,0.2,0.0,,,晴,24.0,25.0,2.0,北,3.0,https://boatraceraid.jp/exhibition/?opdt=2026-09-17&rcoursecd=04&rno=11
20260917,平和島,11,2,3963,原田 秀弥,A2,6.78,37.67,5.97,7.43,2.0,0.31,-0.5,,,晴,24.0,25.0,2.0,北,3.0,https://boatraceraid.jp/exhibition/?opdt=2026-09-17&rcoursecd=04&rno=11
20260917,平和島,11,3,3385,渡邉 睦広,A2,6.63,37.63,5.7,7.43,3.0,0.11,-0.5,,,晴,24.0,25.0,2.0,北,3.0,https://boatraceraid.jp/exhibition/?opdt=2026-09-17&rcoursecd=04&rno=11
20260917,平和島,11,4,4272,大場 広孝,B1,6.63,37.47,5.57,7.53,4.0,0.1,-0.5,,,晴,24.0,25.0,2.0,北,3.0,https://boatraceraid.jp/exhibition/?opdt=2026-09-17&rcoursecd=04&rno=11
20260917,平和島,11,5,3904,森 貴洋,B1,6.59,37.33,5.83,7.33,5.0,0.14,0.0,,,晴,24.0,25.0,2.0,北,3.0,https://boatraceraid.jp/exhibition/?opdt=2026-09-17&rcoursecd=04&rno=11
20260917,平和島,11,6,4288,永田 啓二,A1,6.64,37.9,5.7,7.4,6.0,0.03,1.5,,,晴,24.0,25.0,2.0,北,3.0,https://boatraceraid.jp/exhibition/?opdt=2026-09-17&rcoursecd=04&rno=11
20260917,平和島,12,1,4659,木下 翔太,A1,6.65,37.0,5.6,7.43,1.0,-0.01,0.0,,,晴,24.0,25.0,2.0,北,3.0,https://boatraceraid.jp/exhibition/?opdt=2026-09-17&rcoursecd=04&rno=12
20260917,平和島,12,2,4053,芦澤 望,A2,6.65,37.5,5.7,7.5,2.0,0.05,0.0,,,晴,24.0,25.0,2.0,北,3.0,https://boatraceraid.jp/exhibition/?opdt=2026-09-17&rcoursecd=04&rno=12
20260917,平和島,12,3,4422,永井 亮次,B1,6.76,37.83,5.67,7.47,3.0,0.08,0.0,,,晴,24.0,25.0,2.0,北,3.0,https://boatraceraid.jp/exhibition/?opdt=2026-09-17&rcoursecd=04&rno=12
20260917,平和島,12,4,3876,中辻 崇人,A1,6.72,37.27,5.6,7.37,4.0,0.41,0.5,,,晴,24.0,25.0,2.0,北,3.0,https://boatraceraid.jp/exhibition/?opdt=2026-09-17&rcoursecd=04&rno=12
20260917,平和島,12,5,5023,久永 祥平,A2,6.73,37.73,5.67,7.47,5.0,0.07,-0.5,,,晴,24.0,25.0,2.0,北,3.0,https://boatraceraid.jp/exhibition/?opdt=2026-09-17&rcoursecd=04&rno=12
20260917,平和島,12,6,5105,富田 恕生,B1,6.77,37.07,5.53,7.4,6.0,0.02,0.0,,,晴,24.0,25.0,2.0,北,3.0,https://boatraceraid.jp/exhibition/?opdt=2026-09-17&rcoursecd=04&rno=12
20260918,平和島,1,1,3857,阿波 勝哉,B1,6.64,36.93,5.73,7.33,1.0,0.02,0.0,,,曇り,23.0,25.0,5.0,北,3.0,https://boatraceraid.jp/exhibition/?opdt=2026-09-18&rcoursecd=04&rno=01
20260918,平和島,1,2,4651,佐藤 大騎,B1,6.67,37.53,5.63,7.47,2.0,-0.01,0.0,,,曇り,23.0,25.0,5.0,北,3.0,https://boatraceraid.jp/exhibition/?opdt=2026-09-18&rcoursecd=04&rno=01
20260918,平和島,1,3,4880,澤崎 雄哉,B1,6.74,37.73,5.87,7.53,3.0,0.09,0.0,,,曇り,23.0,25.0,5.0,北,3.0,https://boatraceraid.jp/exhibition/?opdt=2026-09-18&rcoursecd=04&rno=01
20260918,平和島,1,4,5237,永松 良教,B2,6.81,37.53,5.54,7.43,4.0,0.1,0.0,,,曇り,23.0,25.0,5.0,北,3.0,https://boatraceraid.jp/exhibition/?opdt=2026-09-18&rcoursecd=04&rno=01
20260918,平和島,1,5,5104,山田 丈,A2,6.62,36.89,5.64,7.3,5.0,0.01,0.0,,,曇り,23.0,25.0,5.0,北,3.0,https://boatraceraid.jp/exhibition/?opdt=2026-09-18&rcoursecd=04&rno=01
20260918,平和島,1,6,5393,藤原 駿,B2,6.57,37.01,5.85,7.37,6.0,0.08,-0.5,,,曇り,23.0,25.0,5.0,北,3.0,https://boatraceraid.jp/exhibition/?opdt=2026-09-18&rcoursecd=04&rno=01
20260918,平和島,2,1,4082,濱崎 誠,B1,6.67,37.6,5.83,7.43,1.0,0.07,0.0,,,曇り,23.0,25.0,5.0,北,3.0,https://boatraceraid.jp/exhibition/?opdt=2026-09-18&rcoursecd=04&rno=02
20260918,平和島,2,2,4367,山口 修路,B1,6.58,38.12,5.56,7.37,2.0,-0.01,0.0,,,曇り,23.0,25.0,5.0,北,3.0,https://boatraceraid.jp/exhibition/?opdt=2026-09-18&rcoursecd=04&rno=02
20260918,平和島,2,3,4508,野間 大樹,A2,6.68,37.15,5.63,7.4,3.0,0.01,-0.5,,,曇り,23.0,25.0,5.0,北,3.0,https://boatraceraid.jp/exhibition/?opdt=2026-09-18&rcoursecd=04&rno=02
20260918,平和島,2,4,3432,宮迫 暢彦,B1,6.64,37.9,5.5,7.4,4.0,0.11,0.0,,,曇り,23.0,25.0,5.0,北,3.0,https://boatraceraid.jp/exhibition/?opdt=2026-09-18&rcoursecd=04&rno=02
20260918,平和島,2,5,5022,伊藤 尚汰,B1,6.69,37.56,5.63,7.41,5.0,0.09,-0.5,,,曇り,23.0,25.0,5.0,北,3.0,https://boatraceraid.jp/exhibition/?opdt=2026-09-18&rcoursecd=04&rno=02
20260918,平和島,2,6,4610,佐藤 大佑,A1,6.49,37.75,5.76,7.37,6.0,0.07,0.0,,,曇り,23.0,25.0,5.0,北,3.0,https://boatraceraid.jp/exhibition/?opdt=2026-09-18&rcoursecd=04&rno=02
20260918,平和島,3,1,4200,早川 尚人,B1,6.67,37.45,5.55,7.36,1.0,0.18,0.0,,,晴,23.0,25.0,4.0,北,3.0,https://boatraceraid.jp/exhibition/?opdt=2026-09-18&rcoursecd=04&rno=03
20260918,平和島,3,2,5253,藤井 太雅,B2,6.75,38.06,5.47,7.47,2.0,0.36,-0.5,,,晴,23.0,25.0,4.0,北,3.0,https://boatraceraid.jp/exhibition/?opdt=2026-09-18&rcoursecd=04&rno=03
20260918,平和島,3,3,4377,濱本 優一,A1,6.68,37.57,5.6,7.5,3.0,0.2,0.0,,,晴,23.0,25.0,4.0,北,3.0,https://boatraceraid.jp/exhibition/?opdt=2026-09-18&rcoursecd=04&rno=03
20260918,平和島,3,4,5004,河野 主樹,A2,6.71,36.98,5.89,7.27,4.0,0.22,-0.5,,,晴,23.0,25.0,4.0,北,3.0,https://boatraceraid.jp/exhibition/?opdt=2026-09-18&rcoursecd=04&rno=03
20260918,平和島,3,5,4272,大場 広孝,B1,6.56,37.03,5.59,7.43,5.0,0.23,-0.5,,,晴,23.0,25.0,4.0,北,3.0,https://boatraceraid.jp/exhibition/?opdt=2026-09-18&rcoursecd=04&rno=03
20260918,平和島,3,6,4421,森作 広大,B1,6.62,37.5,5.64,7.48,6.0,0.12,-0.5,,,晴,23.0,25.0,4.0,北,3.0,https://boatraceraid.jp/exhibition/?opdt=2026-09-18&rcoursecd=04&rno=03
20260918,平和島,4,1,3904,森 貴洋,B1,6.58,36.74,5.54,7.35,1.0,0.13,0.0,,,曇り,23.0,25.0,4.0,北,3.0,https://boatraceraid.jp/exhibition/?opdt=2026-09-18&rcoursecd=04&rno=04
20260918,平和島,4,2,3107,平岡 重典,B1,6.72,37.42,5.57,7.48,2.0,0.09,-0.5,,,曇り,23.0,25.0,4.0,北,3.0,https://boatraceraid.jp/exhibition/?opdt=2026-09-18&rcoursecd=04&rno=04
20260918,平和島,4,3,3915,繁野谷 圭介,A2,6.65,37.14,5.67,7.33,3.0,0.09,0.0,,,曇り,23.0,25.0,4.0,北,3.0,https://boatraceraid.jp/exhibition/?opdt=2026-09-18&rcoursecd=04&rno=04
20260918,平和島,4,4,3747,國崎 良春,A2,6.69,37.08,5.76,7.47,4.0,0.22,0.0,,,曇り,23.0,25.0,4.0,北,3.0,https://boatraceraid.jp/exhibition/?opdt=2026-09-18&rcoursecd=04&rno=04
20260918,平和島,4,5,5209,小野 京平,B1,6.65,37.41,5.52,7.48,5.0,0.18,0.0,,,曇り,23.0,25.0,4.0,北,3.0,https://boatraceraid.jp/exhibition/?opdt=2026-09-18&rcoursecd=04&rno=04
20260918,平和島,4,6,3876,中辻 崇人,A1,6.49,36.89,5.57,7.36,6.0,0.07,0.5,,,曇り,23.0,25.0,4.0,北,3.0,https://boatraceraid.jp/exhibition/?opdt=2026-09-18&rcoursecd=04&rno=04
20260918,平和島,5,1,4180,上野 秀和,A2,6.65,37.35,5.72,7.37,1.0,0.07,0.0,,,曇り,23.0,25.0,5.0,北,3.0,https://boatraceraid.jp/exhibition/?opdt=2026-09-18&rcoursecd=04&rno=05
20260918,平和島,5,2,3385,渡邉 睦広,A2,6.51,37.94,5.69,7.47,2.0,0.1,-0.5,,,曇り,23.0,25.0,5.0,北,3.0,https://boatraceraid.jp/exhibition/?opdt=2026-09-18&rcoursecd=04&rno=05
20260918,平和島,5,3,3771,折下 寛法,B1,6.68,37.73,5.7,7.43,3.0,0.31,0.0,,,曇り,23.0,25.0,5.0,北,3.0,https://boatraceraid.jp/exhibition/?opdt=2026-09-18&rcoursecd=04&rno=05
20260918,平和島,5,4,4422,永井 亮次,B1,6.72,38.01,5.54,7.43,4.0,0.16,0.0,,,曇り,23.0,25.0,5.0,北,3.0,https://boatraceraid.jp/exhibition/?opdt=2026-09-18&rcoursecd=04&rno=05
20260918,平和島,5,5,4288,永田 啓二,A1,6.85,37.86,5.87,7.33,5.0,0.04,0.5,,,曇り,23.0,25.0,5.0,北,3.0,https://boatraceraid.jp/exhibition/?opdt=2026-09-18&rcoursecd=04&rno=05
20260918,平和島,5,6,3564,桑原 啓,B1,6.58,38.43,5.67,7.4,6.0,0.08,0.0,,,曇り,23.0,25.0,5.0,北,3.0,https://boatraceraid.jp/exhibition/?opdt=2026-09-18&rcoursecd=04&rno=05
20260918,平和島,6,1,5031,渡辺 空依,B1,6.62,37.25,5.79,7.4,1.0,0.02,0.0,,,曇り,23.0,25.0,5.0,北,3.0,https://boatraceraid.jp/exhibition/?opdt=2026-09-18&rcoursecd=04&rno=06
20260918,平和島,6,2,3963,原田 秀弥,A2,6.83,37.4,5.77,7.37,2.0,-0.02,0.0,,,曇り,23.0,25.0,5.0,北,3.0,https://boatraceraid.jp/exhibition/?opdt=2026-09-18&rcoursecd=04&rno=06
20260918,平和島,6,3,3857,阿波 勝哉,B1,6.69,37.68,5.8,7.57,3.0,0.16,0.0,,,曇り,23.0,25.0,5.0,北,3.0,https://boatraceraid.jp/exhibition/?opdt=2026-09-18&rcoursecd=04&rno=06
20260918,平和島,6,4,5081,篠原 飛翔,A2,6.56,37.42,6.09,7.3,4.0,0.03,0.0,,,曇り,23.0,25.0,5.0,北,3.0,https://boatraceraid.jp/exhibition/?opdt=2026-09-18&rcoursecd=04&rno=06
20260918,平和島,6,5,5105,富田 恕生,B1,6.75,38.16,5.57,7.37,5.0,-0.03,0.0,,,曇り,23.0,25.0,5.0,北,3.0,https://boatraceraid.jp/exhibition/?opdt=2026-09-18&rcoursecd=04&rno=06
20260918,平和島,6,6,4659,木下 翔太,A1,6.51,38.49,5.89,7.33,6.0,-0.01,0.0,,,曇り,23.0,25.0,5.0,北,3.0,https://boatraceraid.jp/exhibition/?opdt=2026-09-18&rcoursecd=04&rno=06
20260918,平和島,7,1,5237,永松 良教,B2,6.83,36.72,5.34,7.3,1.0,0.14,0.0,,,曇り,23.0,25.0,4.0,北,3.0,https://boatraceraid.jp/exhibition/?opdt=2026-09-18&rcoursecd=04&rno=07
20260918,平和島,7,2,4053,芦澤 望,A2,6.77,37.87,5.61,7.4,2.0,0.05,0.0,,,曇り,23.0,25.0,4.0,北,3.0,https://boatraceraid.jp/exhibition/?opdt=2026-09-18&rcoursecd=04&rno=07
20260918,平和島,7,3,3951,石川 吉鎬,B1,6.82,37.82,5.68,7.4,3.0,0.05,0.0,,,曇り,23.0,25.0,4.0,北,3.0,https://boatraceraid.jp/exhibition/?opdt=2026-09-18&rcoursecd=04&rno=07
20260918,平和島,7,4,4651,佐藤 大騎,B1,6.7,37.74,5.63,7.37,4.0,0.05,0.0,,,曇り,23.0,25.0,4.0,北,3.0,https://boatraceraid.jp/exhibition/?opdt=2026-09-18&rcoursecd=04&rno=07
20260918,平和島,7,5,4769,馬場 剛,A1,6.75,38.07,5.73,7.38,5.0,0.05,0.0,,,曇り,23.0,25.0,4.0,北,3.0,https://boatraceraid.jp/exhibition/?opdt=2026-09-18&rcoursecd=04&rno=07
20260918,平和島,7,6,5424,熊倉 幹太,B2,6.58,38.37,5.6,7.39,6.0,0.08,0.0,,,曇り,23.0,25.0,4.0,北,3.0,https://boatraceraid.jp/exhibition/?opdt=2026-09-18&rcoursecd=04&rno=07
20260918,平和島,8,1,3313,本吉 正樹,B1,6.63,37.06,5.77,7.27,1.0,0.18,0.0,,,曇り,23.0,25.0,5.0,北,3.0,https://boatraceraid.jp/exhibition/?opdt=2026-09-18&rcoursecd=04&rno=08
20260918,平和島,8,2,4508,野間 大樹,A2,6.83,37.2,5.63,7.42,2.0,0.06,-0.5,,,曇り,23.0,25.0,5.0,北,3.0,https://boatraceraid.jp/exhibition/?opdt=2026-09-18&rcoursecd=04&rno=08
20260918,平和島,8,3,4976,金山 立樹,B1,6.69,37.44,5.9,7.44,3.0,0.05,-0.5,,,曇り,23.0,25.0,5.0,北,3.0,https://boatraceraid.jp/exhibition/?opdt=2026-09-18&rcoursecd=04&rno=08
20260918,平和島,8,4,4082,濱崎 誠,B1,6.77,37.71,5.97,7.39,4.0,0.12,0.0,,,曇り,23.0,25.0,5.0,北,3.0,https://boatraceraid.jp/exhibition/?opdt=2026-09-18&rcoursecd=04&rno=08
20260918,平和島,8,5,5393,藤原 駿,B2,6.65,37.66,5.8,7.37,5.0,0.32,-0.5,,,曇り,23.0,25.0,5.0,北,3.0,https://boatraceraid.jp/exhibition/?opdt=2026-09-18&rcoursecd=04&rno=08
20260918,平和島,8,6,4697,國弘 翔平,B1,6.54,37.55,6.04,7.32,6.0,0.11,0.0,,,曇り,23.0,25.0,5.0,北,3.0,https://boatraceraid.jp/exhibition/?opdt=2026-09-18&rcoursecd=04&rno=08
20260918,平和島,9,1,5023,久永 祥平,A2,6.64,37.1,5.53,7.4,1.0,0.11,-0.5,,,曇り,24.0,25.0,4.0,北,3.0,https://boatraceraid.jp/exhibition/?opdt=2026-09-18&rcoursecd=04&rno=09
20260918,平和島,9,2,3432,宮迫 暢彦,B1,6.72,37.6,5.63,7.4,2.0,0.23,0.0,,,曇り,24.0,25.0,4.0,北,3.0,https://boatraceraid.jp/exhibition/?opdt=2026-09-18&rcoursecd=04&rno=09
20260918,平和島,9,3,4200,早川 尚人,B1,6.68,37.7,5.7,7.37,3.0,0.06,0.0,,,曇り,24.0,25.0,4.0,北,3.0,https://boatraceraid.jp/exhibition/?opdt=2026-09-18&rcoursecd=04&rno=09
20260918,平和島,9,4,5209,小野 京平,B1,6.7,38.03,5.47,7.4,4.0,-0.09,0.0,,,曇り,24.0,25.0,4.0,北,3.0,https://boatraceraid.jp/exhibition/?opdt=2026-09-18&rcoursecd=04&rno=09
20260918,平和島,9,5,3439,大平 誉史明,A1,6.85,38.43,5.7,7.43,5.0,-0.06,-0.5,,,曇り,24.0,25.0,4.0,北,3.0,https://boatraceraid.jp/exhibition/?opdt=2026-09-18&rcoursecd=04&rno=09
20260918,平和島,9,6,3105,内山 文典,B1,6.69,37.33,5.67,7.3,6.0,0.04,0.0,,,曇り,24.0,25.0,4.0,北,3.0,https://boatraceraid.jp/exhibition/?opdt=2026-09-18&rcoursecd=04&rno=09
20260918,平和島,10,1,4610,佐藤 大佑,A1,6.71,37.82,5.71,7.4,1.0,0.15,0.0,,,曇り,24.0,25.0,4.0,北,3.0,https://boatraceraid.jp/exhibition/?opdt=2026-09-18&rcoursecd=04&rno=10
20260918,平和島,10,2,5104,山田 丈,A2,6.72,37.29,5.51,7.37,2.0,0.02,0.0,,,曇り,24.0,25.0,4.0,北,3.0,https://boatraceraid.jp/exhibition/?opdt=2026-09-18&rcoursecd=04&rno=10
20260918,平和島,10,3,3747,國崎 良春,A2,6.74,37.17,5.97,7.73,3.0,0.03,0.0,,,曇り,24.0,25.0,4.0,北,3.0,https://boatraceraid.jp/exhibition/?opdt=2026-09-18&rcoursecd=04&rno=10
20260918,平和島,10,4,3915,繁野谷 圭介,A2,6.64,38.07,5.85,7.4,4.0,0.1,0.0,,,曇り,24.0,25.0,4.0,北,3.0,https://boatraceraid.jp/exhibition/?opdt=2026-09-18&rcoursecd=04&rno=10
20260918,平和島,10,5,3385,渡邉 睦広,A2,6.72,37.91,5.62,7.4,5.0,0.01,-0.5,,,曇り,24.0,25.0,4.0,北,3.0,https://boatraceraid.jp/exhibition/?opdt=2026-09-18&rcoursecd=04&rno=10
20260918,平和島,10,6,4180,上野 秀和,A2,6.55,37.17,5.57,7.4,6.0,0.06,0.0,,,曇り,24.0,25.0,4.0,北,3.0,https://boatraceraid.jp/exhibition/?opdt=2026-09-18&rcoursecd=04&rno=10
20260918,平和島,11,1,3876,中辻 崇人,A1,6.72,37.11,5.5,7.43,1.0,0.03,0.5,,,曇り,24.0,25.0,5.0,北,3.0,https://boatraceraid.jp/exhibition/?opdt=2026-09-18&rcoursecd=04&rno=11
20260918,平和島,11,2,4288,永田 啓二,A1,6.86,37.56,5.68,7.4,2.0,-0.03,0.5,,,曇り,24.0,25.0,5.0,北,3.0,https://boatraceraid.jp/exhibition/?opdt=2026-09-18&rcoursecd=04&rno=11
20260918,平和島,11,3,5081,篠原 飛翔,A2,6.81,37.37,6.35,7.3,3.0,-0.02,0.0,,,曇り,24.0,25.0,5.0,北,3.0,https://boatraceraid.jp/exhibition/?opdt=2026-09-18&rcoursecd=04&rno=11
20260918,平和島,11,4,4377,濱本 優一,A1,6.69,38.02,5.68,7.43,4.0,0.11,0.0,,,曇り,24.0,25.0,5.0,北,3.0,https://boatraceraid.jp/exhibition/?opdt=2026-09-18&rcoursecd=04&rno=11
20260918,平和島,11,5,3963,原田 秀弥,A2,6.74,37.43,5.63,7.43,5.0,0.09,0.0,,,曇り,24.0,25.0,5.0,北,3.0,https://boatraceraid.jp/exhibition/?opdt=2026-09-18&rcoursecd=04&rno=11
20260918,平和島,11,6,3904,森 貴洋,B1,6.56,37.07,5.73,7.33,6.0,0.12,0.0,,,曇り,24.0,25.0,5.0,北,3.0,https://boatraceraid.jp/exhibition/?opdt=2026-09-18&rcoursecd=04&rno=11
20260918,平和島,12,1,4659,木下 翔太,A1,6.86,37.2,5.5,7.4,1.0,0.08,0.0,,,曇り,24.0,25.0,4.0,北,3.0,https://boatraceraid.jp/exhibition/?opdt=2026-09-18&rcoursecd=04&rno=12
20260918,平和島,12,2,4769,馬場 剛,A1,6.79,37.7,5.66,7.4,2.0,0.12,0.0,,,曇り,24.0,25.0,4.0,北,3.0,https://boatraceraid.jp/exhibition/?opdt=2026-09-18&rcoursecd=04&rno=12
20260918,平和島,12,3,5004,河野 主樹,A2,6.74,36.7,5.53,7.33,3.0,0.03,-0.5,,,曇り,24.0,25.0,4.0,北,3.0,https://boatraceraid.jp/exhibition/?opdt=2026-09-18&rcoursecd=04&rno=12
20260918,平和島,12,4,3771,折下 寛法,B1,6.72,37.23,5.67,7.33,4.0,0.06,0.0,,,曇り,24.0,25.0,4.0,北,3.0,https://boatraceraid.jp/exhibition/?opdt=2026-09-18&rcoursecd=04&rno=12
20260918,平和島,12,5,4053,芦澤 望,A2,6.78,37.66,6.17,7.3,5.0,0.25,0.0,,,曇り,24.0,25.0,4.0,北,3.0,https://boatraceraid.jp/exhibition/?opdt=2026-09-18&rcoursecd=04&rno=12
20260918,平和島,12,6,5031,渡辺 空依,B1,6.67,37.6,5.63,7.4,6.0,0.23,0.0,,,曇り,24.0,25.0,4.0,北,3.0,https://boatraceraid.jp/exhibition/?opdt=2026-09-18&rcoursecd=04&rno=12
20260919,平和島,1,1,3564,桑原 啓,B1,6.61,36.99,5.48,7.38,1.0,-0.03,0.0,,,曇り,23.0,25.0,4.0,北,3.0,https://boatraceraid.jp/exhibition/?opdt=2026-09-19&rcoursecd=04&rno=01
20260919,平和島,1,2,4421,森作 広大,B1,6.7,37.64,5.53,7.37,2.0,-0.02,-0.5,,,曇り,23.0,25.0,4.0,北,3.0,https://boatraceraid.jp/exhibition/?opdt=2026-09-19&rcoursecd=04&rno=01
20260919,平和島,1,3,4697,國弘 翔平,B1,6.66,37.93,5.83,7.43,3.0,-0.02,0.0,,,曇り,23.0,25.0,4.0,北,3.0,https://boatraceraid.jp/exhibition/?opdt=2026-09-19&rcoursecd=04&rno=01
20260919,平和島,1,4,5253,藤井 太雅,B2,6.84,37.9,5.43,7.43,4.0,0.11,-0.5,,,曇り,23.0,25.0,4.0,北,3.0,https://boatraceraid.jp/exhibition/?opdt=2026-09-19&rcoursecd=04&rno=01
20260919,平和島,1,5,3107,平岡 重典,B1,6.8,37.89,5.68,7.46,5.0,0.17,-0.5,,,曇り,23.0,25.0,4.0,北,3.0,https://boatraceraid.jp/exhibition/?opdt=2026-09-19&rcoursecd=04&rno=01
20260919,平和島,1,6,5023,久永 祥平,A2,6.7,37.16,5.5,7.37,6.0,0.03,-0.5,,,曇り,23.0,25.0,4.0,北,3.0,https://boatraceraid.jp/exhibition/?opdt=2026-09-19&rcoursecd=04&rno=01
20260919,平和島,2,1,4976,金山 立樹,B1,6.74,37.18,5.62,7.44,1.0,0.23,0.0,,,曇り,23.0,25.0,4.0,北,3.0,https://boatraceraid.jp/exhibition/?opdt=2026-09-19&rcoursecd=04&rno=02
20260919,平和島,2,2,5031,渡辺 空依,B1,6.64,37.01,5.67,7.33,2.0,0.06,0.0,,,曇り,23.0,25.0,4.0,北,3.0,https://boatraceraid.jp/exhibition/?opdt=2026-09-19&rcoursecd=04&rno=02
20260919,平和島,2,3,4272,大場 広孝,B1,6.7,37.74,5.66,7.43,3.0,0.07,-0.5,,,曇り,23.0,25.0,4.0,北,3.0,https://boatraceraid.jp/exhibition/?opdt=2026-09-19&rcoursecd=04&rno=02
20260919,平和島,2,4,3105,内山 文典,B1,6.77,37.2,5.59,7.37,4.0,0.03,0.0,,,曇り,23.0,25.0,4.0,北,3.0,https://boatraceraid.jp/exhibition/?opdt=2026-09-19&rcoursecd=04&rno=02
20260919,平和島,2,5,3747,國崎 良春,A2,6.73,37.22,5.64,7.43,5.0,-0.02,0.0,,,曇り,23.0,25.0,4.0,北,3.0,https://boatraceraid.jp/exhibition/?opdt=2026-09-19&rcoursecd=04&rno=02
20260919,平和島,2,6,4082,濱崎 誠,B1,6.66,37.61,5.73,7.43,6.0,-0.02,0.0,,,曇り,23.0,25.0,4.0,北,3.0,https://boatraceraid.jp/exhibition/?opdt=2026-09-19&rcoursecd=04&rno=02
20260919,平和島,3,1,3385,渡邉 睦広,A2,6.63,37.52,5.48,7.43,1.0,-0.01,-0.5,,,雨,23.0,25.0,4.0,北,3.0,https://boatraceraid.jp/exhibition/?opdt=2026-09-19&rcoursecd=04&rno=03
20260919,平和島,3,2,4769,馬場 剛,A1,6.7,38.14,5.8,7.54,2.0,-0.01,0.0,,,雨,23.0,25.0,4.0,北,3.0,https://boatraceraid.jp/exhibition/?opdt=2026-09-19&rcoursecd=04&rno=03
20260919,平和島,3,3,5105,富田 恕生,B1,6.67,37.65,5.7,7.4,3.0,0.14,0.0,,,雨,23.0,25.0,4.0,北,3.0,https://boatraceraid.jp/exhibition/?opdt=2026-09-19&rcoursecd=04&rno=03
20260919,平和島,3,4,5022,伊藤 尚汰,B1,6.68,37.8,5.76,7.37,4.0,0.1,-0.5,,,雨,23.0,25.0,4.0,北,3.0,https://boatraceraid.jp/exhibition/?opdt=2026-09-19&rcoursecd=04&rno=03
20260919,平和島,3,5,4367,山口 修路,B1,6.69,38.33,5.53,7.51,5.0,0.16,0.0,,,雨,23.0,25.0,4.0,北,3.0,https://boatraceraid.jp/exhibition/?opdt=2026-09-19&rcoursecd=04&rno=03
20260919,平和島,3,6,5424,熊倉 幹太,B2,6.72,38.06,5.81,7.5,6.0,0.09,0.0,,,雨,23.0,25.0,4.0,北,3.0,https://boatraceraid.jp/exhibition/?opdt=2026-09-19&rcoursecd=04&rno=03
20260919,平和島,4,1,4880,澤崎 雄哉,B1,6.85,37.6,5.65,7.44,1.0,0.15,0.0,,,雨,23.0,25.0,3.0,北,3.0,https://boatraceraid.jp/exhibition/?opdt=2026-09-19&rcoursecd=04&rno=04
20260919,平和島,4,2,4422,永井 亮次,B1,6.76,38.19,5.74,7.4,2.0,-0.04,0.0,,,雨,23.0,25.0,3.0,北,3.0,https://boatraceraid.jp/exhibition/?opdt=2026-09-19&rcoursecd=04&rno=04
20260919,平和島,4,3,4377,濱本 優一,A1,6.78,38.14,5.72,7.35,3.0,-0.01,0.0,,,雨,23.0,25.0,3.0,北,3.0,https://boatraceraid.jp/exhibition/?opdt=2026-09-19&rcoursecd=04&rno=04
20260919,平和島,4,4,3771,折下 寛法,B1,6.74,37.23,5.83,7.3,4.0,0.07,0.0,,,雨,23.0,25.0,3.0,北,3.0,https://boatraceraid.jp/exhibition/?opdt=2026-09-19&rcoursecd=04&rno=04
20260919,平和島,4,5,4651,佐藤 大騎,B1,6.79,37.84,5.84,7.41,5.0,0.16,0.0,,,雨,23.0,25.0,3.0,北,3.0,https://boatraceraid.jp/exhibition/?opdt=2026-09-19&rcoursecd=04&rno=04
20260919,平和島,4,6,5081,篠原 飛翔,A2,6.77,37.18,5.8,7.33,6.0,-0.05,0.0,,,雨,23.0,25.0,3.0,北,3.0,https://boatraceraid.jp/exhibition/?opdt=2026-09-19&rcoursecd=04&rno=04
20260919,平和島,5,1,3904,森 貴洋,B1,6.76,37.04,5.6,7.4,1.0,0.01,0.0,,,曇り,23.0,25.0,2.0,北,3.0,https://boatraceraid.jp/exhibition/?opdt=2026-09-19&rcoursecd=04&rno=05
20260919,平和島,5,2,5209,小野 京平,B1,6.8,37.61,5.63,7.53,2.0,0.07,0.0,,,曇り,23.0,25.0,2.0,北,3.0,https://boatraceraid.jp/exhibition/?opdt=2026-09-19&rcoursecd=04&rno=05
20260919,平和島,5,3,4180,上野 秀和,A2,6.76,37.38,5.77,7.38,3.0,0.14,0.0,,,曇り,23.0,25.0,2.0,北,3.0,https://boatraceraid.jp/exhibition/?opdt=2026-09-19&rcoursecd=04&rno=05
20260919,平和島,5,4,3313,本吉 正樹,B1,6.65,37.6,5.97,7.43,4.0,0.13,0.0,,,曇り,23.0,25.0,2.0,北,3.0,https://boatraceraid.jp/exhibition/?opdt=2026-09-19&rcoursecd=04&rno=05
20260919,平和島,5,5,3432,宮迫 暢彦,B1,6.68,37.83,5.91,7.53,5.0,0.09,0.0,,,曇り,23.0,25.0,2.0,北,3.0,https://boatraceraid.jp/exhibition/?opdt=2026-09-19&rcoursecd=04&rno=05
20260919,平和島,5,6,5004,河野 主樹,A2,6.85,36.71,5.7,7.53,6.0,0.13,-0.5,,,曇り,23.0,25.0,2.0,北,3.0,https://boatraceraid.jp/exhibition/?opdt=2026-09-19&rcoursecd=04&rno=05
20260919,平和島,6,1,4697,國弘 翔平,B1,6.81,38.29,5.85,7.47,1.0,0.15,0.0,,,雨,23.0,25.0,3.0,北,3.0,https://boatraceraid.jp/exhibition/?opdt=2026-09-19&rcoursecd=04&rno=06
20260919,平和島,6,2,4272,大場 広孝,B1,6.71,37.69,5.62,7.4,2.0,0.22,-0.5,,,雨,23.0,25.0,3.0,北,3.0,https://boatraceraid.jp/exhibition/?opdt=2026-09-19&rcoursecd=04&rno=06
20260919,平和島,6,3,5253,藤井 太雅,B2,6.84,37.95,5.7,7.47,3.0,0.26,-0.5,,,雨,23.0,25.0,3.0,北,3.0,https://boatraceraid.jp/exhibition/?opdt=2026-09-19&rcoursecd=04&rno=06
20260919,平和島,6,4,3915,繁野谷 圭介,A2,6.84,37.7,5.88,7.43,4.0,0.21,0.0,,,雨,23.0,25.0,3.0,北,3.0,https://boatraceraid.jp/exhibition/?opdt=2026-09-19&rcoursecd=04&rno=06
20260919,平和島,6,5,4288,永田 啓二,A1,6.83,38.24,5.6,7.4,5.0,0.2,0.5,,,雨,23.0,25.0,3.0,北,3.0,https://boatraceraid.jp/exhibition/?opdt=2026-09-19&rcoursecd=04&rno=06
20260919,平和島,6,6,5393,藤原 駿,B2,6.98,38.27,5.77,7.61,6.0,0.21,-0.5,,,雨,23.0,25.0,3.0,北,3.0,https://boatraceraid.jp/exhibition/?opdt=2026-09-19&rcoursecd=04&rno=06
20260919,平和島,7,1,3105,内山 文典,B1,6.79,38.26,5.62,7.43,1.0,0.19,0.0,,,雨,23.0,25.0,4.0,北,3.0,https://boatraceraid.jp/exhibition/?opdt=2026-09-19&rcoursecd=04&rno=07
20260919,平和島,7,2,5105,富田 恕生,B1,6.67,37.72,5.63,7.4,2.0,0.11,0.0,,,雨,23.0,25.0,4.0,北,3.0,https://boatraceraid.jp/exhibition/?opdt=2026-09-19&rcoursecd=04&rno=07
20260919,平和島,7,3,3107,平岡 重典,B1,6.81,37.85,5.68,7.53,3.0,0.1,-0.5,,,雨,23.0,25.0,4.0,北,3.0,https://boatraceraid.jp/exhibition/?opdt=2026-09-19&rcoursecd=04&rno=07
20260919,平和島,7,4,5424,熊倉 幹太,B2,6.75,38.14,5.83,7.54,4.0,0.04,0.0,,,雨,23.0,25.0,4.0,北,3.0,https://boatraceraid.jp/exhibition/?opdt=2026-09-19&rcoursecd=04&rno=07
20260919,平和島,7,5,4508,野間 大樹,A2,6.85,37.48,5.93,7.53,5.0,0.1,-0.5,,,雨,23.0,25.0,4.0,北,3.0,https://boatraceraid.jp/exhibition/?opdt=2026-09-19&rcoursecd=04&rno=07
20260919,平和島,7,6,4976,金山 立樹,B1,6.71,37.55,5.88,7.51,6.0,0.23,0.0,,,雨,23.0,25.0,4.0,北,3.0,https://boatraceraid.jp/exhibition/?opdt=2026-09-19&rcoursecd=04&rno=07
20260919,平和島,8,1,3439,大平 誉史明,A1,6.83,37.44,5.53,7.45,1.0,0.03,0.0,,,雨,22.0,25.0,3.0,北,3.0,https://boatraceraid.jp/exhibition/?opdt=2026-09-19&rcoursecd=04&rno=08
20260919,平和島,8,2,5022,伊藤 尚汰,B1,6.8,37.76,5.67,7.37,2.0,0.09,-0.5,,,雨,22.0,25.0,3.0,北,3.0,https://boatraceraid.jp/exhibition/?opdt=2026-09-19&rcoursecd=04&rno=08
20260919,平和島,8,3,3564,桑原 啓,B1,6.64,38.0,6.03,7.41,3.0,0.12,0.0,,,雨,22.0,25.0,3.0,北,3.0,https://boatraceraid.jp/exhibition/?opdt=2026-09-19&rcoursecd=04&rno=08
20260919,平和島,8,4,4421,森作 広大,B1,6.73,38.14,5.96,7.42,4.0,0.2,-0.5,,,雨,22.0,25.0,3.0,北,3.0,https://boatraceraid.jp/exhibition/?opdt=2026-09-19&rcoursecd=04&rno=08
20260919,平和島,8,5,4422,永井 亮次,B1,6.7,38.54,5.82,7.56,5.0,0.14,0.0,,,雨,22.0,25.0,3.0,北,3.0,https://boatraceraid.jp/exhibition/?opdt=2026-09-19&rcoursecd=04&rno=08
20260919,平和島,8,6,3857,阿波 勝哉,B1,6.91,38.48,6.05,7.74,6.0,0.37,2.0,,,雨,22.0,25.0,3.0,北,3.0,https://boatraceraid.jp/exhibition/?opdt=2026-09-19&rcoursecd=04&rno=08
20260919,平和島,9,1,4082,濱崎 誠,B1,6.77,37.3,5.63,7.5,1.0,0.01,0.0,,,雨,22.0,25.0,3.0,北,3.0,https://boatraceraid.jp/exhibition/?opdt=2026-09-19&rcoursecd=04&rno=09
20260919,平和島,9,2,4200,早川 尚人,B1,6.76,37.74,5.8,7.44,2.0,0.25,0.0,,,雨,22.0,25.0,3.0,北,3.0,https://boatraceraid.jp/exhibition/?opdt=2026-09-19&rcoursecd=04&rno=09
20260919,平和島,9,3,5237,永松 良教,B2,6.83,37.14,5.7,7.4,3.0,0.11,0.0,,,雨,22.0,25.0,3.0,北,3.0,https://boatraceraid.jp/exhibition/?opdt=2026-09-19&rcoursecd=04&rno=09
20260919,平和島,9,4,5023,久永 祥平,A2,6.73,37.47,5.84,7.47,4.0,0.23,-0.5,,,雨,22.0,25.0,3.0,北,3.0,https://boatraceraid.jp/exhibition/?opdt=2026-09-19&rcoursecd=04&rno=09
20260919,平和島,9,5,4880,澤崎 雄哉,B1,6.84,38.18,5.82,7.6,5.0,0.15,0.0,,,雨,22.0,25.0,3.0,北,3.0,https://boatraceraid.jp/exhibition/?opdt=2026-09-19&rcoursecd=04&rno=09
20260919,平和島,9,6,3313,本吉 正樹,B1,6.67,37.78,6.33,7.33,6.0,0.08,0.0,,,雨,22.0,25.0,3.0,北,3.0,https://boatraceraid.jp/exhibition/?opdt=2026-09-19&rcoursecd=04&rno=09
20260919,平和島,10,1,5004,河野 主樹,A2,6.68,36.72,5.51,7.37,1.0,0.19,-0.5,,,雨,22.0,25.0,3.0,北,3.0,https://boatraceraid.jp/exhibition/?opdt=2026-09-19&rcoursecd=04&rno=10
20260919,平和島,10,2,3747,國崎 良春,A2,6.82,37.3,5.62,7.45,2.0,0.15,0.0,,,雨,22.0,25.0,3.0,北,3.0,https://boatraceraid.jp/exhibition/?opdt=2026-09-19&rcoursecd=04&rno=10
20260919,平和島,10,3,3771,折下 寛法,B1,6.8,37.26,5.7,7.43,3.0,0.14,0.0,,,雨,22.0,25.0,3.0,北,3.0,https://boatraceraid.jp/exhibition/?opdt=2026-09-19&rcoursecd=04&rno=10
20260919,平和島,10,4,4377,濱本 優一,A1,6.85,37.7,5.6,7.5,4.0,0.06,0.0,,,雨,22.0,25.0,3.0,北,3.0,https://boatraceraid.jp/exhibition/?opdt=2026-09-19&rcoursecd=04&rno=10
20260919,平和島,10,5,5031,渡辺 空依,B1,6.87,37.47,5.63,7.43,5.0,0.08,0.0,,,雨,22.0,25.0,3.0,北,3.0,https://boatraceraid.jp/exhibition/?opdt=2026-09-19&rcoursecd=04&rno=10
20260919,平和島,10,6,3385,渡邉 睦広,A2,6.82,37.67,5.7,7.48,6.0,0.14,-0.5,,,雨,22.0,25.0,3.0,北,3.0,https://boatraceraid.jp/exhibition/?opdt=2026-09-19&rcoursecd=04&rno=10
20260919,平和島,11,1,5081,篠原 飛翔,A2,6.83,37.14,5.8,7.36,1.0,0.02,0.0,,,曇り,22.0,25.0,4.0,北,3.0,https://boatraceraid.jp/exhibition/?opdt=2026-09-19&rcoursecd=04&rno=11
20260919,平和島,11,2,4288,永田 啓二,A1,6.83,37.37,5.82,7.43,2.0,0.1,0.5,,,曇り,22.0,25.0,4.0,北,3.0,https://boatraceraid.jp/exhibition/?opdt=2026-09-19&rcoursecd=04&rno=11
20260919,平和島,11,3,3915,繁野谷 圭介,A2,6.8,37.83,5.79,7.42,3.0,0.22,0.0,,,曇り,22.0,25.0,4.0,北,3.0,https://boatraceraid.jp/exhibition/?opdt=2026-09-19&rcoursecd=04&rno=11
20260919,平和島,11,4,4180,上野 秀和,A2,6.79,37.26,5.72,7.4,4.0,0.05,0.0,,,曇り,22.0,25.0,4.0,北,3.0,https://boatraceraid.jp/exhibition/?opdt=2026-09-19&rcoursecd=04&rno=11
20260919,平和島,11,5,4769,馬場 剛,A1,6.65,38.08,6.08,7.53,5.0,-0.09,0.0,,,曇り,22.0,25.0,4.0,北,3.0,https://boatraceraid.jp/exhibition/?opdt=2026-09-19&rcoursecd=04&rno=11
20260919,平和島,11,6,3904,森 貴洋,B1,6.64,37.58,5.92,7.47,6.0,0.05,0.0,,,曇り,22.0,25.0,4.0,北,3.0,https://boatraceraid.jp/exhibition/?opdt=2026-09-19&rcoursecd=04&rno=11
20260919,平和島,12,1,4659,木下 翔太,A1,6.71,37.61,5.81,7.44,1.0,-0.06,0.0,,,曇り,22.0,25.0,3.0,北,3.0,https://boatraceraid.jp/exhibition/?opdt=2026-09-19&rcoursecd=04&rno=12
20260919,平和島,12,2,3876,中辻 崇人,A1,6.86,37.2,5.63,7.53,2.0,0.17,0.5,,,曇り,22.0,25.0,3.0,北,3.0,https://boatraceraid.jp/exhibition/?opdt=2026-09-19&rcoursecd=04&rno=12
20260919,平和島,12,3,4610,佐藤 大佑,A1,6.58,37.93,5.8,7.45,3.0,0.06,0.0,,,曇り,22.0,25.0,3.0,北,3.0,https://boatraceraid.jp/exhibition/?opdt=2026-09-19&rcoursecd=04&rno=12
20260919,平和島,12,4,5104,山田 丈,A2,6.79,37.43,5.54,7.39,4.0,-0.06,0.0,,,曇り,22.0,25.0,3.0,北,3.0,https://boatraceraid.jp/exhibition/?opdt=2026-09-19&rcoursecd=04&rno=12
20260919,平和島,12,5,4053,芦澤 望,A2,6.88,37.56,5.7,7.53,5.0,0.05,0.0,,,曇り,22.0,25.0,3.0,北,3.0,https://boatraceraid.jp/exhibition/?opdt=2026-09-19&rcoursecd=04&rno=12
20260919,平和島,12,6,3963,原田 秀弥,A2,6.88,37.97,5.82,7.64,6.0,0.01,0.0,,,曇り,22.0,25.0,3.0,北,3.0,https://boatraceraid.jp/exhibition/?opdt=2026-09-19&rcoursecd=04&rno=12
20260925,多摩川,1,1,3072,西田 靖,B1,6.65,36.87,6.23,6.8,1.0,0.04,0.0,,,晴,24.0,24.0,1.0,南,2.0,https://boatraceraid.jp/exhibition/?opdt=2026-09-25&rcoursecd=05&rno=01
20260925,多摩川,1,2,5079,大石 真央,B1,6.64,37.0,5.83,7.03,2.0,0.08,-0.5,,,晴,24.0,24.0,1.0,南,2.0,https://boatraceraid.jp/exhibition/?opdt=2026-09-25&rcoursecd=05&rno=01
20260925,多摩川,1,3,4113,木村 浩士,B1,6.73,37.47,5.9,6.97,3.0,0.14,-0.5,,,晴,24.0,24.0,1.0,南,2.0,https://boatraceraid.jp/exhibition/?opdt=2026-09-25&rcoursecd=05&rno=01
20260925,多摩川,1,4,3349,吉田 一郎,A1,6.68,37.1,5.6,7.12,4.0,0.23,0.0,,,晴,24.0,24.0,1.0,南,2.0,https://boatraceraid.jp/exhibition/?opdt=2026-09-25&rcoursecd=05&rno=01
20260925,多摩川,1,5,3860,松本 浩貴,B1,6.66,37.73,6.1,7.0,5.0,0.21,-0.5,,,晴,24.0,24.0,1.0,南,2.0,https://boatraceraid.jp/exhibition/?opdt=2026-09-25&rcoursecd=05&rno=01
20260925,多摩川,1,6,4513,河野 真也,A2,6.66,37.03,5.67,7.17,6.0,0.15,-0.5,,,晴,24.0,24.0,1.0,南,2.0,https://boatraceraid.jp/exhibition/?opdt=2026-09-25&rcoursecd=05&rno=01
20260925,多摩川,2,1,3075,中村 裕将,B1,6.78,36.74,5.58,7.15,1.0,0.23,-0.5,,,晴,24.0,24.0,1.0,南,2.0,https://boatraceraid.jp/exhibition/?opdt=2026-09-25&rcoursecd=05&rno=02
20260925,多摩川,2,2,4251,川崎 誠志,B1,6.7,36.93,5.63,7.1,2.0,0.14,-0.5,,,晴,24.0,24.0,1.0,南,2.0,https://boatraceraid.jp/exhibition/?opdt=2026-09-25&rcoursecd=05&rno=02
20260925,多摩川,2,3,4379,桑島 和宏,A2,6.72,36.76,5.7,6.9,3.0,0.09,-0.5,,,晴,24.0,24.0,1.0,南,2.0,https://boatraceraid.jp/exhibition/?opdt=2026-09-25&rcoursecd=05&rno=02
20260925,多摩川,2,4,4332,村上 彰一,B1,6.73,36.89,5.56,7.1,4.0,0.13,0.0,,,晴,24.0,24.0,1.0,南,2.0,https://boatraceraid.jp/exhibition/?opdt=2026-09-25&rcoursecd=05&rno=02
20260925,多摩川,2,5,4383,竹田 吉行,A2,6.74,37.37,6.13,6.8,5.0,0.17,-0.5,,,晴,24.0,24.0,1.0,南,2.0,https://boatraceraid.jp/exhibition/?opdt=2026-09-25&rcoursecd=05&rno=02
20260925,多摩川,2,6,4061,萩原 秀人,A1,6.78,36.33,5.77,7.03,6.0,0.17,-0.5,,,晴,24.0,24.0,1.0,南,2.0,https://boatraceraid.jp/exhibition/?opdt=2026-09-25&rcoursecd=05&rno=02
20260925,多摩川,3,1,4003,表 憲一,B1,6.78,37.0,5.7,7.08,1.0,0.32,-0.5,,,晴,25.0,24.0,0.0,北,2.0,https://boatraceraid.jp/exhibition/?opdt=2026-09-25&rcoursecd=05&rno=03
20260925,多摩川,3,2,4144,石塚 久也,A2,6.67,36.97,5.7,7.08,2.0,0.34,-0.5,,,晴,25.0,24.0,0.0,北,2.0,https://boatraceraid.jp/exhibition/?opdt=2026-09-25&rcoursecd=05&rno=03
20260925,多摩川,3,3,5292,佐藤 右京,B1,6.77,37.46,5.54,7.13,3.0,0.28,-0.5,,,晴,25.0,24.0,0.0,北,2.0,https://boatraceraid.jp/exhibition/?opdt=2026-09-25&rcoursecd=05&rno=03
20260925,多摩川,3,4,4737,竹井 貴史,A1,6.66,36.77,5.6,7.08,4.0,0.04,0.0,,,晴,25.0,24.0,0.0,北,2.0,https://boatraceraid.jp/exhibition/?opdt=2026-09-25&rcoursecd=05&rno=03
20260925,多摩川,3,5,4015,前野 竜一,A2,6.76,36.74,5.77,6.96,5.0,0.13,-0.5,,,晴,25.0,24.0,0.0,北,2.0,https://boatraceraid.jp/exhibition/?opdt=2026-09-25&rcoursecd=05&rno=03
20260925,多摩川,3,6,5313,鈴木 唯央,B1,6.78,36.99,5.57,7.21,6.0,0.06,-0.5,,,晴,25.0,24.0,0.0,北,2.0,https://boatraceraid.jp/exhibition/?opdt=2026-09-25&rcoursecd=05&rno=03
20260925,多摩川,4,1,4190,長嶋 万記,B2,6.72,36.88,5.84,6.77,1.0,0.15,-0.5,,,晴,26.0,24.0,3.0,南東,2.0,https://boatraceraid.jp/exhibition/?opdt=2026-09-25&rcoursecd=05&rno=04
20260925,多摩川,4,2,3302,谷川 里江,B1,6.77,37.57,5.97,6.98,2.0,0.05,-0.5,,,晴,26.0,24.0,3.0,南東,2.0,https://boatraceraid.jp/exhibition/?opdt=2026-09-25&rcoursecd=05&rno=04
20260925,多摩川,4,3,4224,大橋 栄里佳,B1,6.72,37.29,5.97,6.96,3.0,0.09,0.0,,,晴,26.0,24.0,3.0,南東,2.0,https://boatraceraid.jp/exhibition/?opdt=2026-09-25&rcoursecd=05&rno=04
20260925,多摩川,4,4,4225,土屋 千明,A2,6.72,37.62,5.84,7.07,4.0,-0.03,-0.5,,,晴,26.0,24.0,3.0,南東,2.0,https://boatraceraid.jp/exhibition/?opdt=2026-09-25&rcoursecd=05&rno=04
20260925,多摩川,4,5,3518,倉田 郁美,B1,6.71,37.64,5.63,7.1,5.0,0.02,-0.5,,,晴,26.0,24.0,3.0,南東,2.0,https://boatraceraid.jp/exhibition/?opdt=2026-09-25&rcoursecd=05&rno=04
20260925,多摩川,4,6,4447,深川 麻奈美,B1,6.68,37.29,5.91,6.94,6.0,0.03,0.0,,,晴,26.0,24.0,3.0,南東,2.0,https://boatraceraid.jp/exhibition/?opdt=2026-09-25&rcoursecd=05&rno=04
20260925,多摩川,5,1,3662,大庭 元明,B1,6.77,36.79,5.73,6.97,1.0,0.01,-0.5,,,晴,26.0,24.0,2.0,東,2.0,https://boatraceraid.jp/exhibition/?opdt=2026-09-25&rcoursecd=05&rno=05
20260925,多摩川,5,2,5023,久永 祥平,A2,6.85,37.75,5.87,7.03,2.0,0.08,0.0,,,晴,26.0,24.0,2.0,東,2.0,https://boatraceraid.jp/exhibition/?opdt=2026-09-25&rcoursecd=05&rno=05
20260925,多摩川,5,3,4025,山本 隆幸,A1,6.77,36.96,5.84,6.97,3.0,0.19,-0.5,,,晴,26.0,24.0,2.0,東,2.0,https://boatraceraid.jp/exhibition/?opdt=2026-09-25&rcoursecd=05&rno=05
20260925,多摩川,5,4,3653,品川 賢次,B2,6.8,37.55,6.49,6.9,4.0,0.05,0.0,,,晴,26.0,24.0,2.0,東,2.0,https://boatraceraid.jp/exhibition/?opdt=2026-09-25&rcoursecd=05&rno=05
20260925,多摩川,5,5,3885,久田 武,A2,6.73,37.72,5.91,7.07,5.0,0.32,0.0,,,晴,26.0,24.0,2.0,東,2.0,https://boatraceraid.jp/exhibition/?opdt=2026-09-25&rcoursecd=05&rno=05
20260925,多摩川,5,6,5327,西田 和加,B2,6.71,37.62,5.83,7.13,6.0,0.11,0.0,,,晴,26.0,24.0,2.0,東,2.0,https://boatraceraid.jp/exhibition/?opdt=2026-09-25&rcoursecd=05&rno=05
20260925,多摩川,6,1,3860,松本 浩貴,B1,6.72,37.21,5.75,7.17,1.0,0.09,-0.5,,,晴,26.0,24.0,1.0,東,2.0,https://boatraceraid.jp/exhibition/?opdt=2026-09-25&rcoursecd=05&rno=06
20260925,多摩川,6,2,3202,三品 隆浩,B1,6.7,36.77,5.8,6.95,2.0,0.15,-0.5,,,晴,26.0,24.0,1.0,東,2.0,https://boatraceraid.jp/exhibition/?opdt=2026-09-25&rcoursecd=05&rno=06
20260925,多摩川,6,3,4931,木谷 賢太,A1,6.75,36.88,5.82,6.87,3.0,0.16,0.0,,,晴,26.0,24.0,1.0,東,2.0,https://boatraceraid.jp/exhibition/?opdt=2026-09-25&rcoursecd=05&rno=06
20260925,多摩川,6,4,4446,和田 兼輔,A1,6.68,37.03,5.65,7.02,4.0,0.09,0.0,,,晴,26.0,24.0,1.0,東,2.0,https://boatraceraid.jp/exhibition/?opdt=2026-09-25&rcoursecd=05&rno=06
20260925,多摩川,6,5,5049,松井 友汰,A2,6.68,36.92,5.57,7.07,5.0,0.19,-0.5,,,晴,26.0,24.0,1.0,東,2.0,https://boatraceraid.jp/exhibition/?opdt=2026-09-25&rcoursecd=05&rno=06
20260925,多摩川,6,6,4864,小川 日紀太,B1,6.7,36.94,5.72,6.99,6.0,0.08,0.0,,,晴,26.0,24.0,1.0,東,2.0,https://boatraceraid.jp/exhibition/?opdt=2026-09-25&rcoursecd=05&rno=06
20260925,多摩川,7,1,3385,渡邉 睦広,A2,6.76,37.3,5.9,6.97,1.0,0.07,-0.5,,,晴,27.0,24.0,2.0,南西,2.0,https://boatraceraid.jp/exhibition/?opdt=2026-09-25&rcoursecd=05&rno=07
20260925,多摩川,7,2,4113,木村 浩士,B1,6.79,37.46,5.59,7.15,2.0,0.06,-0.5,,,晴,27.0,24.0,2.0,南西,2.0,https://boatraceraid.jp/exhibition/?opdt=2026-09-25&rcoursecd=05&rno=07
20260925,多摩川,7,3,5199,垂水 悠,B1,6.64,36.93,5.57,7.07,3.0,-0.04,-0.5,,,晴,27.0,24.0,2.0,南西,2.0,https://boatraceraid.jp/exhibition/?opdt=2026-09-25&rcoursecd=05&rno=07
20260925,多摩川,7,4,4932,新開 航,A1,6.67,36.57,5.97,6.77,4.0,0.05,0.0,,,晴,27.0,24.0,2.0,南西,2.0,https://boatraceraid.jp/exhibition/?opdt=2026-09-25&rcoursecd=05&rno=07
20260925,多摩川,7,5,3075,中村 裕将,B1,6.83,37.37,5.67,7.17,5.0,0.28,-0.5,,,晴,27.0,24.0,2.0,南西,2.0,https://boatraceraid.jp/exhibition/?opdt=2026-09-25&rcoursecd=05&rno=07
20260925,多摩川,7,6,5376,吉田 一心,B1,6.77,37.03,5.66,7.13,6.0,-0.01,0.0,,,晴,27.0,24.0,2.0,南西,2.0,https://boatraceraid.jp/exhibition/?opdt=2026-09-25&rcoursecd=05&rno=07
20260925,多摩川,8,1,4435,服部 達哉,A2,6.68,36.7,5.4,6.98,1.0,0.03,-0.5,,,晴,27.0,24.0,1.0,南東,2.0,https://boatraceraid.jp/exhibition/?opdt=2026-09-25&rcoursecd=05&rno=08
20260925,多摩川,8,2,3072,西田 靖,B1,6.76,38.37,6.1,6.86,2.0,0.05,0.0,,,晴,27.0,24.0,1.0,南東,2.0,https://boatraceraid.jp/exhibition/?opdt=2026-09-25&rcoursecd=05&rno=08
20260925,多摩川,8,3,4383,竹田 吉行,A2,6.75,38.08,6.5,6.83,3.0,0.19,-0.5,,,晴,27.0,24.0,1.0,南東,2.0,https://boatraceraid.jp/exhibition/?opdt=2026-09-25&rcoursecd=05&rno=08
20260925,多摩川,8,4,4003,表 憲一,B1,6.83,37.78,5.79,7.2,4.0,0.09,-0.5,,,晴,27.0,24.0,1.0,南東,2.0,https://boatraceraid.jp/exhibition/?opdt=2026-09-25&rcoursecd=05&rno=08
20260925,多摩川,8,5,4447,深川 麻奈美,B1,6.72,37.62,5.78,7.07,5.0,0.09,0.0,,,晴,27.0,24.0,1.0,南東,2.0,https://boatraceraid.jp/exhibition/?opdt=2026-09-25&rcoursecd=05&rno=08
20260925,多摩川,8,6,5411,木下 虎之輔,B2,6.8,37.56,5.85,7.01,6.0,0.04,-0.5,,,晴,27.0,24.0,1.0,南東,2.0,https://boatraceraid.jp/exhibition/?opdt=2026-09-25&rcoursecd=05&rno=08
20260925,多摩川,9,1,5023,久永 祥平,A2,6.72,37.44,6.11,6.81,1.0,0.12,0.0,,,晴,27.0,24.0,1.0,南,2.0,https://boatraceraid.jp/exhibition/?opdt=2026-09-25&rcoursecd=05&rno=09
20260925,多摩川,9,2,4332,村上 彰一,B1,6.7,37.23,5.79,6.83,2.0,0.21,0.0,,,晴,27.0,24.0,1.0,南,2.0,https://boatraceraid.jp/exhibition/?opdt=2026-09-25&rcoursecd=05&rno=09
20260925,多摩川,9,3,3349,吉田 一郎,A1,6.75,37.03,5.93,6.99,3.0,0.14,-0.5,,,晴,27.0,24.0,1.0,南,2.0,https://boatraceraid.jp/exhibition/?opdt=2026-09-25&rcoursecd=05&rno=09
20260925,多摩川,9,4,4190,長嶋 万記,B2,6.73,37.75,5.8,7.03,4.0,0.11,0.0,,,晴,27.0,24.0,1.0,南,2.0,https://boatraceraid.jp/exhibition/?opdt=2026-09-25&rcoursecd=05&rno=09
20260925,多摩川,9,5,3589,西村 勝,B1,6.75,37.51,5.75,7.1,5.0,0.08,-0.5,,,晴,27.0,24.0,1.0,南,2.0,https://boatraceraid.jp/exhibition/?opdt=2026-09-25&rcoursecd=05&rno=09
20260925,多摩川,9,6,4015,前野 竜一,A2,6.75,36.95,5.46,7.02,6.0,0.08,-0.5,,,晴,27.0,24.0,1.0,南,2.0,https://boatraceraid.jp/exhibition/?opdt=2026-09-25&rcoursecd=05&rno=09
20260925,多摩川,10,1,4379,桑島 和宏,A2,6.72,36.94,6.07,6.73,1.0,0.18,-0.5,,,晴,27.0,24.0,2.0,東,2.0,https://boatraceraid.jp/exhibition/?opdt=2026-09-25&rcoursecd=05&rno=10
20260925,多摩川,10,2,4709,岡村 将也,A2,6.75,37.41,5.9,6.83,2.0,0.14,0.0,,,晴,27.0,24.0,2.0,東,2.0,https://boatraceraid.jp/exhibition/?opdt=2026-09-25&rcoursecd=05&rno=10
20260925,多摩川,10,3,5048,眞鳥 康太,B1,6.73,37.64,5.72,7.15,3.0,0.18,0.0,,,晴,27.0,24.0,2.0,東,2.0,https://boatraceraid.jp/exhibition/?opdt=2026-09-25&rcoursecd=05&rno=10
20260925,多摩川,10,4,4348,宮崎 奨,A2,6.75,37.18,5.83,7.03,4.0,0.11,0.0,,,晴,27.0,24.0,2.0,東,2.0,https://boatraceraid.jp/exhibition/?opdt=2026-09-25&rcoursecd=05&rno=10
20260925,多摩川,10,5,4144,石塚 久也,A2,6.63,37.24,5.66,7.17,5.0,0.14,0.0,,,晴,27.0,24.0,2.0,東,2.0,https://boatraceraid.jp/exhibition/?opdt=2026-09-25&rcoursecd=05&rno=10
20260925,多摩川,10,6,5079,大石 真央,B1,6.72,37.04,5.56,7.11,6.0,0.15,-0.5,,,晴,27.0,24.0,2.0,東,2.0,https://boatraceraid.jp/exhibition/?opdt=2026-09-25&rcoursecd=05&rno=10
20260925,多摩川,11,1,4931,木谷 賢太,A1,6.75,37.36,5.87,6.77,1.0,0.05,-0.5,,,晴,26.0,24.0,2.0,南,2.0,https://boatraceraid.jp/exhibition/?opdt=2026-09-25&rcoursecd=05&rno=11
20260925,多摩川,11,2,3885,久田 武,A2,6.71,37.17,5.77,7.0,2.0,0.06,0.0,,,晴,26.0,24.0,2.0,南,2.0,https://boatraceraid.jp/exhibition/?opdt=2026-09-25&rcoursecd=05&rno=11
20260925,多摩川,11,3,4513,河野 真也,A2,6.64,37.33,5.84,7.07,3.0,0.09,-0.5,,,晴,26.0,24.0,2.0,南,2.0,https://boatraceraid.jp/exhibition/?opdt=2026-09-25&rcoursecd=05&rno=11
20260925,多摩川,11,4,5292,佐藤 右京,B1,6.75,37.51,6.0,7.03,4.0,0.16,-0.5,,,晴,26.0,24.0,2.0,南,2.0,https://boatraceraid.jp/exhibition/?opdt=2026-09-25&rcoursecd=05&rno=11
20260925,多摩川,11,5,4225,土屋 千明,A2,6.68,37.95,5.86,7.03,5.0,0.09,-0.5,,,晴,26.0,24.0,2.0,南,2.0,https://boatraceraid.jp/exhibition/?opdt=2026-09-25&rcoursecd=05&rno=11
20260925,多摩川,11,6,4251,川崎 誠志,B1,6.7,37.51,6.13,7.07,6.0,0.05,-0.5,,,晴,26.0,24.0,2.0,南,2.0,https://boatraceraid.jp/exhibition/?opdt=2026-09-25&rcoursecd=05&rno=11
20260925,多摩川,12,1,4932,新開 航,A1,6.6,36.73,5.58,6.7,1.0,0.02,-0.5,,,晴,26.0,24.0,2.0,南,2.0,https://boatraceraid.jp/exhibition/?opdt=2026-09-25&rcoursecd=05&rno=12
20260925,多摩川,12,2,4025,山本 隆幸,A1,6.66,37.32,5.77,6.88,2.0,0.03,-0.5,,,晴,26.0,24.0,2.0,南,2.0,https://boatraceraid.jp/exhibition/?opdt=2026-09-25&rcoursecd=05&rno=12
20260925,多摩川,12,3,4061,萩原 秀人,A1,6.73,37.43,5.84,6.82,3.0,0.05,-0.5,,,晴,26.0,24.0,2.0,南,2.0,https://boatraceraid.jp/exhibition/?opdt=2026-09-25&rcoursecd=05&rno=12
20260925,多摩川,12,4,4288,永田 啓二,A1,6.7,37.19,5.48,7.03,4.0,-0.01,0.0,,,晴,26.0,24.0,2.0,南,2.0,https://boatraceraid.jp/exhibition/?opdt=2026-09-25&rcoursecd=05&rno=12
20260925,多摩川,12,5,4446,和田 兼輔,A1,6.58,37.59,5.88,6.93,5.0,-0.01,0.0,,,晴,26.0,24.0,2.0,南,2.0,https://boatraceraid.jp/exhibition/?opdt=2026-09-25&rcoursecd=05&rno=12
20260925,多摩川,12,6,4737,竹井 貴史,A1,6.58,36.71,5.49,7.07,6.0,0.01,0.0,,,晴,26.0,24.0,2.0,南,2.0,https://boatraceraid.jp/exhibition/?opdt=2026-09-25&rcoursecd=05&rno=12
20260926,多摩川,1,1,3202,三品 隆浩,B1,6.67,36.61,5.66,6.89,1.0,0.07,-0.5,,,雨,19.0,24.0,0.0,北,2.0,https://boatraceraid.jp/exhibition/?opdt=2026-09-26&rcoursecd=05&rno=01
20260926,多摩川,1,2,3653,品川 賢次,B2,6.7,36.9,5.67,7.0,2.0,0.02,0.0,,,雨,19.0,24.0,0.0,北,2.0,https://boatraceraid.jp/exhibition/?opdt=2026-09-26&rcoursecd=05&rno=01
20260926,多摩川,1,3,3589,西村 勝,B1,6.68,37.05,5.77,6.88,3.0,0.06,-0.5,,,雨,19.0,24.0,0.0,北,2.0,https://boatraceraid.jp/exhibition/?opdt=2026-09-26&rcoursecd=05&rno=01
20260926,多摩川,1,4,5411,木下 虎之輔,B2,6.71,36.93,5.74,6.77,4.0,-0.05,-0.5,,,雨,19.0,24.0,0.0,北,2.0,https://boatraceraid.jp/exhibition/?opdt=2026-09-26&rcoursecd=05&rno=01
20260926,多摩川,1,5,4709,岡村 将也,A2,6.7,36.83,5.53,6.87,5.0,-0.01,0.0,,,雨,19.0,24.0,0.0,北,2.0,https://boatraceraid.jp/exhibition/?opdt=2026-09-26&rcoursecd=05&rno=01
20260926,多摩川,1,6,3302,谷川 里江,B1,6.66,37.74,5.93,6.92,6.0,0.06,-0.5,,,雨,19.0,24.0,0.0,北,2.0,https://boatraceraid.jp/exhibition/?opdt=2026-09-26&rcoursecd=05&rno=01
20260926,多摩川,2,1,5199,垂水 悠,B1,6.62,36.27,5.83,6.73,1.0,-0.05,-0.5,,,雨,19.0,24.0,0.0,北,2.0,https://boatraceraid.jp/exhibition/?opdt=2026-09-26&rcoursecd=05&rno=02
20260926,多摩川,2,2,4288,永田 啓二,A1,6.58,37.0,5.73,7.06,2.0,-0.1,0.5,,,雨,19.0,24.0,0.0,北,2.0,https://boatraceraid.jp/exhibition/?opdt=2026-09-26&rcoursecd=05&rno=02
20260926,多摩川,2,3,5313,鈴木 唯央,B1,6.7,37.07,6.03,6.88,3.0,0.05,0.0,,,雨,19.0,24.0,0.0,北,2.0,https://boatraceraid.jp/exhibition/?opdt=2026-09-26&rcoursecd=05&rno=02
20260926,多摩川,2,4,4379,桑島 和宏,A2,6.66,36.83,6.07,6.8,4.0,0.09,-0.5,,,雨,19.0,24.0,0.0,北,2.0,https://boatraceraid.jp/exhibition/?opdt=2026-09-26&rcoursecd=05&rno=02
20260926,多摩川,2,5,5327,西田 和加,B2,6.65,37.47,5.9,6.9,5.0,-0.01,0.0,,,雨,19.0,24.0,0.0,北,2.0,https://boatraceraid.jp/exhibition/?opdt=2026-09-26&rcoursecd=05&rno=02
20260926,多摩川,2,6,4190,長嶋 万記,B2,6.7,37.72,5.9,6.9,6.0,-0.04,0.0,,,雨,19.0,24.0,0.0,北,2.0,https://boatraceraid.jp/exhibition/?opdt=2026-09-26&rcoursecd=05&rno=02
20260926,多摩川,3,1,4332,村上 彰一,B1,6.67,37.01,5.66,6.93,1.0,0.04,0.0,,,雨,19.0,23.0,1.0,北西,2.0,https://boatraceraid.jp/exhibition/?opdt=2026-09-26&rcoursecd=05&rno=03
20260926,多摩川,3,2,4737,竹井 貴史,A1,6.63,36.31,5.92,6.86,2.0,0.01,0.0,,,雨,19.0,23.0,1.0,北西,2.0,https://boatraceraid.jp/exhibition/?opdt=2026-09-26&rcoursecd=05&rno=03
20260926,多摩川,3,3,5049,松井 友汰,A2,6.66,36.63,5.78,6.91,3.0,0.11,-0.5,,,雨,19.0,23.0,1.0,北西,2.0,https://boatraceraid.jp/exhibition/?opdt=2026-09-26&rcoursecd=05&rno=03
20260926,多摩川,3,4,4435,服部 達哉,A2,6.67,36.96,5.52,6.97,4.0,-0.01,-0.5,,,雨,19.0,23.0,1.0,北西,2.0,https://boatraceraid.jp/exhibition/?opdt=2026-09-26&rcoursecd=05&rno=03
20260926,多摩川,3,5,5376,吉田 一心,B1,6.75,37.0,5.63,6.97,5.0,0.08,0.0,,,雨,19.0,23.0,1.0,北西,2.0,https://boatraceraid.jp/exhibition/?opdt=2026-09-26&rcoursecd=05&rno=03
20260926,多摩川,3,6,5048,眞鳥 康太,B1,6.54,37.73,5.7,7.19,6.0,0.07,3.0,,,雨,19.0,23.0,1.0,北西,2.0,https://boatraceraid.jp/exhibition/?opdt=2026-09-26&rcoursecd=05&rno=03
20260926,多摩川,4,1,3518,倉田 郁美,B1,6.66,37.31,5.6,7.07,1.0,0.14,-0.5,,,雨,19.0,23.0,0.0,北,2.0,https://boatraceraid.jp/exhibition/?opdt=2026-09-26&rcoursecd=05&rno=04
20260926,多摩川,4,2,3349,吉田 一郎,A1,6.75,37.02,5.77,6.99,2.0,0.14,-0.5,,,雨,19.0,23.0,0.0,北,2.0,https://boatraceraid.jp/exhibition/?opdt=2026-09-26&rcoursecd=05&rno=04
20260926,多摩川,4,3,4144,石塚 久也,A2,6.65,37.03,5.73,7.01,3.0,0.01,0.0,,,雨,19.0,23.0,0.0,北,2.0,https://boatraceraid.jp/exhibition/?opdt=2026-09-26&rcoursecd=05&rno=04
20260926,多摩川,4,4,3662,大庭 元明,B1,6.67,37.21,5.73,6.96,4.0,0.02,-0.5,,,雨,19.0,23.0,0.0,北,2.0,https://boatraceraid.jp/exhibition/?opdt=2026-09-26&rcoursecd=05&rno=04
20260926,多摩川,4,5,4025,山本 隆幸,A1,6.73,37.32,5.63,6.93,5.0,0.02,-0.5,,,雨,19.0,23.0,0.0,北,2.0,https://boatraceraid.jp/exhibition/?opdt=2026-09-26&rcoursecd=05&rno=04
20260926,多摩川,4,6,4864,小川 日紀太,B1,6.78,37.43,5.56,7.1,6.0,-0.04,0.0,,,雨,19.0,23.0,0.0,北,2.0,https://boatraceraid.jp/exhibition/?opdt=2026-09-26&rcoursecd=05&rno=04
20260926,多摩川,5,1,4447,深川 麻奈美,B1,6.7,36.99,6.03,6.9,1.0,-0.09,0.0,,,雨,19.0,23.0,2.0,東,2.0,https://boatraceraid.jp/exhibition/?opdt=2026-09-26&rcoursecd=05&rno=05
20260926,多摩川,5,2,4446,和田 兼輔,A1,6.65,37.0,5.83,7.01,2.0,-0.08,0.0,,,雨,19.0,23.0,2.0,東,2.0,https://boatraceraid.jp/exhibition/?opdt=2026-09-26&rcoursecd=05&rno=05
20260926,多摩川,5,3,4348,宮崎 奨,A2,6.82,37.71,5.84,6.96,3.0,-0.05,-0.5,,,雨,19.0,23.0,2.0,東,2.0,https://boatraceraid.jp/exhibition/?opdt=2026-09-26&rcoursecd=05&rno=05
20260926,多摩川,5,4,4015,前野 竜一,A2,6.74,36.87,5.74,7.07,4.0,0.25,-0.5,,,雨,19.0,23.0,2.0,東,2.0,https://boatraceraid.jp/exhibition/?opdt=2026-09-26&rcoursecd=05&rno=05
20260926,多摩川,5,5,4113,木村 浩士,B1,6.81,37.2,5.77,6.93,5.0,-0.02,-0.5,,,雨,19.0,23.0,2.0,東,2.0,https://boatraceraid.jp/exhibition/?opdt=2026-09-26&rcoursecd=05&rno=05
20260926,多摩川,5,6,5292,佐藤 右京,B1,6.8,37.3,5.67,6.95,6.0,0.05,-0.5,,,雨,19.0,23.0,2.0,東,2.0,https://boatraceraid.jp/exhibition/?opdt=2026-09-26&rcoursecd=05&rno=05
20260926,多摩川,6,1,4224,大橋 栄里佳,B1,6.72,36.43,5.83,6.98,1.0,0.21,-0.5,,,曇り,20.0,23.0,2.0,北東,2.0,https://boatraceraid.jp/exhibition/?opdt=2026-09-26&rcoursecd=05&rno=06
20260926,多摩川,6,2,5313,鈴木 唯央,B1,6.76,36.58,5.64,7.03,2.0,0.19,-0.5,,,曇り,20.0,23.0,2.0,北東,2.0,https://boatraceraid.jp/exhibition/?opdt=2026-09-26&rcoursecd=05&rno=06
20260926,多摩川,6,3,5079,大石 真央,B1,6.7,37.35,6.05,6.88,3.0,0.11,-0.5,,,曇り,20.0,23.0,2.0,北東,2.0,https://boatraceraid.jp/exhibition/?opdt=2026-09-26&rcoursecd=05&rno=06
20260926,多摩川,6,4,5023,久永 祥平,A2,6.82,37.84,5.9,7.03,4.0,0.11,0.0,,,曇り,20.0,23.0,2.0,北東,2.0,https://boatraceraid.jp/exhibition/?opdt=2026-09-26&rcoursecd=05&rno=06
20260926,多摩川,6,5,3202,三品 隆浩,B1,6.75,37.37,7.27,6.63,5.0,0.18,-0.5,,,曇り,20.0,23.0,2.0,北東,2.0,https://boatraceraid.jp/exhibition/?opdt=2026-09-26&rcoursecd=05&rno=06
20260926,多摩川,6,6,4383,竹田 吉行,A2,6.73,37.47,6.17,6.83,6.0,0.16,-0.5,,,曇り,20.0,23.0,2.0,北東,2.0,https://boatraceraid.jp/exhibition/?opdt=2026-09-26&rcoursecd=05&rno=06
20260926,多摩川,7,1,4513,河野 真也,A2,6.68,36.33,5.56,6.87,1.0,0.12,-0.5,,,曇り,19.0,23.0,1.0,北東,2.0,https://boatraceraid.jp/exhibition/?opdt=2026-09-26&rcoursecd=05&rno=07
20260926,多摩川,7,2,5327,西田 和加,B2,6.72,37.14,5.77,7.0,2.0,0.25,0.0,,,曇り,19.0,23.0,1.0,北東,2.0,https://boatraceraid.jp/exhibition/?opdt=2026-09-26&rcoursecd=05&rno=07
20260926,多摩川,7,3,3385,渡邉 睦広,A2,6.7,37.21,5.78,7.07,3.0,0.14,-0.5,,,曇り,19.0,23.0,1.0,北東,2.0,https://boatraceraid.jp/exhibition/?opdt=2026-09-26&rcoursecd=05&rno=07
20260926,多摩川,7,4,3302,谷川 里江,B1,6.72,38.03,5.67,7.01,4.0,0.21,-0.5,,,曇り,19.0,23.0,1.0,北東,2.0,https://boatraceraid.jp/exhibition/?opdt=2026-09-26&rcoursecd=05&rno=07
20260926,多摩川,7,5,4003,表 憲一,B1,6.75,37.36,5.67,6.98,5.0,0.05,-0.5,,,曇り,19.0,23.0,1.0,北東,2.0,https://boatraceraid.jp/exhibition/?opdt=2026-09-26&rcoursecd=05&rno=07
20260926,多摩川,7,6,5048,眞鳥 康太,B1,6.56,38.17,5.8,7.2,6.0,0.19,3.0,,,曇り,19.0,23.0,1.0,北東,2.0,https://boatraceraid.jp/exhibition/?opdt=2026-09-26&rcoursecd=05&rno=07
20260926,多摩川,8,1,3885,久田 武,A2,6.67,36.47,5.8,6.97,1.0,0.12,-0.5,,,雨,19.0,23.0,1.0,北西,2.0,https://boatraceraid.jp/exhibition/?opdt=2026-09-26&rcoursecd=05&rno=08
20260926,多摩川,8,2,3518,倉田 郁美,B1,6.63,37.13,5.66,7.07,2.0,0.19,-0.5,,,雨,19.0,23.0,1.0,北西,2.0,https://boatraceraid.jp/exhibition/?opdt=2026-09-26&rcoursecd=05&rno=08
20260926,多摩川,8,3,5376,吉田 一心,B1,6.71,36.9,5.87,6.93,3.0,0.12,0.0,,,雨,19.0,23.0,1.0,北西,2.0,https://boatraceraid.jp/exhibition/?opdt=2026-09-26&rcoursecd=05&rno=08
20260926,多摩川,8,4,4931,木谷 賢太,A1,6.74,36.36,5.3,7.0,4.0,0.23,-0.5,,,雨,19.0,23.0,1.0,北西,2.0,https://boatraceraid.jp/exhibition/?opdt=2026-09-26&rcoursecd=05&rno=08
20260926,多摩川,8,5,5411,木下 虎之輔,B2,6.77,37.0,6.08,6.8,5.0,0.12,-0.5,,,雨,19.0,23.0,1.0,北西,2.0,https://boatraceraid.jp/exhibition/?opdt=2026-09-26&rcoursecd=05&rno=08
20260926,多摩川,8,6,4288,永田 啓二,A1,6.67,37.65,5.65,7.07,6.0,0.05,1.0,,,雨,19.0,23.0,1.0,北西,2.0,https://boatraceraid.jp/exhibition/?opdt=2026-09-26&rcoursecd=05&rno=08
20260926,多摩川,9,1,4225,土屋 千明,A2,6.68,36.78,5.85,6.93,1.0,-0.13,-0.5,,,雨,19.0,23.0,0.0,北,2.0,https://boatraceraid.jp/exhibition/?opdt=2026-09-26&rcoursecd=05&rno=09
20260926,多摩川,9,2,3072,西田 靖,B1,6.7,37.42,6.12,6.87,2.0,0.19,0.0,,,雨,19.0,23.0,0.0,北,2.0,https://boatraceraid.jp/exhibition/?opdt=2026-09-26&rcoursecd=05&rno=09
20260926,多摩川,9,3,4348,宮崎 奨,A2,6.75,37.42,5.77,6.93,3.0,-0.04,0.0,,,雨,19.0,23.0,0.0,北,2.0,https://boatraceraid.jp/exhibition/?opdt=2026-09-26&rcoursecd=05&rno=09
20260926,多摩川,9,4,4864,小川 日紀太,B1,6.68,36.98,5.97,6.89,4.0,0.11,0.0,,,雨,19.0,23.0,0.0,北,2.0,https://boatraceraid.jp/exhibition/?opdt=2026-09-26&rcoursecd=05&rno=09
20260926,多摩川,9,5,3589,西村 勝,B1,6.7,37.68,5.86,6.86,5.0,-0.03,-0.5,,,雨,19.0,23.0,0.0,北,2.0,https://boatraceraid.jp/exhibition/?opdt=2026-09-26&rcoursecd=05&rno=09
20260926,多摩川,9,6,4932,新開 航,A1,6.56,37.0,6.17,6.84,6.0,0.09,1.0,,,雨,19.0,23.0,0.0,北,2.0,https://boatraceraid.jp/exhibition/?opdt=2026-09-26&rcoursecd=05&rno=09
20260926,多摩川,10,1,3349,吉田 一郎,A1,6.7,36.72,5.57,6.9,1.0,0.01,-0.5,,,雨,19.0,23.0,1.0,北西,2.0,https://boatraceraid.jp/exhibition/?opdt=2026-09-26&rcoursecd=05&rno=10
20260926,多摩川,10,2,5199,垂水 悠,B1,6.64,36.92,5.46,6.93,2.0,0.07,-0.5,,,雨,19.0,23.0,1.0,北西,2.0,https://boatraceraid.jp/exhibition/?opdt=2026-09-26&rcoursecd=05&rno=10
20260926,多摩川,10,3,4251,川崎 誠志,B1,6.75,37.6,5.56,6.98,3.0,0.08,-0.5,,,雨,19.0,23.0,1.0,北西,2.0,https://boatraceraid.jp/exhibition/?opdt=2026-09-26&rcoursecd=05&rno=10
20260926,多摩川,10,4,3860,松本 浩貴,B1,6.75,38.21,5.66,7.01,4.0,0.12,-0.5,,,雨,19.0,23.0,1.0,北西,2.0,https://boatraceraid.jp/exhibition/?opdt=2026-09-26&rcoursecd=05&rno=10
20260926,多摩川,10,5,4737,竹井 貴史,A1,6.66,36.71,5.56,6.95,5.0,0.08,0.0,,,雨,19.0,23.0,1.0,北西,2.0,https://boatraceraid.jp/exhibition/?opdt=2026-09-26&rcoursecd=05&rno=10
20260926,多摩川,10,6,4709,岡村 将也,A2,6.72,37.42,5.85,6.92,6.0,0.27,-0.5,,,雨,19.0,23.0,1.0,北西,2.0,https://boatraceraid.jp/exhibition/?opdt=2026-09-26&rcoursecd=05&rno=10
20260926,多摩川,11,1,4446,和田 兼輔,A1,6.55,36.62,5.84,6.63,1.0,0.15,0.0,,,雨,19.0,23.0,1.0,北東,2.0,https://boatraceraid.jp/exhibition/?opdt=2026-09-26&rcoursecd=05&rno=11
20260926,多摩川,11,2,4435,服部 達哉,A2,6.63,36.68,5.54,6.94,2.0,0.23,-0.5,,,雨,19.0,23.0,1.0,北東,2.0,https://boatraceraid.jp/exhibition/?opdt=2026-09-26&rcoursecd=05&rno=11
20260926,多摩川,11,3,3653,品川 賢次,B2,6.68,36.83,6.11,6.81,3.0,0.1,-0.5,,,雨,19.0,23.0,1.0,北東,2.0,https://boatraceraid.jp/exhibition/?opdt=2026-09-26&rcoursecd=05&rno=11
20260926,多摩川,11,4,3075,中村 裕将,B1,6.73,37.0,6.23,6.97,4.0,0.05,-0.5,,,雨,19.0,23.0,1.0,北東,2.0,https://boatraceraid.jp/exhibition/?opdt=2026-09-26&rcoursecd=05&rno=11
20260926,多摩川,11,5,4224,大橋 栄里佳,B1,6.68,36.83,5.8,7.04,5.0,-0.05,-0.5,,,雨,19.0,23.0,1.0,北東,2.0,https://boatraceraid.jp/exhibition/?opdt=2026-09-26&rcoursecd=05&rno=11
20260926,多摩川,11,6,4144,石塚 久也,A2,6.57,37.17,5.63,7.0,6.0,0.03,0.0,,,雨,19.0,23.0,1.0,北東,2.0,https://boatraceraid.jp/exhibition/?opdt=2026-09-26&rcoursecd=05&rno=11
20260926,多摩川,12,1,4061,萩原 秀人,A1,6.7,36.48,6.12,6.57,1.0,0.08,0.0,,,雨,19.0,23.0,0.0,北,2.0,https://boatraceraid.jp/exhibition/?opdt=2026-09-26&rcoursecd=05&rno=12
20260926,多摩川,12,2,4190,長嶋 万記,B2,6.7,37.67,5.86,6.87,2.0,0.06,0.0,,,雨,19.0,23.0,0.0,北,2.0,https://boatraceraid.jp/exhibition/?opdt=2026-09-26&rcoursecd=05&rno=12
20260926,多摩川,12,3,4015,前野 竜一,A2,6.76,37.01,5.57,7.08,3.0,0.03,-0.5,,,雨,19.0,23.0,0.0,北,2.0,https://boatraceraid.jp/exhibition/?opdt=2026-09-26&rcoursecd=05&rno=12
20260926,多摩川,12,4,3662,大庭 元明,B1,6.72,36.78,5.8,6.97,4.0,0.01,-0.5,,,雨,19.0,23.0,0.0,北,2.0,https://boatraceraid.jp/exhibition/?opdt=2026-09-26&rcoursecd=05&rno=12
20260926,多摩川,12,5,5049,松井 友汰,A2,6.65,37.03,5.61,6.98,5.0,-0.07,0.0,,,雨,19.0,23.0,0.0,北,2.0,https://boatraceraid.jp/exhibition/?opdt=2026-09-26&rcoursecd=05&rno=12
20260926,多摩川,12,6,3385,渡邉 睦広,A2,6.77,37.32,5.81,7.1,6.0,-0.09,-0.5,,,雨,19.0,23.0,0.0,北,2.0,https://boatraceraid.jp/exhibition/?opdt=2026-09-26&rcoursecd=05&rno=12
20260927,多摩川,1,1,5292,佐藤 右京,B1,6.77,36.86,5.97,6.73,1.0,0.18,-0.5,,,曇り,20.0,23.0,1.0,西,2.0,https://boatraceraid.jp/exhibition/?opdt=2026-09-27&rcoursecd=05&rno=01
20260927,多摩川,1,2,4864,小川 日紀太,B1,6.72,36.85,6.32,6.83,2.0,0.11,0.0,,,曇り,20.0,23.0,1.0,西,2.0,https://boatraceraid.jp/exhibition/?opdt=2026-09-27&rcoursecd=05&rno=01
20260927,多摩川,1,3,4003,表 憲一,B1,6.74,37.24,5.66,7.0,3.0,0.09,-0.5,,,曇り,20.0,23.0,1.0,西,2.0,https://boatraceraid.jp/exhibition/?opdt=2026-09-27&rcoursecd=05&rno=01
20260927,多摩川,1,4,4513,河野 真也,A2,6.67,36.85,5.36,7.03,4.0,0.1,-0.5,,,曇り,20.0,23.0,1.0,西,2.0,https://boatraceraid.jp/exhibition/?opdt=2026-09-27&rcoursecd=05&rno=01
20260927,多摩川,1,5,4251,川崎 誠志,B1,6.7,37.52,6.21,6.97,5.0,0.07,-0.5,,,曇り,20.0,23.0,1.0,西,2.0,https://boatraceraid.jp/exhibition/?opdt=2026-09-27&rcoursecd=05&rno=01
20260927,多摩川,1,6,4379,桑島 和宏,A2,6.72,37.03,5.7,7.1,6.0,0.1,-0.5,,,曇り,20.0,23.0,1.0,西,2.0,https://boatraceraid.jp/exhibition/?opdt=2026-09-27&rcoursecd=05&rno=01
20260927,多摩川,2,1,4113,木村 浩士,B1,6.73,36.93,5.5,7.03,1.0,0.16,-0.5,,,曇り,20.0,23.0,1.0,西,2.0,https://boatraceraid.jp/exhibition/?opdt=2026-09-27&rcoursecd=05&rno=02
20260927,多摩川,2,2,3072,西田 靖,B1,6.72,37.53,6.14,6.97,2.0,-0.04,0.0,,,曇り,20.0,23.0,1.0,西,2.0,https://boatraceraid.jp/exhibition/?opdt=2026-09-27&rcoursecd=05&rno=02
20260927,多摩川,2,3,4932,新開 航,A1,6.72,37.17,5.83,6.85,3.0,0.19,-0.5,,,曇り,20.0,23.0,1.0,西,2.0,https://boatraceraid.jp/exhibition/?opdt=2026-09-27&rcoursecd=05&rno=02
20260927,多摩川,2,4,4447,深川 麻奈美,B1,6.69,37.25,5.88,7.0,4.0,0.06,0.0,,,曇り,20.0,23.0,1.0,西,2.0,https://boatraceraid.jp/exhibition/?opdt=2026-09-27&rcoursecd=05&rno=02
20260927,多摩川,2,5,5313,鈴木 唯央,B1,6.74,37.39,5.4,7.07,5.0,0.04,-0.5,,,曇り,20.0,23.0,1.0,西,2.0,https://boatraceraid.jp/exhibition/?opdt=2026-09-27&rcoursecd=05&rno=02
20260927,多摩川,2,6,4931,木谷 賢太,A1,6.76,36.95,5.37,6.93,6.0,0.02,-0.5,,,曇り,20.0,23.0,1.0,西,2.0,https://boatraceraid.jp/exhibition/?opdt=2026-09-27&rcoursecd=05&rno=02
20260927,多摩川,3,1,3653,品川 賢次,B2,6.73,36.76,6.3,6.77,1.0,0.13,0.0,,,曇り,20.0,23.0,2.0,西,2.0,https://boatraceraid.jp/exhibition/?opdt=2026-09-27&rcoursecd=05&rno=03
20260927,多摩川,3,2,3860,松本 浩貴,B1,6.76,37.48,6.05,6.93,2.0,0.06,-0.5,,,曇り,20.0,23.0,2.0,西,2.0,https://boatraceraid.jp/exhibition/?opdt=2026-09-27&rcoursecd=05&rno=03
20260927,多摩川,3,3,4225,土屋 千明,A2,6.7,37.68,6.14,7.0,3.0,-0.01,-0.5,,,曇り,20.0,23.0,2.0,西,2.0,https://boatraceraid.jp/exhibition/?opdt=2026-09-27&rcoursecd=05&rno=03
20260927,多摩川,3,4,4061,萩原 秀人,A1,6.84,37.16,5.73,6.97,4.0,0.17,0.0,,,曇り,20.0,23.0,2.0,西,2.0,https://boatraceraid.jp/exhibition/?opdt=2026-09-27&rcoursecd=05&rno=03
20260927,多摩川,3,5,3302,谷川 里江,B1,6.72,37.92,6.07,7.03,5.0,0.13,-0.5,,,曇り,20.0,23.0,2.0,西,2.0,https://boatraceraid.jp/exhibition/?opdt=2026-09-27&rcoursecd=05&rno=03
20260927,多摩川,3,6,3385,渡邉 睦広,A2,6.79,37.72,6.14,7.07,6.0,0.16,-0.5,,,曇り,20.0,23.0,2.0,西,2.0,https://boatraceraid.jp/exhibition/?opdt=2026-09-27&rcoursecd=05&rno=03
20260927,多摩川,4,1,5327,西田 和加,B2,6.71,36.88,5.75,6.93,1.0,0.07,0.0,,,曇り,21.0,23.0,0.0,北,2.0,https://boatraceraid.jp/exhibition/?opdt=2026-09-27&rcoursecd=05&rno=04
20260927,多摩川,4,2,4224,大橋 栄里佳,B1,6.68,37.07,5.64,6.97,2.0,0.22,-0.5,,,曇り,21.0,23.0,0.0,北,2.0,https://boatraceraid.jp/exhibition/?opdt=2026-09-27&rcoursecd=05&rno=04
20260927,多摩川,4,3,4435,服部 達哉,A2,6.66,36.73,5.61,6.97,3.0,0.01,-0.5,,,曇り,21.0,23.0,0.0,北,2.0,https://boatraceraid.jp/exhibition/?opdt=2026-09-27&rcoursecd=05&rno=04
20260927,多摩川,4,4,5049,松井 友汰,A2,6.66,37.8,6.0,6.73,4.0,0.07,0.0,,,曇り,21.0,23.0,0.0,北,2.0,https://boatraceraid.jp/exhibition/?opdt=2026-09-27&rcoursecd=05&rno=04
20260927,多摩川,4,5,4288,永田 啓二,A1,6.64,37.4,5.67,6.93,5.0,0.04,0.5,,,曇り,21.0,23.0,0.0,北,2.0,https://boatraceraid.jp/exhibition/?opdt=2026-09-27&rcoursecd=05&rno=04
20260927,多摩川,4,6,3518,倉田 郁美,B1,6.7,37.27,6.56,6.93,6.0,0.09,-0.5,,,曇り,21.0,23.0,0.0,北,2.0,https://boatraceraid.jp/exhibition/?opdt=2026-09-27&rcoursecd=05&rno=04
20260927,多摩川,5,1,4864,小川 日紀太,B1,6.75,36.82,5.85,6.97,1.0,0.15,0.0,,,曇り,21.0,23.0,1.0,北西,2.0,https://boatraceraid.jp/exhibition/?opdt=2026-09-27&rcoursecd=05&rno=05
20260927,多摩川,5,2,5048,眞鳥 康太,B1,6.73,37.81,5.83,7.03,2.0,0.24,0.0,,,曇り,21.0,23.0,1.0,北西,2.0,https://boatraceraid.jp/exhibition/?opdt=2026-09-27&rcoursecd=05&rno=05
20260927,多摩川,5,3,4737,竹井 貴史,A1,6.7,36.87,5.7,6.93,3.0,0.09,0.0,,,曇り,21.0,23.0,1.0,北西,2.0,https://boatraceraid.jp/exhibition/?opdt=2026-09-27&rcoursecd=05&rno=05
20260927,多摩川,5,4,3202,三品 隆浩,B1,6.82,37.03,6.63,6.73,4.0,0.09,-0.5,,,曇り,21.0,23.0,1.0,北西,2.0,https://boatraceraid.jp/exhibition/?opdt=2026-09-27&rcoursecd=05&rno=05
20260927,多摩川,5,5,4190,長嶋 万記,B2,6.75,37.74,6.1,6.87,5.0,0.07,0.0,,,曇り,21.0,23.0,1.0,北西,2.0,https://boatraceraid.jp/exhibition/?opdt=2026-09-27&rcoursecd=05&rno=05
20260927,多摩川,5,6,3349,吉田 一郎,A1,6.75,37.17,5.63,7.0,6.0,0.17,-0.5,,,曇り,21.0,23.0,1.0,北西,2.0,https://boatraceraid.jp/exhibition/?opdt=2026-09-27&rcoursecd=05&rno=05
20260927,多摩川,6,1,5376,吉田 一心,B1,6.72,36.54,6.19,6.83,1.0,0.02,-0.5,,,曇り,21.0,23.0,0.0,北,2.0,https://boatraceraid.jp/exhibition/?opdt=2026-09-27&rcoursecd=05&rno=06
20260927,多摩川,6,2,4003,表 憲一,B1,6.71,37.3,5.7,7.0,2.0,0.07,-0.5,,,曇り,21.0,23.0,0.0,北,2.0,https://boatraceraid.jp/exhibition/?opdt=2026-09-27&rcoursecd=05&rno=06
20260927,多摩川,6,3,5023,久永 祥平,A2,6.75,37.34,5.89,6.9,3.0,0.06,0.0,,,曇り,21.0,23.0,0.0,北,2.0,https://boatraceraid.jp/exhibition/?opdt=2026-09-27&rcoursecd=05&rno=06
20260927,多摩川,6,4,5079,大石 真央,B1,6.72,37.47,5.66,7.03,4.0,-0.01,-0.5,,,曇り,21.0,23.0,0.0,北,2.0,https://boatraceraid.jp/exhibition/?opdt=2026-09-27&rcoursecd=05&rno=06
20260927,多摩川,6,5,4025,山本 隆幸,A1,6.68,37.19,5.54,7.0,5.0,0.11,0.0,,,曇り,21.0,23.0,0.0,北,2.0,https://boatraceraid.jp/exhibition/?opdt=2026-09-27&rcoursecd=05&rno=06
20260927,多摩川,6,6,4332,村上 彰一,B1,6.7,37.15,5.91,6.93,6.0,0.12,0.0,,,曇り,21.0,23.0,0.0,北,2.0,https://boatraceraid.jp/exhibition/?opdt=2026-09-27&rcoursecd=05&rno=06
20260927,多摩川,7,1,4015,前野 竜一,A2,6.7,36.9,5.93,6.9,1.0,0.27,-0.5,,,曇り,21.0,23.0,0.0,北,2.0,https://boatraceraid.jp/exhibition/?opdt=2026-09-27&rcoursecd=05&rno=07
20260927,多摩川,7,2,3075,中村 裕将,B1,6.83,37.53,6.07,7.07,2.0,0.17,0.0,,,曇り,21.0,23.0,0.0,北,2.0,https://boatraceraid.jp/exhibition/?opdt=2026-09-27&rcoursecd=05&rno=07
20260927,多摩川,7,3,4446,和田 兼輔,A1,6.61,37.12,6.15,6.87,3.0,0.06,0.0,,,曇り,21.0,23.0,0.0,北,2.0,https://boatraceraid.jp/exhibition/?opdt=2026-09-27&rcoursecd=05&rno=07
20260927,多摩川,7,4,5313,鈴木 唯央,B1,6.79,37.09,5.7,7.0,4.0,0.15,-0.5,,,曇り,21.0,23.0,0.0,北,2.0,https://boatraceraid.jp/exhibition/?opdt=2026-09-27&rcoursecd=05&rno=07
20260927,多摩川,7,5,5411,木下 虎之輔,B2,6.75,37.46,5.76,6.83,5.0,0.12,-0.5,,,曇り,21.0,23.0,0.0,北,2.0,https://boatraceraid.jp/exhibition/?opdt=2026-09-27&rcoursecd=05&rno=07
20260927,多摩川,7,6,3885,久田 武,A2,6.73,37.61,5.86,7.13,6.0,0.39,-0.5,,,曇り,21.0,23.0,0.0,北,2.0,https://boatraceraid.jp/exhibition/?opdt=2026-09-27&rcoursecd=05&rno=07
20260927,多摩川,8,1,4383,竹田 吉行,A2,6.74,36.81,6.32,6.67,1.0,0.27,-0.5,,,曇り,22.0,23.0,1.0,北東,2.0,https://boatraceraid.jp/exhibition/?opdt=2026-09-27&rcoursecd=05&rno=08
20260927,多摩川,8,2,5292,佐藤 右京,B1,6.8,37.13,5.83,6.97,2.0,0.13,-0.5,,,曇り,22.0,23.0,1.0,北東,2.0,https://boatraceraid.jp/exhibition/?opdt=2026-09-27&rcoursecd=05&rno=08
20260927,多摩川,8,3,3662,大庭 元明,B1,6.7,37.28,6.0,6.83,3.0,0.11,-0.5,,,曇り,22.0,23.0,1.0,北東,2.0,https://boatraceraid.jp/exhibition/?opdt=2026-09-27&rcoursecd=05&rno=08
20260927,多摩川,8,4,4144,石塚 久也,A2,6.6,37.58,5.7,6.98,4.0,0.09,0.0,,,曇り,22.0,23.0,1.0,北東,2.0,https://boatraceraid.jp/exhibition/?opdt=2026-09-27&rcoursecd=05&rno=08
20260927,多摩川,8,5,4932,新開 航,A1,6.64,36.87,5.73,6.94,5.0,0.2,-0.5,,,曇り,22.0,23.0,1.0,北東,2.0,https://boatraceraid.jp/exhibition/?opdt=2026-09-27&rcoursecd=05&rno=08
20260927,多摩川,8,6,3589,西村 勝,B1,6.7,37.18,5.69,7.13,6.0,0.12,-0.5,,,曇り,22.0,23.0,1.0,北東,2.0,https://boatraceraid.jp/exhibition/?opdt=2026-09-27&rcoursecd=05&rno=08
20260927,多摩川,9,1,5049,松井 友汰,A2,6.69,36.75,5.65,6.87,1.0,0.08,0.0,,,曇り,22.0,23.0,1.0,西,2.0,https://boatraceraid.jp/exhibition/?opdt=2026-09-27&rcoursecd=05&rno=09
20260927,多摩川,9,2,4061,萩原 秀人,A1,6.77,37.1,5.8,6.8,2.0,0.23,0.0,,,曇り,22.0,23.0,1.0,西,2.0,https://boatraceraid.jp/exhibition/?opdt=2026-09-27&rcoursecd=05&rno=09
20260927,多摩川,9,3,4709,岡村 将也,A2,6.76,37.21,5.89,6.93,3.0,0.17,0.0,,,曇り,22.0,23.0,1.0,西,2.0,https://boatraceraid.jp/exhibition/?opdt=2026-09-27&rcoursecd=05&rno=09
20260927,多摩川,9,4,4113,木村 浩士,B1,6.78,37.87,5.72,7.14,4.0,0.13,-0.5,,,曇り,22.0,23.0,1.0,西,2.0,https://boatraceraid.jp/exhibition/?opdt=2026-09-27&rcoursecd=05&rno=09
20260927,多摩川,9,5,5199,垂水 悠,B1,6.67,36.9,5.97,6.9,5.0,-0.03,-0.5,,,曇り,22.0,23.0,1.0,西,2.0,https://boatraceraid.jp/exhibition/?opdt=2026-09-27&rcoursecd=05&rno=09
20260927,多摩川,9,6,3202,三品 隆浩,B1,6.77,37.96,5.94,6.93,6.0,0.04,0.0,,,曇り,22.0,23.0,1.0,西,2.0,https://boatraceraid.jp/exhibition/?opdt=2026-09-27&rcoursecd=05&rno=09
20260927,多摩川,10,1,4025,山本 隆幸,A1,6.62,36.97,5.86,6.9,1.0,0.05,0.0,,,晴,22.0,23.0,1.0,北東,2.0,https://boatraceraid.jp/exhibition/?opdt=2026-09-27&rcoursecd=05&rno=10
20260927,多摩川,10,2,4379,桑島 和宏,A2,6.7,36.8,5.87,6.93,2.0,0.12,-0.5,,,晴,22.0,23.0,1.0,北東,2.0,https://boatraceraid.jp/exhibition/?opdt=2026-09-27&rcoursecd=05&rno=10
20260927,多摩川,10,3,4190,長嶋 万記,B2,6.71,37.49,6.07,6.87,3.0,0.18,0.0,,,晴,22.0,23.0,1.0,北東,2.0,https://boatraceraid.jp/exhibition/?opdt=2026-09-27&rcoursecd=05&rno=10
20260927,多摩川,10,4,4224,大橋 栄里佳,B1,6.72,36.97,5.87,7.03,4.0,0.08,0.0,,,晴,22.0,23.0,1.0,北東,2.0,https://boatraceraid.jp/exhibition/?opdt=2026-09-27&rcoursecd=05&rno=10
20260927,多摩川,10,5,4931,木谷 賢太,A1,6.72,36.92,5.59,6.9,5.0,0.14,-0.5,,,晴,22.0,23.0,1.0,北東,2.0,https://boatraceraid.jp/exhibition/?opdt=2026-09-27&rcoursecd=05&rno=10
20260927,多摩川,10,6,4225,土屋 千明,A2,6.69,37.76,5.74,7.0,6.0,0.16,0.0,,,晴,22.0,23.0,1.0,北東,2.0,https://boatraceraid.jp/exhibition/?opdt=2026-09-27&rcoursecd=05&rno=10
20260927,多摩川,11,1,4288,永田 啓二,A1,6.68,36.94,5.63,6.97,1.0,0.09,0.0,,,曇り,23.0,23.0,0.0,北,2.0,https://boatraceraid.jp/exhibition/?opdt=2026-09-27&rcoursecd=05&rno=11
20260927,多摩川,11,2,3072,西田 靖,B1,6.72,37.33,6.14,6.9,2.0,0.13,-0.5,,,曇り,23.0,23.0,0.0,北,2.0,https://boatraceraid.jp/exhibition/?opdt=2026-09-27&rcoursecd=05&rno=11
20260927,多摩川,11,3,4015,前野 竜一,A2,6.72,36.43,5.77,7.07,3.0,0.15,-0.5,,,曇り,23.0,23.0,0.0,北,2.0,https://boatraceraid.jp/exhibition/?opdt=2026-09-27&rcoursecd=05&rno=11
20260927,多摩川,11,4,3860,松本 浩貴,B1,6.7,38.08,5.96,7.0,4.0,0.08,-0.5,,,曇り,23.0,23.0,0.0,北,2.0,https://boatraceraid.jp/exhibition/?opdt=2026-09-27&rcoursecd=05&rno=11
20260927,多摩川,11,5,5376,吉田 一心,B1,6.71,37.27,6.03,6.97,5.0,0.13,-0.5,,,曇り,23.0,23.0,0.0,北,2.0,https://boatraceraid.jp/exhibition/?opdt=2026-09-27&rcoursecd=05&rno=11
20260927,多摩川,11,6,4513,河野 真也,A2,6.63,37.05,5.45,7.03,6.0,0.13,-0.5,,,曇り,23.0,23.0,0.0,北,2.0,https://boatraceraid.jp/exhibition/?opdt=2026-09-27&rcoursecd=05&rno=11
20260927,多摩川,12,1,4737,竹井 貴史,A1,6.64,36.51,5.89,6.77,1.0,0.09,0.0,,,曇り,23.0,23.0,0.0,北,2.0,https://boatraceraid.jp/exhibition/?opdt=2026-09-27&rcoursecd=05&rno=12
20260927,多摩川,12,2,4447,深川 麻奈美,B1,6.61,37.33,5.7,7.0,2.0,0.11,0.0,,,曇り,23.0,23.0,0.0,北,2.0,https://boatraceraid.jp/exhibition/?opdt=2026-09-27&rcoursecd=05&rno=12
20260927,多摩川,12,3,3885,久田 武,A2,6.67,37.46,5.93,6.97,3.0,0.09,-0.5,,,曇り,23.0,23.0,0.0,北,2.0,https://boatraceraid.jp/exhibition/?opdt=2026-09-27&rcoursecd=05&rno=12
20260927,多摩川,12,4,4383,竹田 吉行,A2,6.66,37.26,5.97,6.97,4.0,0.37,-0.5,,,曇り,23.0,23.0,0.0,北,2.0,https://boatraceraid.jp/exhibition/?opdt=2026-09-27&rcoursecd=05&rno=12
20260927,多摩川,12,5,5023,久永 祥平,A2,6.7,37.34,5.89,6.9,5.0,0.15,0.0,,,曇り,23.0,23.0,0.0,北,2.0,https://boatraceraid.jp/exhibition/?opdt=2026-09-27&rcoursecd=05&rno=12
20260927,多摩川,12,6,4435,服部 達哉,A2,6.69,36.87,5.5,7.03,6.0,0.04,-0.5,,,曇り,23.0,23.0,0.0,北,2.0,https://boatraceraid.jp/exhibition/?opdt=2026-09-27&rcoursecd=05&rno=12
20260928,多摩川,1,1,5048,眞鳥 康太,B1,6.74,37.1,5.9,7.03,1.0,0.15,0.0,,,雨,21.0,23.0,1.0,西,2.0,https://boatraceraid.jp/exhibition/?opdt=2026-09-28&rcoursecd=05&rno=01
20260928,多摩川,1,2,3662,大庭 元明,B1,6.72,37.49,6.0,6.87,2.0,0.07,-0.5,,,雨,21.0,23.0,1.0,西,2.0,https://boatraceraid.jp/exhibition/?opdt=2026-09-28&rcoursecd=05&rno=01
20260928,多摩川,1,3,4025,山本 隆幸,A1,6.74,37.51,5.79,6.93,3.0,0.01,0.0,,,雨,21.0,23.0,1.0,西,2.0,https://boatraceraid.jp/exhibition/?opdt=2026-09-28&rcoursecd=05&rno=01
20260928,多摩川,1,4,4709,岡村 将也,A2,6.77,37.01,5.83,6.93,4.0,0.15,0.0,,,雨,21.0,23.0,1.0,西,2.0,https://boatraceraid.jp/exhibition/?opdt=2026-09-28&rcoursecd=05&rno=01
20260928,多摩川,1,5,5079,大石 真央,B1,6.68,37.11,5.54,7.07,5.0,0.2,0.0,,,雨,21.0,23.0,1.0,西,2.0,https://boatraceraid.jp/exhibition/?opdt=2026-09-28&rcoursecd=05&rno=01
20260928,多摩川,1,6,3653,品川 賢次,B2,6.78,37.19,5.9,6.97,6.0,0.22,-0.5,,,雨,21.0,23.0,1.0,西,2.0,https://boatraceraid.jp/exhibition/?opdt=2026-09-28&rcoursecd=05&rno=01
20260928,多摩川,2,1,5313,鈴木 唯央,B1,6.8,36.81,5.6,6.97,1.0,0.21,-0.5,,,雨,21.0,23.0,1.0,西,2.0,https://boatraceraid.jp/exhibition/?opdt=2026-09-28&rcoursecd=05&rno=02
20260928,多摩川,2,2,4513,河野 真也,A2,6.69,37.33,5.53,6.97,2.0,0.05,0.0,,,雨,21.0,23.0,1.0,西,2.0,https://boatraceraid.jp/exhibition/?opdt=2026-09-28&rcoursecd=05&rno=02
20260928,多摩川,2,3,5023,久永 祥平,A2,6.79,37.23,5.81,7.0,3.0,0.06,0.0,,,雨,21.0,23.0,1.0,西,2.0,https://boatraceraid.jp/exhibition/?opdt=2026-09-28&rcoursecd=05&rno=02
20260928,多摩川,2,4,5199,垂水 悠,B1,6.73,36.68,5.69,6.93,4.0,-0.03,-0.5,,,雨,21.0,23.0,1.0,西,2.0,https://boatraceraid.jp/exhibition/?opdt=2026-09-28&rcoursecd=05&rno=02
20260928,多摩川,2,5,5411,木下 虎之輔,B2,6.75,37.09,5.67,6.9,5.0,0.09,-0.5,,,雨,21.0,23.0,1.0,西,2.0,https://boatraceraid.jp/exhibition/?opdt=2026-09-28&rcoursecd=05&rno=02
20260928,多摩川,2,6,3518,倉田 郁美,B1,6.7,37.47,5.87,7.03,6.0,0.06,-0.5,,,雨,21.0,23.0,1.0,西,2.0,https://boatraceraid.jp/exhibition/?opdt=2026-09-28&rcoursecd=05&rno=02
20260928,多摩川,3,1,3302,谷川 里江,B1,6.72,37.59,5.91,7.0,1.0,0.23,-0.5,,,曇り,21.0,23.0,1.0,北東,2.0,https://boatraceraid.jp/exhibition/?opdt=2026-09-28&rcoursecd=05&rno=03
20260928,多摩川,3,2,4383,竹田 吉行,A2,6.71,38.21,6.11,6.87,2.0,0.25,-0.5,,,曇り,21.0,23.0,1.0,北東,2.0,https://boatraceraid.jp/exhibition/?opdt=2026-09-28&rcoursecd=05&rno=03
20260928,多摩川,3,3,3349,吉田 一郎,A1,6.75,37.33,5.67,7.07,3.0,0.02,-0.5,,,曇り,21.0,23.0,1.0,北東,2.0,https://boatraceraid.jp/exhibition/?opdt=2026-09-28&rcoursecd=05&rno=03
20260928,多摩川,3,4,3885,久田 武,A2,6.75,37.57,5.63,7.2,4.0,0.04,-0.5,,,曇り,21.0,23.0,1.0,北東,2.0,https://boatraceraid.jp/exhibition/?opdt=2026-09-28&rcoursecd=05&rno=03
20260928,多摩川,3,5,4113,木村 浩士,B1,6.78,37.47,5.34,7.2,5.0,0.05,-0.5,,,曇り,21.0,23.0,1.0,北東,2.0,https://boatraceraid.jp/exhibition/?opdt=2026-09-28&rcoursecd=05&rno=03
20260928,多摩川,3,6,3075,中村 裕将,B1,6.89,37.69,5.68,7.37,6.0,0.19,0.0,,,曇り,21.0,23.0,1.0,北東,2.0,https://boatraceraid.jp/exhibition/?opdt=2026-09-28&rcoursecd=05&rno=03
20260928,多摩川,4,1,4251,川崎 誠志,B1,6.67,36.62,6.1,6.74,1.0,0.37,-0.5,,,曇り,22.0,23.0,0.0,北,2.0,https://boatraceraid.jp/exhibition/?opdt=2026-09-28&rcoursecd=05&rno=04
20260928,多摩川,4,2,4931,木谷 賢太,A1,6.81,36.91,6.02,7.0,2.0,0.09,-0.5,,,曇り,22.0,23.0,0.0,北,2.0,https://boatraceraid.jp/exhibition/?opdt=2026-09-28&rcoursecd=05&rno=04
20260928,多摩川,4,3,4288,永田 啓二,A1,6.75,37.05,5.75,6.93,3.0,0.19,0.0,,,曇り,22.0,23.0,0.0,北,2.0,https://boatraceraid.jp/exhibition/?opdt=2026-09-28&rcoursecd=05&rno=04
20260928,多摩川,4,4,4447,深川 麻奈美,B1,6.73,37.43,5.7,7.0,4.0,0.11,0.0,,,曇り,22.0,23.0,0.0,北,2.0,https://boatraceraid.jp/exhibition/?opdt=2026-09-28&rcoursecd=05&rno=04
20260928,多摩川,4,5,3385,渡邉 睦広,A2,6.8,38.38,5.9,7.0,5.0,0.07,0.0,,,曇り,22.0,23.0,0.0,北,2.0,https://boatraceraid.jp/exhibition/?opdt=2026-09-28&rcoursecd=05&rno=04
20260928,多摩川,4,6,5327,西田 和加,B2,6.77,37.84,5.98,6.93,6.0,0.06,0.0,,,曇り,22.0,23.0,0.0,北,2.0,https://boatraceraid.jp/exhibition/?opdt=2026-09-28&rcoursecd=05&rno=04
20260928,多摩川,5,1,3589,西村 勝,B1,6.69,37.16,6.2,6.73,1.0,0.13,-0.5,,,曇り,22.0,23.0,0.0,北,2.0,https://boatraceraid.jp/exhibition/?opdt=2026-09-28&rcoursecd=05&rno=05
20260928,多摩川,5,2,4190,長嶋 万記,B2,6.69,37.5,5.88,6.9,2.0,0.18,0.0,,,曇り,22.0,23.0,0.0,北,2.0,https://boatraceraid.jp/exhibition/?opdt=2026-09-28&rcoursecd=05&rno=05
20260928,多摩川,5,3,4332,村上 彰一,B1,6.71,37.41,5.7,7.2,3.0,0.03,0.0,,,曇り,22.0,23.0,0.0,北,2.0,https://boatraceraid.jp/exhibition/?opdt=2026-09-28&rcoursecd=05&rno=05
20260928,多摩川,5,4,5048,眞鳥 康太,B1,6.75,38.07,5.97,7.1,4.0,0.08,0.0,,,曇り,22.0,23.0,0.0,北,2.0,https://boatraceraid.jp/exhibition/?opdt=2026-09-28&rcoursecd=05&rno=05
20260928,多摩川,5,5,4061,萩原 秀人,A1,6.76,36.96,6.04,6.8,5.0,0.07,0.0,,,曇り,22.0,23.0,0.0,北,2.0,https://boatraceraid.jp/exhibition/?opdt=2026-09-28&rcoursecd=05&rno=05
20260928,多摩川,5,6,5292,佐藤 右京,B1,6.77,37.11,5.76,7.11,6.0,0.14,-0.5,,,曇り,22.0,23.0,0.0,北,2.0,https://boatraceraid.jp/exhibition/?opdt=2026-09-28&rcoursecd=05&rno=05
20260928,多摩川,6,1,5079,大石 真央,B1,6.72,36.57,5.83,7.0,1.0,0.39,0.0,,,曇り,22.0,23.0,0.0,北,2.0,https://boatraceraid.jp/exhibition/?opdt=2026-09-28&rcoursecd=05&rno=06
20260928,多摩川,6,2,5049,松井 友汰,A2,6.75,37.28,6.0,6.87,2.0,0.06,0.0,,,曇り,22.0,23.0,0.0,北,2.0,https://boatraceraid.jp/exhibition/?opdt=2026-09-28&rcoursecd=05&rno=06
20260928,多摩川,6,3,4932,新開 航,A1,6.72,37.22,6.07,6.77,3.0,0.25,-0.5,,,曇り,22.0,23.0,0.0,北,2.0,https://boatraceraid.jp/exhibition/?opdt=2026-09-28&rcoursecd=05&rno=06
20260928,多摩川,6,4,4144,石塚 久也,A2,6.69,38.01,5.7,7.07,4.0,0.03,0.0,,,曇り,22.0,23.0,0.0,北,2.0,https://boatraceraid.jp/exhibition/?opdt=2026-09-28&rcoursecd=05&rno=06
20260928,多摩川,6,5,3518,倉田 郁美,B1,6.74,37.7,6.19,7.0,5.0,0.06,-0.5,,,曇り,22.0,23.0,0.0,北,2.0,https://boatraceraid.jp/exhibition/?opdt=2026-09-28&rcoursecd=05&rno=06
20260928,多摩川,6,6,3860,松本 浩貴,B1,6.82,38.28,6.02,7.13,6.0,-0.03,-0.5,,,曇り,22.0,23.0,0.0,北,2.0,https://boatraceraid.jp/exhibition/?opdt=2026-09-28&rcoursecd=05&rno=06
20260928,多摩川,7,1,4379,桑島 和宏,A2,6.75,37.46,6.33,6.7,1.0,-0.06,-0.5,,,曇り,22.0,23.0,1.0,北東,2.0,https://boatraceraid.jp/exhibition/?opdt=2026-09-28&rcoursecd=05&rno=07
20260928,多摩川,7,2,4446,和田 兼輔,A1,6.7,37.31,5.99,6.77,2.0,-0.01,-0.5,,,曇り,22.0,23.0,1.0,北東,2.0,https://boatraceraid.jp/exhibition/?opdt=2026-09-28&rcoursecd=05&rno=07
20260928,多摩川,7,3,3302,谷川 里江,B1,6.74,37.73,6.04,7.0,3.0,0.08,-0.5,,,曇り,22.0,23.0,1.0,北東,2.0,https://boatraceraid.jp/exhibition/?opdt=2026-09-28&rcoursecd=05&rno=07
20260928,多摩川,7,4,4864,小川 日紀太,B1,6.79,37.01,5.99,7.0,4.0,0.16,0.0,,,曇り,22.0,23.0,1.0,北東,2.0,https://boatraceraid.jp/exhibition/?opdt=2026-09-28&rcoursecd=05&rno=07
20260928,多摩川,7,5,3653,品川 賢次,B2,6.76,37.31,5.79,7.0,5.0,0.14,0.0,,,曇り,22.0,23.0,1.0,北東,2.0,https://boatraceraid.jp/exhibition/?opdt=2026-09-28&rcoursecd=05&rno=07
20260928,多摩川,7,6,5023,久永 祥平,A2,6.73,37.58,6.25,6.93,6.0,-0.01,0.0,,,曇り,22.0,23.0,1.0,北東,2.0,https://boatraceraid.jp/exhibition/?opdt=2026-09-28&rcoursecd=05&rno=07
20260928,多摩川,8,1,4709,岡村 将也,A2,6.8,36.7,5.8,6.9,1.0,0.07,-0.5,,,曇り,23.0,23.0,0.0,北,2.0,https://boatraceraid.jp/exhibition/?opdt=2026-09-28&rcoursecd=05&rno=08
20260928,多摩川,8,2,3072,西田 靖,B1,6.78,37.51,5.76,7.07,2.0,0.09,0.0,,,曇り,23.0,23.0,0.0,北,2.0,https://boatraceraid.jp/exhibition/?opdt=2026-09-28&rcoursecd=05&rno=08
20260928,多摩川,8,3,5376,吉田 一心,B1,6.87,36.82,5.93,6.93,3.0,0.03,-0.5,,,曇り,23.0,23.0,0.0,北,2.0,https://boatraceraid.jp/exhibition/?opdt=2026-09-28&rcoursecd=05&rno=08
20260928,多摩川,8,4,4225,土屋 千明,A2,6.78,37.85,5.9,7.07,4.0,0.13,-0.5,,,曇り,23.0,23.0,0.0,北,2.0,https://boatraceraid.jp/exhibition/?opdt=2026-09-28&rcoursecd=05&rno=08
20260928,多摩川,8,5,5327,西田 和加,B2,6.82,37.7,5.6,7.17,5.0,0.12,-0.5,,,曇り,23.0,23.0,0.0,北,2.0,https://boatraceraid.jp/exhibition/?opdt=2026-09-28&rcoursecd=05&rno=08
20260928,多摩川,8,6,5199,垂水 悠,B1,6.77,36.77,5.54,7.17,6.0,0.15,-0.5,,,曇り,23.0,23.0,0.0,北,2.0,https://boatraceraid.jp/exhibition/?opdt=2026-09-28&rcoursecd=05&rno=08
20260928,多摩川,9,1,4737,竹井 貴史,A1,6.68,36.2,6.13,6.83,1.0,0.02,0.0,,,曇り,23.0,23.0,2.0,北東,2.0,https://boatraceraid.jp/exhibition/?opdt=2026-09-28&rcoursecd=05&rno=09
20260928,多摩川,9,2,3385,渡邉 睦広,A2,6.87,37.32,5.98,7.03,2.0,-0.03,0.0,,,曇り,23.0,23.0,2.0,北東,2.0,https://boatraceraid.jp/exhibition/?opdt=2026-09-28&rcoursecd=05&rno=09
20260928,多摩川,9,3,3075,中村 裕将,B1,6.85,37.75,6.14,7.11,3.0,-0.02,0.0,,,曇り,23.0,23.0,2.0,北東,2.0,https://boatraceraid.jp/exhibition/?opdt=2026-09-28&rcoursecd=05&rno=09
20260928,多摩川,9,4,4025,山本 隆幸,A1,6.76,37.52,6.1,6.97,4.0,0.07,0.0,,,曇り,23.0,23.0,2.0,北東,2.0,https://boatraceraid.jp/exhibition/?opdt=2026-09-28&rcoursecd=05&rno=09
20260928,多摩川,9,5,4332,村上 彰一,B1,6.77,37.02,5.77,7.3,5.0,0.04,0.0,,,曇り,23.0,23.0,2.0,北東,2.0,https://boatraceraid.jp/exhibition/?opdt=2026-09-28&rcoursecd=05&rno=09
20260928,多摩川,9,6,5411,木下 虎之輔,B2,6.78,37.34,5.93,7.07,6.0,0.04,-0.5,,,曇り,23.0,23.0,2.0,北東,2.0,https://boatraceraid.jp/exhibition/?opdt=2026-09-28&rcoursecd=05&rno=09
20260928,多摩川,10,1,4144,石塚 久也,A2,6.64,36.67,5.6,6.93,1.0,0.15,0.0,,,曇り,23.0,23.0,0.0,北,2.0,https://boatraceraid.jp/exhibition/?opdt=2026-09-28&rcoursecd=05&rno=10
20260928,多摩川,10,2,3589,西村 勝,B1,6.73,37.07,5.8,7.03,2.0,0.07,-0.5,,,曇り,23.0,23.0,0.0,北,2.0,https://boatraceraid.jp/exhibition/?opdt=2026-09-28&rcoursecd=05&rno=10
20260928,多摩川,10,3,4931,木谷 賢太,A1,6.75,36.73,5.68,7.0,3.0,0.08,-0.5,,,曇り,23.0,23.0,0.0,北,2.0,https://boatraceraid.jp/exhibition/?opdt=2026-09-28&rcoursecd=05&rno=10
20260928,多摩川,10,4,4513,河野 真也,A2,6.69,37.09,5.74,6.97,4.0,0.01,0.0,,,曇り,23.0,23.0,0.0,北,2.0,https://boatraceraid.jp/exhibition/?opdt=2026-09-28&rcoursecd=05&rno=10
20260928,多摩川,10,5,3349,吉田 一郎,A1,6.73,37.63,5.6,7.1,5.0,0.12,-0.5,,,曇り,23.0,23.0,0.0,北,2.0,https://boatraceraid.jp/exhibition/?opdt=2026-09-28&rcoursecd=05&rno=10
20260928,多摩川,10,6,4224,大橋 栄里佳,B1,6.7,37.91,5.69,7.1,6.0,0.12,0.0,,,曇り,23.0,23.0,0.0,北,2.0,https://boatraceraid.jp/exhibition/?opdt=2026-09-28&rcoursecd=05&rno=10
20260928,多摩川,11,1,4061,萩原 秀人,A1,6.77,36.4,5.73,6.82,1.0,0.06,0.0,,,曇り,23.0,23.0,0.0,北,2.0,https://boatraceraid.jp/exhibition/?opdt=2026-09-28&rcoursecd=05&rno=11
20260928,多摩川,11,2,4288,永田 啓二,A1,6.76,37.37,5.6,7.1,2.0,0.01,0.0,,,曇り,23.0,23.0,0.0,北,2.0,https://boatraceraid.jp/exhibition/?opdt=2026-09-28&rcoursecd=05&rno=11
20260928,多摩川,11,3,3202,三品 隆浩,B1,6.8,37.64,6.37,6.97,3.0,0.09,-0.5,,,曇り,23.0,23.0,0.0,北,2.0,https://boatraceraid.jp/exhibition/?opdt=2026-09-28&rcoursecd=05&rno=11
20260928,多摩川,11,4,4383,竹田 吉行,A2,6.79,37.36,6.17,7.07,4.0,-0.03,-0.5,,,曇り,23.0,23.0,0.0,北,2.0,https://boatraceraid.jp/exhibition/?opdt=2026-09-28&rcoursecd=05&rno=11
20260928,多摩川,11,5,4435,服部 達哉,A2,6.78,37.43,5.8,7.17,5.0,0.06,-0.5,,,曇り,23.0,23.0,0.0,北,2.0,https://boatraceraid.jp/exhibition/?opdt=2026-09-28&rcoursecd=05&rno=11
20260928,多摩川,11,6,3662,大庭 元明,B1,6.6,37.54,5.77,7.37,6.0,0.15,2.0,,,曇り,23.0,23.0,0.0,北,2.0,https://boatraceraid.jp/exhibition/?opdt=2026-09-28&rcoursecd=05&rno=11
20260928,多摩川,12,1,4932,新開 航,A1,6.62,36.53,6.21,6.6,1.0,0.03,-0.5,,,曇り,23.0,23.0,2.0,東,2.0,https://boatraceraid.jp/exhibition/?opdt=2026-09-28&rcoursecd=05&rno=12
20260928,多摩川,12,2,4225,土屋 千明,A2,6.75,37.89,6.23,6.9,2.0,0.09,-0.5,,,曇り,23.0,23.0,2.0,東,2.0,https://boatraceraid.jp/exhibition/?opdt=2026-09-28&rcoursecd=05&rno=12
20260928,多摩川,12,3,4015,前野 竜一,A2,6.7,37.13,5.63,7.07,3.0,0.03,-0.5,,,曇り,23.0,23.0,2.0,東,2.0,https://boatraceraid.jp/exhibition/?opdt=2026-09-28&rcoursecd=05&rno=12
20260928,多摩川,12,4,4251,川崎 誠志,B1,6.72,37.59,6.21,7.03,4.0,0.27,-0.5,,,曇り,23.0,23.0,2.0,東,2.0,https://boatraceraid.jp/exhibition/?opdt=2026-09-28&rcoursecd=05&rno=12
20260928,多摩川,12,5,4446,和田 兼輔,A1,6.76,37.43,5.43,7.13,5.0,0.05,-0.5,,,曇り,23.0,23.0,2.0,東,2.0,https://boatraceraid.jp/exhibition/?opdt=2026-09-28&rcoursecd=05&rno=12
20260928,多摩川,12,6,4003,表 憲一,B1,6.78,37.93,5.74,7.13,6.0,0.23,-0.5,,,曇り,23.0,23.0,2.0,東,2.0,https://boatraceraid.jp/exhibition/?opdt=2026-09-28&rcoursecd=05&rno=12
20260929,多摩川,1,1,3518,倉田 郁美,B1,6.61,36.87,5.69,7.07,1.0,0.17,-0.5,,,雨,21.0,23.0,0.0,北,2.0,https://boatraceraid.jp/exhibition/?opdt=2026-09-29&rcoursecd=05&rno=01
20260929,多摩川,1,2,5327,西田 和加,B2,6.72,37.68,5.77,7.05,2.0,0.19,-0.5,,,雨,21.0,23.0,0.0,北,2.0,https://boatraceraid.jp/exhibition/?opdt=2026-09-29&rcoursecd=05&rno=01
20260929,多摩川,1,3,4864,小川 日紀太,B1,6.67,36.9,5.99,6.95,3.0,0.21,0.0,,,雨,21.0,23.0,0.0,北,2.0,https://boatraceraid.jp/exhibition/?opdt=2026-09-29&rcoursecd=05&rno=01
20260929,多摩川,1,4,5411,木下 虎之輔,B2,6.75,36.87,5.9,6.9,4.0,0.02,-0.5,,,雨,21.0,23.0,0.0,北,2.0,https://boatraceraid.jp/exhibition/?opdt=2026-09-29&rcoursecd=05&rno=01
20260929,多摩川,1,5,4709,岡村 将也,A2,6.72,37.13,5.7,7.1,5.0,0.06,-0.5,,,雨,21.0,23.0,0.0,北,2.0,https://boatraceraid.jp/exhibition/?opdt=2026-09-29&rcoursecd=05&rno=01
20260929,多摩川,1,6,4379,桑島 和宏,A2,6.68,37.07,5.47,7.3,6.0,0.11,-0.5,,,雨,21.0,23.0,0.0,北,2.0,https://boatraceraid.jp/exhibition/?opdt=2026-09-29&rcoursecd=05&rno=01
20260929,多摩川,2,1,3662,大庭 元明,B1,6.68,37.03,6.37,6.8,1.0,0.19,-0.5,,,雨,21.0,23.0,0.0,北,2.0,https://boatraceraid.jp/exhibition/?opdt=2026-09-29&rcoursecd=05&rno=02
20260929,多摩川,2,2,3072,西田 靖,B1,6.77,38.07,5.73,7.0,2.0,-0.07,-0.5,,,雨,21.0,23.0,0.0,北,2.0,https://boatraceraid.jp/exhibition/?opdt=2026-09-29&rcoursecd=05&rno=02
20260929,多摩川,2,3,4003,表 憲一,B1,6.77,37.29,6.03,6.93,3.0,-0.02,-0.5,,,雨,21.0,23.0,0.0,北,2.0,https://boatraceraid.jp/exhibition/?opdt=2026-09-29&rcoursecd=05&rno=02
20260929,多摩川,2,4,4251,川崎 誠志,B1,6.73,37.36,5.9,6.97,4.0,0.01,-0.5,,,雨,21.0,23.0,0.0,北,2.0,https://boatraceraid.jp/exhibition/?opdt=2026-09-29&rcoursecd=05&rno=02
20260929,多摩川,2,5,4435,服部 達哉,A2,6.75,36.93,5.97,6.97,5.0,-0.05,-0.5,,,雨,21.0,23.0,0.0,北,2.0,https://boatraceraid.jp/exhibition/?opdt=2026-09-29&rcoursecd=05&rno=02
20260929,多摩川,2,6,3885,久田 武,A2,6.81,37.81,5.98,7.07,6.0,-0.02,-0.5,,,雨,21.0,23.0,0.0,北,2.0,https://boatraceraid.jp/exhibition/?opdt=2026-09-29&rcoursecd=05&rno=02
20260929,多摩川,3,1,4025,山本 隆幸,A1,6.65,36.9,5.87,6.85,1.0,-0.03,0.0,,,雨,21.0,23.0,1.0,東,2.0,https://boatraceraid.jp/exhibition/?opdt=2026-09-29&rcoursecd=05&rno=03
20260929,多摩川,3,2,4190,長嶋 万記,B2,6.76,37.87,6.0,6.93,2.0,-0.04,0.0,,,雨,21.0,23.0,1.0,東,2.0,https://boatraceraid.jp/exhibition/?opdt=2026-09-29&rcoursecd=05&rno=03
20260929,多摩川,3,3,4113,木村 浩士,B1,6.79,37.14,5.43,7.17,3.0,0.01,-0.5,,,雨,21.0,23.0,1.0,東,2.0,https://boatraceraid.jp/exhibition/?opdt=2026-09-29&rcoursecd=05&rno=03
20260929,多摩川,3,4,5376,吉田 一心,B1,6.75,37.16,5.64,7.03,4.0,-0.01,0.0,,,雨,21.0,23.0,1.0,東,2.0,https://boatraceraid.jp/exhibition/?opdt=2026-09-29&rcoursecd=05&rno=03
20260929,多摩川,3,5,4447,深川 麻奈美,B1,6.73,37.28,5.76,6.97,5.0,0.15,0.0,,,雨,21.0,23.0,1.0,東,2.0,https://boatraceraid.jp/exhibition/?opdt=2026-09-29&rcoursecd=05&rno=03
20260929,多摩川,3,6,4932,新開 航,A1,6.69,37.21,5.69,7.03,6.0,0.08,-0.5,,,雨,21.0,23.0,1.0,東,2.0,https://boatraceraid.jp/exhibition/?opdt=2026-09-29&rcoursecd=05&rno=03
20260929,多摩川,4,1,4931,木谷 賢太,A1,6.75,36.59,5.81,6.83,1.0,0.13,-0.5,,,雨,21.0,23.0,1.0,南,2.0,https://boatraceraid.jp/exhibition/?opdt=2026-09-29&rcoursecd=05&rno=04
20260929,多摩川,4,2,4224,大橋 栄里佳,B1,6.74,37.3,6.17,6.9,2.0,0.28,0.0,,,雨,21.0,23.0,1.0,南,2.0,https://boatraceraid.jp/exhibition/?opdt=2026-09-29&rcoursecd=05&rno=04
20260929,多摩川,4,3,5199,垂水 悠,B1,6.64,36.72,5.81,6.87,3.0,0.09,-0.5,,,雨,21.0,23.0,1.0,南,2.0,https://boatraceraid.jp/exhibition/?opdt=2026-09-29&rcoursecd=05&rno=04
20260929,多摩川,4,4,4015,前野 竜一,A2,6.78,36.75,5.65,6.99,4.0,0.06,-0.5,,,雨,21.0,23.0,1.0,南,2.0,https://boatraceraid.jp/exhibition/?opdt=2026-09-29&rcoursecd=05&rno=04
20260929,多摩川,4,5,3075,中村 裕将,B1,6.83,38.21,5.99,7.07,5.0,0.25,0.0,,,雨,21.0,23.0,1.0,南,2.0,https://boatraceraid.jp/exhibition/?opdt=2026-09-29&rcoursecd=05&rno=04
20260929,多摩川,4,6,4288,永田 啓二,A1,6.72,37.54,5.71,7.04,6.0,0.01,0.5,,,雨,21.0,23.0,1.0,南,2.0,https://boatraceraid.jp/exhibition/?opdt=2026-09-29&rcoursecd=05&rno=04
20260929,多摩川,5,1,3860,松本 浩貴,B1,6.71,37.41,6.18,6.97,1.0,0.03,-0.5,,,雨,20.0,23.0,0.0,北,2.0,https://boatraceraid.jp/exhibition/?opdt=2026-09-29&rcoursecd=05&rno=05
20260929,多摩川,5,2,4446,和田 兼輔,A1,6.69,37.13,6.03,6.73,2.0,-0.03,-0.5,,,雨,20.0,23.0,0.0,北,2.0,https://boatraceraid.jp/exhibition/?opdt=2026-09-29&rcoursecd=05&rno=05
20260929,多摩川,5,3,5049,松井 友汰,A2,6.69,37.11,5.88,6.83,3.0,0.07,0.0,,,雨,20.0,23.0,0.0,北,2.0,https://boatraceraid.jp/exhibition/?opdt=2026-09-29&rcoursecd=05&rno=05
20260929,多摩川,5,4,5292,佐藤 右京,B1,6.77,37.22,5.91,7.03,4.0,0.05,-0.5,,,雨,20.0,23.0,0.0,北,2.0,https://boatraceraid.jp/exhibition/?opdt=2026-09-29&rcoursecd=05&rno=05
20260929,多摩川,5,5,3349,吉田 一郎,A1,6.73,37.13,5.83,7.03,5.0,0.01,-0.5,,,雨,20.0,23.0,0.0,北,2.0,https://boatraceraid.jp/exhibition/?opdt=2026-09-29&rcoursecd=05&rno=05
20260929,多摩川,5,6,5313,鈴木 唯央,B1,6.79,37.22,5.63,7.13,6.0,0.11,0.5,,,雨,20.0,23.0,0.0,北,2.0,https://boatraceraid.jp/exhibition/?opdt=2026-09-29&rcoursecd=05&rno=05
20260929,多摩川,6,1,4251,川崎 誠志,B1,6.74,36.83,5.97,6.83,1.0,0.08,-0.5,,,雨,20.0,23.0,0.0,北,2.0,https://boatraceraid.jp/exhibition/?opdt=2026-09-29&rcoursecd=05&rno=06
20260929,多摩川,6,2,4061,萩原 秀人,A1,6.82,36.52,5.64,6.97,2.0,0.11,0.0,,,雨,20.0,23.0,0.0,北,2.0,https://boatraceraid.jp/exhibition/?opdt=2026-09-29&rcoursecd=05&rno=06
20260929,多摩川,6,3,4225,土屋 千明,A2,6.76,37.46,6.24,6.87,3.0,-0.01,-0.5,,,雨,20.0,23.0,0.0,北,2.0,https://boatraceraid.jp/exhibition/?opdt=2026-09-29&rcoursecd=05&rno=06
20260929,多摩川,6,4,3662,大庭 元明,B1,6.72,36.97,5.94,7.0,4.0,-0.07,-0.5,,,雨,20.0,23.0,0.0,北,2.0,https://boatraceraid.jp/exhibition/?opdt=2026-09-29&rcoursecd=05&rno=06
20260929,多摩川,6,5,4332,村上 彰一,B1,6.8,37.08,5.8,7.09,5.0,-0.01,0.0,,,雨,20.0,23.0,0.0,北,2.0,https://boatraceraid.jp/exhibition/?opdt=2026-09-29&rcoursecd=05&rno=06
20260929,多摩川,6,6,4144,石塚 久也,A2,6.7,38.0,5.76,7.13,6.0,-0.03,0.0,,,雨,20.0,23.0,0.0,北,2.0,https://boatraceraid.jp/exhibition/?opdt=2026-09-29&rcoursecd=05&rno=06
20260929,多摩川,7,1,3885,久田 武,A2,6.7,37.0,5.6,7.03,1.0,0.03,-0.5,,,雨,20.0,23.0,0.0,北,2.0,https://boatraceraid.jp/exhibition/?opdt=2026-09-29&rcoursecd=05&rno=07
20260929,多摩川,7,2,3589,西村 勝,B1,6.77,37.09,5.69,6.98,2.0,0.1,-0.5,,,雨,20.0,23.0,0.0,北,2.0,https://boatraceraid.jp/exhibition/?opdt=2026-09-29&rcoursecd=05&rno=07
20260929,多摩川,7,3,3202,三品 隆浩,B1,6.75,37.43,6.1,6.9,3.0,-0.02,-0.5,,,雨,20.0,23.0,0.0,北,2.0,https://boatraceraid.jp/exhibition/?opdt=2026-09-29&rcoursecd=05&rno=07
20260929,多摩川,7,4,4513,河野 真也,A2,6.7,37.02,5.97,7.0,4.0,-0.04,0.0,,,雨,20.0,23.0,0.0,北,2.0,https://boatraceraid.jp/exhibition/?opdt=2026-09-29&rcoursecd=05&rno=07
20260929,多摩川,7,5,4003,表 憲一,B1,6.77,37.39,5.86,6.97,5.0,-0.01,-0.5,,,雨,20.0,23.0,0.0,北,2.0,https://boatraceraid.jp/exhibition/?opdt=2026-09-29&rcoursecd=05&rno=07
20260929,多摩川,7,6,4737,竹井 貴史,A1,6.67,36.84,5.5,6.97,6.0,0.11,0.0,,,雨,20.0,23.0,0.0,北,2.0,https://boatraceraid.jp/exhibition/?opdt=2026-09-29&rcoursecd=05&rno=07
20260929,多摩川,8,1,4383,竹田 吉行,A2,6.73,36.92,6.07,6.8,1.0,0.21,-0.5,,,雨,20.0,23.0,0.0,北,2.0,https://boatraceraid.jp/exhibition/?opdt=2026-09-29&rcoursecd=05&rno=08
20260929,多摩川,8,2,3518,倉田 郁美,B1,6.65,37.35,6.02,6.91,2.0,0.06,-0.5,,,雨,20.0,23.0,0.0,北,2.0,https://boatraceraid.jp/exhibition/?opdt=2026-09-29&rcoursecd=05&rno=08
20260929,多摩川,8,3,5079,大石 真央,B1,6.75,37.2,5.57,7.13,3.0,0.05,0.0,,,雨,20.0,23.0,0.0,北,2.0,https://boatraceraid.jp/exhibition/?opdt=2026-09-29&rcoursecd=05&rno=08
20260929,多摩川,8,4,4113,木村 浩士,B1,6.73,37.51,5.33,7.27,4.0,0.05,-0.5,,,雨,20.0,23.0,0.0,北,2.0,https://boatraceraid.jp/exhibition/?opdt=2026-09-29&rcoursecd=05&rno=08
20260929,多摩川,8,5,3385,渡邉 睦広,A2,6.79,37.49,5.73,7.17,5.0,0.13,0.0,,,雨,20.0,23.0,0.0,北,2.0,https://boatraceraid.jp/exhibition/?opdt=2026-09-29&rcoursecd=05&rno=08
20260929,多摩川,8,6,3653,品川 賢次,B2,6.72,37.43,5.9,6.93,6.0,0.17,0.0,,,雨,20.0,23.0,0.0,北,2.0,https://boatraceraid.jp/exhibition/?opdt=2026-09-29&rcoursecd=05&rno=08
20260929,多摩川,9,1,4709,岡村 将也,A2,6.74,36.83,5.5,7.0,1.0,0.04,-0.5,,,雨,20.0,23.0,0.0,北,2.0,https://boatraceraid.jp/exhibition/?opdt=2026-09-29&rcoursecd=05&rno=09
20260929,多摩川,9,2,4379,桑島 和宏,A2,6.77,37.04,5.73,6.9,2.0,0.12,-0.5,,,雨,20.0,23.0,0.0,北,2.0,https://boatraceraid.jp/exhibition/?opdt=2026-09-29&rcoursecd=05&rno=09
20260929,多摩川,9,3,5376,吉田 一心,B1,6.86,37.03,5.83,6.9,3.0,-0.01,0.0,,,雨,20.0,23.0,0.0,北,2.0,https://boatraceraid.jp/exhibition/?opdt=2026-09-29&rcoursecd=05&rno=09
20260929,多摩川,9,4,3302,谷川 里江,B1,6.76,37.84,5.78,7.13,4.0,0.09,-0.5,,,雨,20.0,23.0,0.0,北,2.0,https://boatraceraid.jp/exhibition/?opdt=2026-09-29&rcoursecd=05&rno=09
20260929,多摩川,9,5,4224,大橋 栄里佳,B1,6.75,37.37,5.87,6.93,5.0,0.03,0.0,,,雨,20.0,23.0,0.0,北,2.0,https://boatraceraid.jp/exhibition/?opdt=2026-09-29&rcoursecd=05&rno=09
20260929,多摩川,9,6,5048,眞鳥 康太,B1,6.61,38.14,5.69,7.12,6.0,0.03,3.0,,,雨,20.0,23.0,0.0,北,2.0,https://boatraceraid.jp/exhibition/?opdt=2026-09-29&rcoursecd=05&rno=09
20260929,多摩川,10,1,4288,永田 啓二,A1,6.65,36.62,5.61,6.93,1.0,0.12,0.5,,,雨,19.0,23.0,2.0,東,2.0,https://boatraceraid.jp/exhibition/?opdt=2026-09-29&rcoursecd=05&rno=10
20260929,多摩川,10,2,3349,吉田 一郎,A1,6.73,36.63,5.63,6.97,2.0,0.14,-0.5,,,雨,19.0,23.0,2.0,東,2.0,https://boatraceraid.jp/exhibition/?opdt=2026-09-29&rcoursecd=05&rno=10
20260929,多摩川,10,3,4435,服部 達哉,A2,6.65,36.64,5.43,6.93,3.0,0.11,-0.5,,,雨,19.0,23.0,2.0,東,2.0,https://boatraceraid.jp/exhibition/?opdt=2026-09-29&rcoursecd=05&rno=10
20260929,多摩川,10,4,5199,垂水 悠,B1,6.65,36.97,5.34,6.95,4.0,0.01,-0.5,,,雨,19.0,23.0,2.0,東,2.0,https://boatraceraid.jp/exhibition/?opdt=2026-09-29&rcoursecd=05&rno=10
20260929,多摩川,10,5,4190,長嶋 万記,B2,6.72,37.65,5.77,6.97,5.0,0.06,0.0,,,雨,19.0,23.0,2.0,東,2.0,https://boatraceraid.jp/exhibition/?opdt=2026-09-29&rcoursecd=05&rno=10
20260929,多摩川,10,6,4025,山本 隆幸,A1,6.69,37.26,5.74,6.97,6.0,-0.02,0.0,,,雨,19.0,23.0,2.0,東,2.0,https://boatraceraid.jp/exhibition/?opdt=2026-09-29&rcoursecd=05&rno=10
20260929,多摩川,11,1,4144,石塚 久也,A2,6.66,36.54,5.63,6.93,1.0,0.07,-0.5,,,雨,19.0,23.0,1.0,東,2.0,https://boatraceraid.jp/exhibition/?opdt=2026-09-29&rcoursecd=05&rno=11
20260929,多摩川,11,2,4447,深川 麻奈美,B1,6.75,36.94,5.8,6.97,2.0,0.12,-0.5,,,雨,19.0,23.0,1.0,東,2.0,https://boatraceraid.jp/exhibition/?opdt=2026-09-29&rcoursecd=05&rno=11
20260929,多摩川,11,3,4446,和田 兼輔,A1,6.64,37.13,6.06,6.83,3.0,-0.01,-0.5,,,雨,19.0,23.0,1.0,東,2.0,https://boatraceraid.jp/exhibition/?opdt=2026-09-29&rcoursecd=05&rno=11
20260929,多摩川,11,4,4015,前野 竜一,A2,6.75,37.18,5.73,6.93,4.0,0.09,-0.5,,,雨,19.0,23.0,1.0,東,2.0,https://boatraceraid.jp/exhibition/?opdt=2026-09-29&rcoursecd=05&rno=11
20260929,多摩川,11,5,4225,土屋 千明,A2,6.77,37.28,5.62,6.97,5.0,0.02,-0.5,,,雨,19.0,23.0,1.0,東,2.0,https://boatraceraid.jp/exhibition/?opdt=2026-09-29&rcoursecd=05&rno=11
20260929,多摩川,11,6,3860,松本 浩貴,B1,6.74,38.15,5.82,6.97,6.0,-0.04,-0.5,,,雨,19.0,23.0,1.0,東,2.0,https://boatraceraid.jp/exhibition/?opdt=2026-09-29&rcoursecd=05&rno=11
20260929,多摩川,12,1,4737,竹井 貴史,A1,6.61,36.38,6.08,6.7,1.0,0.09,0.0,,,雨,19.0,23.0,0.0,北,2.0,https://boatraceraid.jp/exhibition/?opdt=2026-09-29&rcoursecd=05&rno=12
20260929,多摩川,12,2,4932,新開 航,A1,6.63,36.61,6.04,6.8,2.0,0.11,-0.5,,,雨,19.0,23.0,0.0,北,2.0,https://boatraceraid.jp/exhibition/?opdt=2026-09-29&rcoursecd=05&rno=12
20260929,多摩川,12,3,4513,河野 真也,A2,6.66,36.83,5.63,6.97,3.0,0.09,0.0,,,雨,19.0,23.0,0.0,北,2.0,https://boatraceraid.jp/exhibition/?opdt=2026-09-29&rcoursecd=05&rno=12
20260929,多摩川,12,4,5049,松井 友汰,A2,6.71,36.89,5.71,6.93,4.0,0.28,-0.5,,,雨,19.0,23.0,0.0,北,2.0,https://boatraceraid.jp/exhibition/?opdt=2026-09-29&rcoursecd=05&rno=12
20260929,多摩川,12,5,4061,萩原 秀人,A1,6.67,36.67,5.5,6.9,5.0,0.18,0.0,,,雨,19.0,23.0,0.0,北,2.0,https://boatraceraid.jp/exhibition/?opdt=2026-09-29&rcoursecd=05&rno=12
20260929,多摩川,12,6,4931,木谷 賢太,A1,6.69,36.67,5.77,7.02,6.0,0.12,-0.5,,,雨,19.0,23.0,0.0,北,2.0,https://boatraceraid.jp/exhibition/?opdt=2026-09-29&rcoursecd=05&rno=12
20260930,多摩川,1,1,3072,西田 靖,B1,6.71,36.48,6.03,6.8,1.0,0.07,-0.5,,,雨,19.0,22.0,2.0,北東,2.0,https://boatraceraid.jp/exhibition/?opdt=2026-09-30&rcoursecd=05&rno=01
20260930,多摩川,1,2,5313,鈴木 唯央,B1,6.77,36.82,6.12,6.83,2.0,0.35,-0.5,,,雨,19.0,22.0,2.0,北東,2.0,https://boatraceraid.jp/exhibition/?opdt=2026-09-30&rcoursecd=05&rno=01
20260930,多摩川,1,3,3075,中村 裕将,B1,6.73,37.03,5.87,7.07,3.0,0.01,0.0,,,雨,19.0,22.0,2.0,北東,2.0,https://boatraceraid.jp/exhibition/?opdt=2026-09-30&rcoursecd=05&rno=01
20260930,多摩川,1,4,4251,川崎 誠志,B1,6.7,37.08,5.93,6.9,4.0,-0.01,-0.5,,,雨,19.0,22.0,2.0,北東,2.0,https://boatraceraid.jp/exhibition/?opdt=2026-09-30&rcoursecd=05&rno=01
20260930,多摩川,1,5,4332,村上 彰一,B1,6.68,36.87,5.93,6.97,5.0,0.03,0.0,,,雨,19.0,22.0,2.0,北東,2.0,https://boatraceraid.jp/exhibition/?opdt=2026-09-30&rcoursecd=05&rno=01
20260930,多摩川,1,6,4383,竹田 吉行,A2,6.59,36.6,7.33,6.43,6.0,0.15,-0.5,,,雨,19.0,22.0,2.0,北東,2.0,https://boatraceraid.jp/exhibition/?opdt=2026-09-30&rcoursecd=05&rno=01
20260930,多摩川,2,1,5292,佐藤 右京,B1,6.77,36.72,5.83,6.93,1.0,0.01,-0.5,,,雨,19.0,22.0,2.0,北東,2.0,https://boatraceraid.jp/exhibition/?opdt=2026-09-30&rcoursecd=05&rno=02
20260930,多摩川,2,2,4025,山本 隆幸,A1,6.7,37.05,5.87,6.83,2.0,0.08,0.0,,,雨,19.0,22.0,2.0,北東,2.0,https://boatraceraid.jp/exhibition/?opdt=2026-09-30&rcoursecd=05&rno=02
20260930,多摩川,2,3,3589,西村 勝,B1,6.76,36.98,5.76,6.97,3.0,0.04,-0.5,,,雨,19.0,22.0,2.0,北東,2.0,https://boatraceraid.jp/exhibition/?opdt=2026-09-30&rcoursecd=05&rno=02
20260930,多摩川,2,4,3653,品川 賢次,B2,6.75,37.03,5.9,7.03,4.0,0.28,0.0,,,雨,19.0,22.0,2.0,北東,2.0,https://boatraceraid.jp/exhibition/?opdt=2026-09-30&rcoursecd=05&rno=02
20260930,多摩川,2,5,5049,松井 友汰,A2,6.69,36.87,6.33,6.7,5.0,0.06,-0.5,,,雨,19.0,22.0,2.0,北東,2.0,https://boatraceraid.jp/exhibition/?opdt=2026-09-30&rcoursecd=05&rno=02
20260930,多摩川,2,6,3202,三品 隆浩,B1,6.78,37.16,7.53,6.6,6.0,0.09,-0.5,,,雨,19.0,22.0,2.0,北東,2.0,https://boatraceraid.jp/exhibition/?opdt=2026-09-30&rcoursecd=05&rno=02
20260930,多摩川,3,1,3860,松本 浩貴,B1,6.71,37.34,5.97,7.03,1.0,0.05,-0.5,,,曇り,20.0,22.0,1.0,北東,2.0,https://boatraceraid.jp/exhibition/?opdt=2026-09-30&rcoursecd=05&rno=03
20260930,多摩川,3,2,3385,渡邉 睦広,A2,6.78,37.19,5.94,7.1,2.0,0.17,0.0,,,曇り,20.0,22.0,1.0,北東,2.0,https://boatraceraid.jp/exhibition/?opdt=2026-09-30&rcoursecd=05&rno=03
20260930,多摩川,3,3,4864,小川 日紀太,B1,6.79,37.55,6.23,7.1,3.0,0.06,0.0,,,曇り,20.0,22.0,1.0,北東,2.0,https://boatraceraid.jp/exhibition/?opdt=2026-09-30&rcoursecd=05&rno=03
20260930,多摩川,3,4,4435,服部 達哉,A2,6.79,37.03,6.23,7.03,4.0,-0.02,-0.5,,,曇り,20.0,22.0,1.0,北東,2.0,https://boatraceraid.jp/exhibition/?opdt=2026-09-30&rcoursecd=05&rno=03
20260930,多摩川,3,5,4379,桑島 和宏,A2,6.76,37.07,5.87,7.07,5.0,0.11,-0.5,,,曇り,20.0,22.0,1.0,北東,2.0,https://boatraceraid.jp/exhibition/?opdt=2026-09-30&rcoursecd=05&rno=03
20260930,多摩川,3,6,3662,大庭 元明,B1,6.63,37.28,5.9,7.2,6.0,0.03,2.0,,,曇り,20.0,22.0,1.0,北東,2.0,https://boatraceraid.jp/exhibition/?opdt=2026-09-30&rcoursecd=05&rno=03
20260930,多摩川,4,1,5327,西田 和加,B2,6.74,36.68,6.12,6.7,1.0,0.28,-0.5,,,曇り,20.0,22.0,2.0,北東,2.0,https://boatraceraid.jp/exhibition/?opdt=2026-09-30&rcoursecd=05&rno=04
20260930,多摩川,4,2,4224,大橋 栄里佳,B1,6.7,36.7,5.87,6.87,2.0,0.31,-0.5,,,曇り,20.0,22.0,2.0,北東,2.0,https://boatraceraid.jp/exhibition/?opdt=2026-09-30&rcoursecd=05&rno=04
20260930,多摩川,4,3,3518,倉田 郁美,B1,6.63,37.41,6.23,6.9,3.0,0.17,-0.5,,,曇り,20.0,22.0,2.0,北東,2.0,https://boatraceraid.jp/exhibition/?opdt=2026-09-30&rcoursecd=05&rno=04
20260930,多摩川,4,4,5079,大石 真央,B1,6.69,37.23,5.81,6.93,4.0,0.19,0.0,,,曇り,20.0,22.0,2.0,北東,2.0,https://boatraceraid.jp/exhibition/?opdt=2026-09-30&rcoursecd=05&rno=04
20260930,多摩川,4,5,3302,谷川 里江,B1,6.71,38.23,5.9,7.0,5.0,0.11,-0.5,,,曇り,20.0,22.0,2.0,北東,2.0,https://boatraceraid.jp/exhibition/?opdt=2026-09-30&rcoursecd=05&rno=04
20260930,多摩川,4,6,4447,深川 麻奈美,B1,6.65,37.38,5.59,7.03,6.0,0.29,0.0,,,曇り,20.0,22.0,2.0,北東,2.0,https://boatraceraid.jp/exhibition/?opdt=2026-09-30&rcoursecd=05&rno=04
20260930,多摩川,5,1,4113,木村 浩士,B1,6.78,37.34,5.77,6.97,1.0,0.03,-0.5,,,曇り,20.0,22.0,2.0,北東,2.0,https://boatraceraid.jp/exhibition/?opdt=2026-09-30&rcoursecd=05&rno=05
20260930,多摩川,5,2,4003,表 憲一,B1,6.77,37.4,5.62,6.97,2.0,0.09,-0.5,,,曇り,20.0,22.0,2.0,北東,2.0,https://boatraceraid.jp/exhibition/?opdt=2026-09-30&rcoursecd=05&rno=05
20260930,多摩川,5,3,4061,萩原 秀人,A1,6.71,36.56,5.55,6.87,3.0,0.09,0.0,,,曇り,20.0,22.0,2.0,北東,2.0,https://boatraceraid.jp/exhibition/?opdt=2026-09-30&rcoursecd=05&rno=05
20260930,多摩川,5,4,3075,中村 裕将,B1,6.8,37.86,5.59,7.25,4.0,0.15,0.0,,,曇り,20.0,22.0,2.0,北東,2.0,https://boatraceraid.jp/exhibition/?opdt=2026-09-30&rcoursecd=05&rno=05
20260930,多摩川,5,5,3349,吉田 一郎,A1,6.77,36.98,5.69,7.03,5.0,0.12,-0.5,,,曇り,20.0,22.0,2.0,北東,2.0,https://boatraceraid.jp/exhibition/?opdt=2026-09-30&rcoursecd=05&rno=05
20260930,多摩川,5,6,4709,岡村 将也,A2,6.75,37.03,5.53,7.0,6.0,0.17,-0.5,,,曇り,20.0,22.0,2.0,北東,2.0,https://boatraceraid.jp/exhibition/?opdt=2026-09-30&rcoursecd=05&rno=05
20260930,多摩川,6,1,3653,品川 賢次,B2,6.75,36.89,6.61,6.73,1.0,0.11,0.0,,,曇り,20.0,22.0,1.0,北西,2.0,https://boatraceraid.jp/exhibition/?opdt=2026-09-30&rcoursecd=05&rno=06
20260930,多摩川,6,2,4190,長嶋 万記,B2,6.7,37.37,6.37,6.9,2.0,0.03,0.0,,,曇り,20.0,22.0,1.0,北西,2.0,https://boatraceraid.jp/exhibition/?opdt=2026-09-30&rcoursecd=05&rno=06
20260930,多摩川,6,3,4225,土屋 千明,A2,6.78,37.74,6.2,7.03,3.0,-0.08,-0.5,,,曇り,20.0,22.0,1.0,北西,2.0,https://boatraceraid.jp/exhibition/?opdt=2026-09-30&rcoursecd=05&rno=06
20260930,多摩川,6,4,3885,久田 武,A2,6.75,37.39,6.04,7.07,4.0,0.06,-0.5,,,曇り,20.0,22.0,1.0,北西,2.0,https://boatraceraid.jp/exhibition/?opdt=2026-09-30&rcoursecd=05&rno=06
20260930,多摩川,6,5,5292,佐藤 右京,B1,6.79,37.41,5.86,7.03,5.0,0.09,-0.5,,,曇り,20.0,22.0,1.0,北西,2.0,https://boatraceraid.jp/exhibition/?opdt=2026-09-30&rcoursecd=05&rno=06
20260930,多摩川,6,6,4513,河野 真也,A2,6.69,37.34,5.59,7.1,6.0,0.07,0.0,,,曇り,20.0,22.0,1.0,北西,2.0,https://boatraceraid.jp/exhibition/?opdt=2026-09-30&rcoursecd=05&rno=06
20260930,多摩川,7,1,4931,木谷 賢太,A1,6.72,36.6,5.96,6.83,1.0,0.01,-0.5,,,曇り,21.0,22.0,1.0,北東,2.0,https://boatraceraid.jp/exhibition/?opdt=2026-09-30&rcoursecd=05&rno=07
20260930,多摩川,7,2,4332,村上 彰一,B1,6.73,36.83,5.7,7.03,2.0,0.08,0.0,,,曇り,21.0,22.0,1.0,北東,2.0,https://boatraceraid.jp/exhibition/?opdt=2026-09-30&rcoursecd=05&rno=07
20260930,多摩川,7,3,5376,吉田 一心,B1,6.72,36.97,6.14,6.87,3.0,0.09,-0.5,,,曇り,21.0,22.0,1.0,北東,2.0,https://boatraceraid.jp/exhibition/?opdt=2026-09-30&rcoursecd=05&rno=07
20260930,多摩川,7,4,4015,前野 竜一,A2,6.8,37.07,5.7,6.93,4.0,0.27,-0.5,,,曇り,21.0,22.0,1.0,北東,2.0,https://boatraceraid.jp/exhibition/?opdt=2026-09-30&rcoursecd=05&rno=07
20260930,多摩川,7,5,4864,小川 日紀太,B1,6.72,37.5,5.7,7.0,5.0,0.03,0.0,,,曇り,21.0,22.0,1.0,北東,2.0,https://boatraceraid.jp/exhibition/?opdt=2026-09-30&rcoursecd=05&rno=07
20260930,多摩川,7,6,5411,木下 虎之輔,B2,6.75,37.52,5.71,6.87,6.0,0.02,-0.5,,,曇り,21.0,22.0,1.0,北東,2.0,https://boatraceraid.jp/exhibition/?opdt=2026-09-30&rcoursecd=05&rno=07
20260930,多摩川,8,1,5048,眞鳥 康太,B1,6.74,37.38,5.78,7.03,1.0,0.08,-0.5,,,曇り,20.0,22.0,2.0,北東,2.0,https://boatraceraid.jp/exhibition/?opdt=2026-09-30&rcoursecd=05&rno=08
20260930,多摩川,8,2,3072,西田 靖,B1,6.78,37.22,6.0,7.1,2.0,0.01,-0.5,,,曇り,20.0,22.0,2.0,北東,2.0,https://boatraceraid.jp/exhibition/?opdt=2026-09-30&rcoursecd=05&rno=08
20260930,多摩川,8,3,3302,谷川 里江,B1,6.73,37.88,5.89,7.03,3.0,0.1,-0.5,,,曇り,20.0,22.0,2.0,北東,2.0,https://boatraceraid.jp/exhibition/?opdt=2026-09-30&rcoursecd=05&rno=08
20260930,多摩川,8,4,5079,大石 真央,B1,6.73,37.26,5.94,6.93,4.0,0.0,0.0,,,曇り,20.0,22.0,2.0,北東,2.0,https://boatraceraid.jp/exhibition/?opdt=2026-09-30&rcoursecd=05&rno=08
20260930,多摩川,8,5,3385,渡邉 睦広,A2,6.79,37.43,6.0,7.07,5.0,0.06,0.0,,,曇り,20.0,22.0,2.0,北東,2.0,https://boatraceraid.jp/exhibition/?opdt=2026-09-30&rcoursecd=05&rno=08
20260930,多摩川,8,6,3589,西村 勝,B1,6.81,37.51,6.12,6.97,6.0,0.24,-0.5,,,曇り,20.0,22.0,2.0,北東,2.0,https://boatraceraid.jp/exhibition/?opdt=2026-09-30&rcoursecd=05&rno=08
20260930,多摩川,9,1,4709,岡村 将也,A2,6.71,36.45,5.75,6.9,1.0,0.12,-0.5,,,曇り,19.0,22.0,2.0,北東,2.0,https://boatraceraid.jp/exhibition/?opdt=2026-09-30&rcoursecd=05&rno=09
20260930,多摩川,9,2,4379,桑島 和宏,A2,6.73,36.4,5.83,6.93,2.0,0.16,-0.5,,,曇り,19.0,22.0,2.0,北東,2.0,https://boatraceraid.jp/exhibition/?opdt=2026-09-30&rcoursecd=05&rno=09
20260930,多摩川,9,3,3662,大庭 元明,B1,6.64,36.57,6.97,6.63,3.0,0.08,-0.5,,,曇り,19.0,22.0,2.0,北東,2.0,https://boatraceraid.jp/exhibition/?opdt=2026-09-30&rcoursecd=05&rno=09
20260930,多摩川,9,4,4383,竹田 吉行,A2,6.71,37.24,6.27,6.9,4.0,0.14,-0.5,,,曇り,19.0,22.0,2.0,北東,2.0,https://boatraceraid.jp/exhibition/?opdt=2026-09-30&rcoursecd=05&rno=09
20260930,多摩川,9,5,4251,川崎 誠志,B1,6.74,37.33,5.79,7.0,5.0,0.07,-0.5,,,曇り,19.0,22.0,2.0,北東,2.0,https://boatraceraid.jp/exhibition/?opdt=2026-09-30&rcoursecd=05&rno=09
20260930,多摩川,9,6,4113,木村 浩士,B1,6.82,37.41,6.03,7.03,6.0,-0.02,-0.5,,,曇り,19.0,22.0,2.0,北東,2.0,https://boatraceraid.jp/exhibition/?opdt=2026-09-30&rcoursecd=05&rno=09
20260930,多摩川,10,1,4513,河野 真也,A2,6.67,36.53,5.64,6.93,1.0,-0.01,0.0,,,曇り,20.0,22.0,2.0,北東,2.0,https://boatraceraid.jp/exhibition/?opdt=2026-09-30&rcoursecd=05&rno=10
20260930,多摩川,10,2,3349,吉田 一郎,A1,6.77,36.9,5.8,7.03,2.0,-0.01,-0.5,,,曇り,20.0,22.0,2.0,北東,2.0,https://boatraceraid.jp/exhibition/?opdt=2026-09-30&rcoursecd=05&rno=10
20260930,多摩川,10,3,5049,松井 友汰,A2,6.72,36.9,5.87,6.97,3.0,-0.03,-0.5,,,曇り,20.0,22.0,2.0,北東,2.0,https://boatraceraid.jp/exhibition/?opdt=2026-09-30&rcoursecd=05&rno=10
20260930,多摩川,10,4,4061,萩原 秀人,A1,6.75,36.72,5.7,6.8,4.0,0.22,0.0,,,曇り,20.0,22.0,2.0,北東,2.0,https://boatraceraid.jp/exhibition/?opdt=2026-09-30&rcoursecd=05&rno=10
20260930,多摩川,10,5,4025,山本 隆幸,A1,6.69,37.13,5.77,6.93,5.0,0.08,0.0,,,曇り,20.0,22.0,2.0,北東,2.0,https://boatraceraid.jp/exhibition/?opdt=2026-09-30&rcoursecd=05&rno=10
20260930,多摩川,10,6,3860,松本 浩貴,B1,6.74,37.87,5.93,7.03,6.0,0.09,-0.5,,,曇り,20.0,22.0,2.0,北東,2.0,https://boatraceraid.jp/exhibition/?opdt=2026-09-30&rcoursecd=05&rno=10
20260930,多摩川,11,1,4447,深川 麻奈美,B1,6.65,37.21,5.86,6.97,1.0,0.08,0.0,,,曇り,21.0,22.0,1.0,北東,2.0,https://boatraceraid.jp/exhibition/?opdt=2026-09-30&rcoursecd=05&rno=11
20260930,多摩川,11,2,4435,服部 達哉,A2,6.68,36.86,5.44,7.0,2.0,0.03,-0.5,,,曇り,21.0,22.0,1.0,北東,2.0,https://boatraceraid.jp/exhibition/?opdt=2026-09-30&rcoursecd=05&rno=11
20260930,多摩川,11,3,4015,前野 竜一,A2,6.75,36.91,5.51,7.17,3.0,-0.18,-0.5,,,曇り,21.0,22.0,1.0,北東,2.0,https://boatraceraid.jp/exhibition/?opdt=2026-09-30&rcoursecd=05&rno=11
20260930,多摩川,11,4,4225,土屋 千明,A2,6.75,37.96,5.8,7.1,4.0,0.09,-0.5,,,曇り,21.0,22.0,1.0,北東,2.0,https://boatraceraid.jp/exhibition/?opdt=2026-09-30&rcoursecd=05&rno=11
20260930,多摩川,11,5,4190,長嶋 万記,B2,6.73,37.93,5.77,6.97,5.0,0.08,0.0,,,曇り,21.0,22.0,1.0,北東,2.0,https://boatraceraid.jp/exhibition/?opdt=2026-09-30&rcoursecd=05&rno=11
20260930,多摩川,11,6,4931,木谷 賢太,A1,6.8,36.65,5.51,7.13,6.0,0.2,-0.5,,,曇り,21.0,22.0,1.0,北東,2.0,https://boatraceraid.jp/exhibition/?opdt=2026-09-30&rcoursecd=05&rno=11
20260930,多摩川,12,1,4144,石塚 久也,A2,6.63,36.25,5.42,6.93,1.0,-0.09,-0.5,,,曇り,21.0,22.0,2.0,北東,2.0,https://boatraceraid.jp/exhibition/?opdt=2026-09-30&rcoursecd=05&rno=12
20260930,多摩川,12,2,4288,永田 啓二,A1,6.72,37.12,5.73,7.0,2.0,-0.07,0.0,,,曇り,21.0,22.0,2.0,北東,2.0,https://boatraceraid.jp/exhibition/?opdt=2026-09-30&rcoursecd=05&rno=12
20260930,多摩川,12,3,4932,新開 航,A1,6.65,36.88,6.15,6.8,3.0,0.12,0.0,,,曇り,21.0,22.0,2.0,北東,2.0,https://boatraceraid.jp/exhibition/?opdt=2026-09-30&rcoursecd=05&rno=12
20260930,多摩川,12,4,4446,和田 兼輔,A1,6.65,37.1,5.9,6.94,4.0,-0.01,-0.5,,,曇り,21.0,22.0,2.0,北東,2.0,https://boatraceraid.jp/exhibition/?opdt=2026-09-30&rcoursecd=05&rno=12
20260930,多摩川,12,5,4737,竹井 貴史,A1,6.7,36.27,5.8,6.93,5.0,-0.06,0.0,,,曇り,21.0,22.0,2.0,北東,2.0,https://boatraceraid.jp/exhibition/?opdt=2026-09-30&rcoursecd=05&rno=12
20260930,多摩川,12,6,5199,垂水 悠,B1,6.7,36.7,5.64,6.97,6.0,0.08,-0.5,,,曇り,21.0,22.0,2.0,北東,2.0,https://boatraceraid.jp/exhibition/?opdt=2026-09-30&rcoursecd=05&rno=12
20260919,浜名湖,1,1,4327,加藤 翔,B1,6.68,37.66,5.32,8.02,1.0,0.08,-0.5,,,曇り,25.0,26.0,1.0,北,0.0,https://boatraceraid.jp/exhibition/?opdt=2026-09-19&rcoursecd=06&rno=01
20260919,浜名湖,1,2,3475,橋本 久和,B1,6.65,37.4,5.3,8.01,2.0,0.19,0.0,,,曇り,25.0,26.0,1.0,北,0.0,https://boatraceraid.jp/exhibition/?opdt=2026-09-19&rcoursecd=06&rno=01
20260919,浜名湖,1,3,3514,山一 鉄也,A2,6.7,37.43,5.32,8.02,3.0,0.23,0.0,,,曇り,25.0,26.0,1.0,北,0.0,https://boatraceraid.jp/exhibition/?opdt=2026-09-19&rcoursecd=06&rno=01
20260919,浜名湖,1,4,5371,早川 颯太,B2,6.77,37.98,5.49,8.09,4.0,0.27,0.0,,,曇り,25.0,26.0,1.0,北,0.0,https://boatraceraid.jp/exhibition/?opdt=2026-09-19&rcoursecd=06&rno=01
20260919,浜名湖,1,5,4196,田中 太一郎,B1,6.65,37.97,5.56,8.1,5.0,0.23,0.0,,,曇り,25.0,26.0,1.0,北,0.0,https://boatraceraid.jp/exhibition/?opdt=2026-09-19&rcoursecd=06&rno=01
20260919,浜名湖,1,6,4945,上村 宏太,B1,6.68,37.76,5.55,8.2,6.0,0.24,0.0,,,曇り,25.0,26.0,1.0,北,0.0,https://boatraceraid.jp/exhibition/?opdt=2026-09-19&rcoursecd=06&rno=01
20260919,浜名湖,2,1,3517,高橋 勲,B1,6.74,37.02,5.04,8.08,1.0,0.28,0.0,,,曇り,25.0,26.0,1.0,北,0.0,https://boatraceraid.jp/exhibition/?opdt=2026-09-19&rcoursecd=06&rno=02
20260919,浜名湖,2,2,4593,小坂 宗司,A2,6.69,37.12,5.13,7.98,2.0,0.21,0.0,,,曇り,25.0,26.0,1.0,北,0.0,https://boatraceraid.jp/exhibition/?opdt=2026-09-19&rcoursecd=06&rno=02
20260919,浜名湖,2,3,4428,有賀 達也,A2,6.69,36.99,5.18,8.34,3.0,0.17,-0.5,,,曇り,25.0,26.0,1.0,北,0.0,https://boatraceraid.jp/exhibition/?opdt=2026-09-19&rcoursecd=06&rno=02
20260919,浜名湖,2,4,4151,下河 誉史,B1,6.76,38.04,5.44,8.01,4.0,0.2,-0.5,,,曇り,25.0,26.0,1.0,北,0.0,https://boatraceraid.jp/exhibition/?opdt=2026-09-19&rcoursecd=06&rno=02
20260919,浜名湖,2,5,3910,松下 知幸,B1,6.73,37.84,5.45,8.16,5.0,0.12,-0.5,,,曇り,25.0,26.0,1.0,北,0.0,https://boatraceraid.jp/exhibition/?opdt=2026-09-19&rcoursecd=06&rno=02
20260919,浜名湖,2,6,3711,江本 真治,A2,6.71,37.66,5.4,8.3,6.0,0.14,0.5,,,曇り,25.0,26.0,1.0,北,0.0,https://boatraceraid.jp/exhibition/?opdt=2026-09-19&rcoursecd=06&rno=02
20260919,浜名湖,3,1,4128,川口 貴久,B1,6.67,37.85,5.44,8.26,1.0,0.27,-0.5,,,曇り,26.0,27.0,3.0,南,1.0,https://boatraceraid.jp/exhibition/?opdt=2026-09-19&rcoursecd=06&rno=03
20260919,浜名湖,3,2,4302,西野 翔太,A1,6.66,37.85,5.33,8.39,2.0,0.31,-0.5,,,曇り,26.0,27.0,3.0,南,1.0,https://boatraceraid.jp/exhibition/?opdt=2026-09-19&rcoursecd=06&rno=03
20260919,浜名湖,3,3,4460,後藤 翔之,A2,6.69,37.56,5.32,8.36,3.0,0.27,0.0,,,曇り,26.0,27.0,3.0,南,1.0,https://boatraceraid.jp/exhibition/?opdt=2026-09-19&rcoursecd=06&rno=03
20260919,浜名湖,3,4,4263,武重 雄介,B1,6.76,38.04,5.42,8.41,4.0,0.02,0.0,,,曇り,26.0,27.0,3.0,南,1.0,https://boatraceraid.jp/exhibition/?opdt=2026-09-19&rcoursecd=06&rno=03
20260919,浜名湖,3,5,5299,西丸 敦基,A2,6.69,37.34,5.53,8.2,5.0,-0.04,0.0,,,曇り,26.0,27.0,3.0,南,1.0,https://boatraceraid.jp/exhibition/?opdt=2026-09-19&rcoursecd=06&rno=03
20260919,浜名湖,3,6,4992,廣瀬 篤哉,B1,6.69,37.83,5.34,8.25,6.0,0.06,0.0,,,曇り,26.0,27.0,3.0,南,1.0,https://boatraceraid.jp/exhibition/?opdt=2026-09-19&rcoursecd=06&rno=03
20260919,浜名湖,4,1,4189,川上 剛,A1,6.71,37.12,5.48,8.25,1.0,0.13,-0.5,,,曇り,27.0,27.0,2.0,南,1.0,https://boatraceraid.jp/exhibition/?opdt=2026-09-19&rcoursecd=06&rno=04
20260919,浜名湖,4,2,3655,本橋 克洋,B1,6.76,37.43,5.39,8.12,2.0,0.25,0.0,,,曇り,27.0,27.0,2.0,南,1.0,https://boatraceraid.jp/exhibition/?opdt=2026-09-19&rcoursecd=06&rno=04
20260919,浜名湖,4,3,3294,野中 義生,B1,6.65,37.78,5.43,8.13,3.0,0.23,0.0,,,曇り,27.0,27.0,2.0,南,1.0,https://boatraceraid.jp/exhibition/?opdt=2026-09-19&rcoursecd=06&rno=04
20260919,浜名湖,4,4,5007,近藤 雄一郎,B1,6.77,37.69,5.26,8.2,4.0,0.1,0.0,,,曇り,27.0,27.0,2.0,南,1.0,https://boatraceraid.jp/exhibition/?opdt=2026-09-19&rcoursecd=06&rno=04
20260919,浜名湖,4,5,3523,寳田 亮治,B1,6.68,38.06,5.4,8.12,5.0,0.14,0.0,,,曇り,27.0,27.0,2.0,南,1.0,https://boatraceraid.jp/exhibition/?opdt=2026-09-19&rcoursecd=06&rno=04
20260919,浜名湖,4,6,3989,熊本 英一,B1,6.71,39.0,5.47,8.05,6.0,0.13,-0.5,,,曇り,27.0,27.0,2.0,南,1.0,https://boatraceraid.jp/exhibition/?opdt=2026-09-19&rcoursecd=06&rno=04
20260919,浜名湖,5,1,5368,宮崎 心之介,B1,6.73,36.97,5.41,8.17,1.0,0.07,0.0,,,曇り,27.0,27.0,2.0,南,1.0,https://boatraceraid.jp/exhibition/?opdt=2026-09-19&rcoursecd=06&rno=05
20260919,浜名湖,5,2,4518,大須賀 友,A1,6.64,37.04,5.39,8.02,2.0,-0.07,0.0,,,曇り,27.0,27.0,2.0,南,1.0,https://boatraceraid.jp/exhibition/?opdt=2026-09-19&rcoursecd=06&rno=05
20260919,浜名湖,5,3,4140,梶野 学志,A2,6.76,37.64,5.31,8.18,3.0,0.25,0.0,,,曇り,27.0,27.0,2.0,南,1.0,https://boatraceraid.jp/exhibition/?opdt=2026-09-19&rcoursecd=06&rno=05
20260919,浜名湖,5,4,5046,松山 裕基,B1,6.68,38.26,5.47,8.23,4.0,0.04,0.0,,,曇り,27.0,27.0,2.0,南,1.0,https://boatraceraid.jp/exhibition/?opdt=2026-09-19&rcoursecd=06&rno=05
20260919,浜名湖,5,5,4049,荒川 健太,A2,6.73,37.79,5.44,8.14,5.0,-0.06,0.0,,,曇り,27.0,27.0,2.0,南,1.0,https://boatraceraid.jp/exhibition/?opdt=2026-09-19&rcoursecd=06&rno=05
20260919,浜名湖,5,6,5348,小林 甘寧,B1,6.65,37.63,5.27,8.24,6.0,0.14,-0.5,,,曇り,27.0,27.0,2.0,南,1.0,https://boatraceraid.jp/exhibition/?opdt=2026-09-19&rcoursecd=06&rno=05
20260919,浜名湖,6,1,5083,柳瀬 幹太,B1,6.73,37.0,5.2,8.17,1.0,0.24,0.0,,,曇り,27.0,27.0,2.0,南,1.0,https://boatraceraid.jp/exhibition/?opdt=2026-09-19&rcoursecd=06&rno=06
20260919,浜名湖,6,2,4227,安達 裕樹,A2,6.73,37.27,5.44,8.14,2.0,0.01,0.0,,,曇り,27.0,27.0,2.0,南,1.0,https://boatraceraid.jp/exhibition/?opdt=2026-09-19&rcoursecd=06&rno=06
20260919,浜名湖,6,3,5371,早川 颯太,B2,6.76,37.59,6.01,8.01,3.0,-0.04,-0.5,,,曇り,27.0,27.0,2.0,南,1.0,https://boatraceraid.jp/exhibition/?opdt=2026-09-19&rcoursecd=06&rno=06
20260919,浜名湖,6,4,4143,浦田 晃嗣,B1,6.78,38.04,5.79,8.05,4.0,-0.01,0.0,,,曇り,27.0,27.0,2.0,南,1.0,https://boatraceraid.jp/exhibition/?opdt=2026-09-19&rcoursecd=06&rno=06
20260919,浜名湖,6,5,4352,下條 雄太郎,A1,6.68,36.8,5.4,8.1,5.0,0.02,0.0,,,曇り,27.0,27.0,2.0,南,1.0,https://boatraceraid.jp/exhibition/?opdt=2026-09-19&rcoursecd=06&rno=06
20260919,浜名湖,6,6,4561,藤山 翔大,A2,6.81,38.68,5.83,8.2,6.0,0.09,-0.5,,,曇り,27.0,27.0,2.0,南,1.0,https://boatraceraid.jp/exhibition/?opdt=2026-09-19&rcoursecd=06&rno=06
20260919,浜名湖,7,1,4753,森 照夫,B2,6.8,37.61,5.4,8.24,1.0,0.04,-0.5,,,曇り,27.0,27.0,2.0,南,1.0,https://boatraceraid.jp/exhibition/?opdt=2026-09-19&rcoursecd=06&rno=07
20260919,浜名湖,7,2,4044,湯川 浩司,A1,6.74,37.52,5.34,8.26,2.0,0.11,0.0,,,曇り,27.0,27.0,2.0,南,1.0,https://boatraceraid.jp/exhibition/?opdt=2026-09-19&rcoursecd=06&rno=07
20260919,浜名湖,7,3,4945,上村 宏太,B1,6.72,37.56,5.37,8.19,3.0,0.04,0.0,,,曇り,27.0,27.0,2.0,南,1.0,https://boatraceraid.jp/exhibition/?opdt=2026-09-19&rcoursecd=06&rno=07
20260919,浜名湖,7,4,4919,吉田 翔悟,B1,6.72,37.43,5.78,8.11,4.0,0.03,0.0,,,曇り,27.0,27.0,2.0,南,1.0,https://boatraceraid.jp/exhibition/?opdt=2026-09-19&rcoursecd=06&rno=07
20260919,浜名湖,7,5,5379,廣部 大明,B1,6.79,37.52,5.64,8.29,5.0,0.21,0.0,,,曇り,27.0,27.0,2.0,南,1.0,https://boatraceraid.jp/exhibition/?opdt=2026-09-19&rcoursecd=06&rno=07
20260919,浜名湖,7,6,4428,有賀 達也,A2,6.69,37.07,5.27,8.27,6.0,0.08,-0.5,,,曇り,27.0,27.0,2.0,南,1.0,https://boatraceraid.jp/exhibition/?opdt=2026-09-19&rcoursecd=06&rno=07
20260919,浜名湖,8,1,4661,中島 昂章,A2,6.73,37.51,5.45,8.18,1.0,0.31,0.0,,,曇り,28.0,27.0,0.0,西,0.0,https://boatraceraid.jp/exhibition/?opdt=2026-09-19&rcoursecd=06&rno=08
20260919,浜名湖,8,2,5400,高村 諒,B2,6.73,37.43,5.54,8.14,2.0,0.15,0.0,,,曇り,28.0,27.0,0.0,西,0.0,https://boatraceraid.jp/exhibition/?opdt=2026-09-19&rcoursecd=06&rno=08
20260919,浜名湖,8,3,3910,松下 知幸,B1,6.79,37.83,5.4,8.09,3.0,0.19,0.0,,,曇り,28.0,27.0,0.0,西,0.0,https://boatraceraid.jp/exhibition/?opdt=2026-09-19&rcoursecd=06&rno=08
20260919,浜名湖,8,4,4436,渋谷 明憲,A1,6.73,37.52,5.4,8.2,4.0,0.16,0.0,,,曇り,28.0,27.0,0.0,西,0.0,https://boatraceraid.jp/exhibition/?opdt=2026-09-19&rcoursecd=06&rno=08
20260919,浜名湖,8,5,4327,加藤 翔,B1,6.74,37.94,5.62,7.93,5.0,0.09,-0.5,,,曇り,28.0,27.0,0.0,西,0.0,https://boatraceraid.jp/exhibition/?opdt=2026-09-19&rcoursecd=06&rno=08
20260919,浜名湖,8,6,4263,武重 雄介,B1,6.83,37.88,5.55,8.06,6.0,0.08,0.0,,,曇り,28.0,27.0,0.0,西,0.0,https://boatraceraid.jp/exhibition/?opdt=2026-09-19&rcoursecd=06&rno=08
20260919,浜名湖,9,1,4793,金子 萌,A2,6.71,37.3,5.32,8.38,1.0,0.21,-0.5,,,曇り,29.0,27.0,0.0,西,0.0,https://boatraceraid.jp/exhibition/?opdt=2026-09-19&rcoursecd=06&rno=09
20260919,浜名湖,9,2,5299,西丸 敦基,A2,6.7,37.34,5.69,8.06,2.0,0.11,0.0,,,曇り,29.0,27.0,0.0,西,0.0,https://boatraceraid.jp/exhibition/?opdt=2026-09-19&rcoursecd=06&rno=09
20260919,浜名湖,9,3,5348,小林 甘寧,B1,6.64,37.19,5.14,8.07,3.0,0.08,-0.5,,,曇り,29.0,27.0,0.0,西,0.0,https://boatraceraid.jp/exhibition/?opdt=2026-09-19&rcoursecd=06&rno=09
20260919,浜名湖,9,4,3517,高橋 勲,B1,6.71,38.37,5.64,8.28,4.0,0.33,0.0,,,曇り,29.0,27.0,0.0,西,0.0,https://boatraceraid.jp/exhibition/?opdt=2026-09-19&rcoursecd=06&rno=09
20260919,浜名湖,9,5,3514,山一 鉄也,A2,6.69,37.76,5.33,8.26,5.0,0.13,0.0,,,曇り,29.0,27.0,0.0,西,0.0,https://boatraceraid.jp/exhibition/?opdt=2026-09-19&rcoursecd=06&rno=09
20260919,浜名湖,9,6,3655,本橋 克洋,B1,6.71,38.06,5.48,8.13,6.0,0.25,0.0,,,曇り,29.0,27.0,0.0,西,0.0,https://boatraceraid.jp/exhibition/?opdt=2026-09-19&rcoursecd=06&rno=09
20260919,浜名湖,10,1,3613,角谷 健吾,A2,6.7,37.76,5.33,8.29,1.0,0.08,-0.5,,,曇り,28.0,27.0,2.0,南,1.0,https://boatraceraid.jp/exhibition/?opdt=2026-09-19&rcoursecd=06&rno=10
20260919,浜名湖,10,2,4992,廣瀬 篤哉,B1,6.72,37.66,5.37,8.42,2.0,0.15,-0.5,,,曇り,28.0,27.0,2.0,南,1.0,https://boatraceraid.jp/exhibition/?opdt=2026-09-19&rcoursecd=06&rno=10
20260919,浜名湖,10,3,3711,江本 真治,A2,6.69,37.72,5.32,8.27,3.0,0.36,0.0,,,曇り,28.0,27.0,2.0,南,1.0,https://boatraceraid.jp/exhibition/?opdt=2026-09-19&rcoursecd=06&rno=10
20260919,浜名湖,10,4,3989,熊本 英一,B1,6.71,38.26,5.61,8.19,4.0,0.23,-0.5,,,曇り,28.0,27.0,2.0,南,1.0,https://boatraceraid.jp/exhibition/?opdt=2026-09-19&rcoursecd=06&rno=10
20260919,浜名湖,10,5,4140,梶野 学志,A2,6.81,37.82,5.17,8.12,5.0,0.18,0.0,,,曇り,28.0,27.0,2.0,南,1.0,https://boatraceraid.jp/exhibition/?opdt=2026-09-19&rcoursecd=06&rno=10
20260919,浜名湖,10,6,4561,藤山 翔大,A2,6.81,38.79,5.67,8.05,6.0,0.17,-0.5,,,曇り,28.0,27.0,2.0,南,1.0,https://boatraceraid.jp/exhibition/?opdt=2026-09-19&rcoursecd=06&rno=10
20260919,浜名湖,11,1,4570,前田 聖文,A1,6.71,37.42,5.24,8.43,1.0,0.04,0.0,,,曇り,27.0,27.0,2.0,南,1.0,https://boatraceraid.jp/exhibition/?opdt=2026-09-19&rcoursecd=06&rno=11
20260919,浜名湖,11,2,3523,寳田 亮治,B1,6.69,37.4,5.51,8.2,2.0,0.14,0.0,,,曇り,27.0,27.0,2.0,南,1.0,https://boatraceraid.jp/exhibition/?opdt=2026-09-19&rcoursecd=06&rno=11
20260919,浜名湖,11,3,4143,浦田 晃嗣,B1,6.76,38.18,5.65,8.21,3.0,0.11,0.0,,,曇り,27.0,27.0,2.0,南,1.0,https://boatraceraid.jp/exhibition/?opdt=2026-09-19&rcoursecd=06&rno=11
20260919,浜名湖,11,4,4049,荒川 健太,A2,6.7,38.16,5.53,8.17,4.0,0.24,0.0,,,曇り,27.0,27.0,2.0,南,1.0,https://boatraceraid.jp/exhibition/?opdt=2026-09-19&rcoursecd=06&rno=11
20260919,浜名湖,11,5,4460,後藤 翔之,A2,6.71,38.1,5.37,8.1,5.0,0.13,-0.5,,,曇り,27.0,27.0,2.0,南,1.0,https://boatraceraid.jp/exhibition/?opdt=2026-09-19&rcoursecd=06&rno=11
20260919,浜名湖,11,6,4593,小坂 宗司,A2,6.7,38.22,5.58,8.04,6.0,0.11,0.0,,,曇り,27.0,27.0,2.0,南,1.0,https://boatraceraid.jp/exhibition/?opdt=2026-09-19&rcoursecd=06&rno=11
20260919,浜名湖,12,1,4044,湯川 浩司,A1,6.69,37.02,5.43,8.09,1.0,-0.02,0.0,,,曇り,27.0,27.0,2.0,南,1.0,https://boatraceraid.jp/exhibition/?opdt=2026-09-19&rcoursecd=06&rno=12
20260919,浜名湖,12,2,4352,下條 雄太郎,A1,6.72,37.45,5.36,8.15,2.0,-0.03,0.0,,,曇り,27.0,27.0,2.0,南,1.0,https://boatraceraid.jp/exhibition/?opdt=2026-09-19&rcoursecd=06&rno=12
20260919,浜名湖,12,3,4189,川上 剛,A1,6.73,38.75,5.43,8.28,3.0,0.07,-0.5,,,曇り,27.0,27.0,2.0,南,1.0,https://boatraceraid.jp/exhibition/?opdt=2026-09-19&rcoursecd=06&rno=12
20260919,浜名湖,12,4,4302,西野 翔太,A1,6.67,38.13,5.37,8.29,4.0,-0.04,-0.5,,,曇り,27.0,27.0,2.0,南,1.0,https://boatraceraid.jp/exhibition/?opdt=2026-09-19&rcoursecd=06&rno=12
20260919,浜名湖,12,5,4518,大須賀 友,A1,6.66,37.21,5.33,8.02,5.0,-0.04,0.0,,,曇り,27.0,27.0,2.0,南,1.0,https://boatraceraid.jp/exhibition/?opdt=2026-09-19&rcoursecd=06&rno=12
20260919,浜名湖,12,6,4436,渋谷 明憲,A1,6.69,37.3,5.48,8.13,6.0,-0.07,0.0,,,曇り,27.0,27.0,2.0,南,1.0,https://boatraceraid.jp/exhibition/?opdt=2026-09-19&rcoursecd=06&rno=12
20260920,浜名湖,1,1,3294,野中 義生,B1,6.73,36.96,5.32,8.17,1.0,0.17,0.0,,,曇り,27.0,26.0,3.0,北西,2.0,https://boatraceraid.jp/exhibition/?opdt=2026-09-20&rcoursecd=06&rno=01
20260920,浜名湖,1,2,4151,下河 誉史,B1,6.83,38.0,5.28,8.21,2.0,0.14,-0.5,,,曇り,27.0,26.0,3.0,北西,2.0,https://boatraceraid.jp/exhibition/?opdt=2026-09-20&rcoursecd=06&rno=01
20260920,浜名湖,1,3,4793,金子 萌,A2,6.83,37.34,5.27,8.23,3.0,0.17,0.0,,,曇り,27.0,26.0,3.0,北西,2.0,https://boatraceraid.jp/exhibition/?opdt=2026-09-20&rcoursecd=06&rno=01
20260920,浜名湖,1,4,5379,廣部 大明,B1,6.77,37.71,5.76,8.31,4.0,0.01,0.0,,,曇り,27.0,26.0,3.0,北西,2.0,https://boatraceraid.jp/exhibition/?opdt=2026-09-20&rcoursecd=06&rno=01
20260920,浜名湖,1,5,5046,松山 裕基,B1,6.83,38.14,5.82,8.23,5.0,0.1,0.0,,,曇り,27.0,26.0,3.0,北西,2.0,https://boatraceraid.jp/exhibition/?opdt=2026-09-20&rcoursecd=06&rno=01
20260920,浜名湖,1,6,4128,川口 貴久,B1,6.79,38.52,5.6,8.34,6.0,0.16,-0.5,,,曇り,27.0,26.0,3.0,北西,2.0,https://boatraceraid.jp/exhibition/?opdt=2026-09-20&rcoursecd=06&rno=01
20260920,浜名湖,2,1,4919,吉田 翔悟,B1,6.71,37.18,5.23,8.2,1.0,0.14,0.0,,,曇り,27.0,26.0,3.0,北西,2.0,https://boatraceraid.jp/exhibition/?opdt=2026-09-20&rcoursecd=06&rno=02
20260920,浜名湖,2,2,4460,後藤 翔之,A2,6.78,37.86,5.27,8.26,2.0,0.1,-0.5,,,曇り,27.0,26.0,3.0,北西,2.0,https://boatraceraid.jp/exhibition/?opdt=2026-09-20&rcoursecd=06&rno=02
20260920,浜名湖,2,3,4227,安達 裕樹,A2,6.77,37.57,5.23,8.21,3.0,0.1,0.0,,,曇り,27.0,26.0,3.0,北西,2.0,https://boatraceraid.jp/exhibition/?opdt=2026-09-20&rcoursecd=06&rno=02
20260920,浜名湖,2,4,5368,宮崎 心之介,B1,6.81,37.58,5.24,8.21,4.0,0.08,0.0,,,曇り,27.0,26.0,3.0,北西,2.0,https://boatraceraid.jp/exhibition/?opdt=2026-09-20&rcoursecd=06&rno=02
20260920,浜名湖,2,5,3613,角谷 健吾,A2,6.79,38.42,5.55,8.29,5.0,-0.02,-0.5,,,曇り,27.0,26.0,3.0,北西,2.0,https://boatraceraid.jp/exhibition/?opdt=2026-09-20&rcoursecd=06&rno=02
20260920,浜名湖,2,6,4263,武重 雄介,B1,6.86,37.93,5.29,8.25,6.0,-0.03,0.0,,,曇り,27.0,26.0,3.0,北西,2.0,https://boatraceraid.jp/exhibition/?opdt=2026-09-20&rcoursecd=06&rno=02
20260920,浜名湖,3,1,5007,近藤 雄一郎,B1,6.84,37.55,5.52,8.5,1.0,0.12,0.0,,,曇り,27.0,26.0,2.0,東,1.0,https://boatraceraid.jp/exhibition/?opdt=2026-09-20&rcoursecd=06&rno=03
20260920,浜名湖,3,2,4140,梶野 学志,A2,6.88,37.93,5.32,8.46,2.0,0.31,-0.5,,,曇り,27.0,26.0,2.0,東,1.0,https://boatraceraid.jp/exhibition/?opdt=2026-09-20&rcoursecd=06&rno=03
20260920,浜名湖,3,3,4753,森 照夫,B2,6.88,38.08,5.48,8.6,3.0,0.15,-0.5,,,曇り,27.0,26.0,2.0,東,1.0,https://boatraceraid.jp/exhibition/?opdt=2026-09-20&rcoursecd=06&rno=03
20260920,浜名湖,3,4,3523,寳田 亮治,B1,6.78,37.9,5.62,8.27,4.0,0.23,0.0,,,曇り,27.0,26.0,2.0,東,1.0,https://boatraceraid.jp/exhibition/?opdt=2026-09-20&rcoursecd=06&rno=03
20260920,浜名湖,3,5,4436,渋谷 明憲,A1,6.74,37.88,5.41,8.25,5.0,0.08,0.0,,,曇り,27.0,26.0,2.0,東,1.0,https://boatraceraid.jp/exhibition/?opdt=2026-09-20&rcoursecd=06&rno=03
20260920,浜名湖,3,6,4561,藤山 翔大,A2,6.87,38.63,5.79,8.29,6.0,0.21,-0.5,,,曇り,27.0,26.0,2.0,東,1.0,https://boatraceraid.jp/exhibition/?opdt=2026-09-20&rcoursecd=06&rno=03
20260920,浜名湖,4,1,4518,大須賀 友,A1,6.75,37.32,5.38,8.11,1.0,-0.03,0.0,,,曇り,27.0,26.0,2.0,北,1.0,https://boatraceraid.jp/exhibition/?opdt=2026-09-20&rcoursecd=06&rno=04
20260920,浜名湖,4,2,3517,高橋 勲,B1,6.89,37.69,5.36,8.36,2.0,0.11,-0.5,,,曇り,27.0,26.0,2.0,北,1.0,https://boatraceraid.jp/exhibition/?opdt=2026-09-20&rcoursecd=06&rno=04
20260920,浜名湖,4,3,4327,加藤 翔,B1,6.84,38.1,5.63,8.2,3.0,0.24,0.0,,,曇り,27.0,26.0,2.0,北,1.0,https://boatraceraid.jp/exhibition/?opdt=2026-09-20&rcoursecd=06&rno=04
20260920,浜名湖,4,4,5083,柳瀬 幹太,B1,6.81,37.77,5.53,8.13,4.0,0.28,0.0,,,曇り,27.0,26.0,2.0,北,1.0,https://boatraceraid.jp/exhibition/?opdt=2026-09-20&rcoursecd=06&rno=04
20260920,浜名湖,4,5,3475,橋本 久和,B1,6.86,37.8,5.2,8.17,5.0,0.32,0.0,,,曇り,27.0,26.0,2.0,北,1.0,https://boatraceraid.jp/exhibition/?opdt=2026-09-20&rcoursecd=06&rno=04
20260920,浜名湖,4,6,5400,高村 諒,B2,6.81,37.88,5.45,8.08,6.0,0.22,0.0,,,曇り,27.0,26.0,2.0,北,1.0,https://boatraceraid.jp/exhibition/?opdt=2026-09-20&rcoursecd=06&rno=04
20260920,浜名湖,5,1,5046,松山 裕基,B1,6.76,37.48,5.49,8.22,1.0,0.26,0.0,,,曇り,27.0,26.0,3.0,北西,2.0,https://boatraceraid.jp/exhibition/?opdt=2026-09-20&rcoursecd=06&rno=05
20260920,浜名湖,5,2,3910,松下 知幸,B1,6.79,38.11,5.29,8.17,2.0,0.18,0.0,,,曇り,27.0,26.0,3.0,北西,2.0,https://boatraceraid.jp/exhibition/?opdt=2026-09-20&rcoursecd=06&rno=05
20260920,浜名湖,5,3,4196,田中 太一郎,B1,6.75,38.26,5.72,8.02,3.0,-0.06,0.0,,,曇り,27.0,26.0,3.0,北西,2.0,https://boatraceraid.jp/exhibition/?opdt=2026-09-20&rcoursecd=06&rno=05
20260920,浜名湖,5,4,4661,中島 昂章,A2,6.88,37.6,5.3,8.14,4.0,-0.09,0.0,,,曇り,27.0,26.0,3.0,北西,2.0,https://boatraceraid.jp/exhibition/?opdt=2026-09-20&rcoursecd=06&rno=05
20260920,浜名湖,5,5,4044,湯川 浩司,A1,6.8,37.91,5.4,8.12,5.0,-0.07,0.0,,,曇り,27.0,26.0,3.0,北西,2.0,https://boatraceraid.jp/exhibition/?opdt=2026-09-20&rcoursecd=06&rno=05
20260920,浜名湖,5,6,5371,早川 颯太,B2,6.78,38.08,5.46,8.19,6.0,-0.09,-0.5,,,曇り,27.0,26.0,3.0,北西,2.0,https://boatraceraid.jp/exhibition/?opdt=2026-09-20&rcoursecd=06&rno=05
20260920,浜名湖,6,1,3711,江本 真治,A2,6.75,38.07,5.25,8.32,1.0,0.21,0.0,,,曇り,27.0,26.0,1.0,北西,1.0,https://boatraceraid.jp/exhibition/?opdt=2026-09-20&rcoursecd=06&rno=06
20260920,浜名湖,6,2,4919,吉田 翔悟,B1,6.74,37.54,5.34,8.21,2.0,0.07,0.0,,,曇り,27.0,26.0,1.0,北西,1.0,https://boatraceraid.jp/exhibition/?opdt=2026-09-20&rcoursecd=06&rno=06
20260920,浜名湖,6,3,4302,西野 翔太,A1,6.72,38.12,5.58,8.2,3.0,0.07,-0.5,,,曇り,27.0,26.0,1.0,北西,1.0,https://boatraceraid.jp/exhibition/?opdt=2026-09-20&rcoursecd=06&rno=06
20260920,浜名湖,6,4,3655,本橋 克洋,B1,6.83,38.39,5.58,8.15,4.0,0.11,0.0,,,曇り,27.0,26.0,1.0,北西,1.0,https://boatraceraid.jp/exhibition/?opdt=2026-09-20&rcoursecd=06&rno=06
20260920,浜名湖,6,5,4428,有賀 達也,A2,6.73,37.78,5.37,8.04,5.0,0.11,0.0,,,曇り,27.0,26.0,1.0,北西,1.0,https://boatraceraid.jp/exhibition/?opdt=2026-09-20&rcoursecd=06&rno=06
20260920,浜名湖,6,6,4143,浦田 晃嗣,B1,6.78,38.2,5.69,8.04,6.0,0.17,0.0,,,曇り,27.0,26.0,1.0,北西,1.0,https://boatraceraid.jp/exhibition/?opdt=2026-09-20&rcoursecd=06&rno=06
20260920,浜名湖,7,1,3989,熊本 英一,B1,6.75,38.02,5.34,8.24,1.0,0.09,0.0,,,曇り,27.0,26.0,0.0,西,0.0,https://boatraceraid.jp/exhibition/?opdt=2026-09-20&rcoursecd=06&rno=07
20260920,浜名湖,7,2,4570,前田 聖文,A1,6.75,37.54,5.31,8.16,2.0,0.02,0.0,,,曇り,27.0,26.0,0.0,西,0.0,https://boatraceraid.jp/exhibition/?opdt=2026-09-20&rcoursecd=06&rno=07
20260920,浜名湖,7,3,5379,廣部 大明,B1,6.78,37.96,5.63,8.24,3.0,0.06,0.0,,,曇り,27.0,26.0,0.0,西,0.0,https://boatraceraid.jp/exhibition/?opdt=2026-09-20&rcoursecd=06&rno=07
20260920,浜名湖,7,4,4352,下條 雄太郎,A1,6.78,37.85,5.23,8.12,4.0,0.06,0.0,,,曇り,27.0,26.0,0.0,西,0.0,https://boatraceraid.jp/exhibition/?opdt=2026-09-20&rcoursecd=06&rno=07
20260920,浜名湖,7,5,5299,西丸 敦基,A2,6.79,37.8,5.32,8.26,5.0,0.17,0.0,,,曇り,27.0,26.0,0.0,西,0.0,https://boatraceraid.jp/exhibition/?opdt=2026-09-20&rcoursecd=06&rno=07
20260920,浜名湖,7,6,5348,小林 甘寧,B1,6.72,37.39,5.4,8.21,6.0,-0.02,-0.5,,,曇り,27.0,26.0,0.0,西,0.0,https://boatraceraid.jp/exhibition/?opdt=2026-09-20&rcoursecd=06&rno=07
20260920,浜名湖,8,1,4227,安達 裕樹,A2,6.73,37.84,5.12,8.38,1.0,0.06,0.0,,,曇り,27.0,26.0,3.0,南東,2.0,https://boatraceraid.jp/exhibition/?opdt=2026-09-20&rcoursecd=06&rno=08
20260920,浜名湖,8,2,4945,上村 宏太,B1,6.71,38.24,5.33,8.24,2.0,0.01,0.0,,,曇り,27.0,26.0,3.0,南東,2.0,https://boatraceraid.jp/exhibition/?opdt=2026-09-20&rcoursecd=06&rno=08
20260920,浜名湖,8,3,4992,廣瀬 篤哉,B1,6.75,38.09,5.32,8.21,3.0,-0.02,0.0,,,曇り,27.0,26.0,3.0,南東,2.0,https://boatraceraid.jp/exhibition/?opdt=2026-09-20&rcoursecd=06&rno=08
20260920,浜名湖,8,4,4189,川上 剛,A1,6.78,38.72,5.58,8.29,4.0,0.11,-0.5,,,曇り,27.0,26.0,3.0,南東,2.0,https://boatraceraid.jp/exhibition/?opdt=2026-09-20&rcoursecd=06&rno=08
20260920,浜名湖,8,5,3294,野中 義生,B1,6.67,37.56,5.46,8.2,5.0,0.09,0.0,,,曇り,27.0,26.0,3.0,南東,2.0,https://boatraceraid.jp/exhibition/?opdt=2026-09-20&rcoursecd=06&rno=08
20260920,浜名湖,8,6,4753,森 照夫,B2,6.81,38.09,5.29,8.15,6.0,0.29,-0.5,,,曇り,27.0,26.0,3.0,南東,2.0,https://boatraceraid.jp/exhibition/?opdt=2026-09-20&rcoursecd=06&rno=08
20260920,浜名湖,9,1,4436,渋谷 明憲,A1,6.71,37.76,5.26,8.33,1.0,0.13,0.0,,,曇り,26.0,26.0,3.0,南東,2.0,https://boatraceraid.jp/exhibition/?opdt=2026-09-20&rcoursecd=06&rno=09
20260920,浜名湖,9,2,4128,川口 貴久,B1,6.74,38.56,5.33,8.54,2.0,0.11,-0.5,,,曇り,26.0,26.0,3.0,南東,2.0,https://boatraceraid.jp/exhibition/?opdt=2026-09-20&rcoursecd=06&rno=09
20260920,浜名湖,9,3,4518,大須賀 友,A1,6.66,37.45,5.08,8.34,3.0,-0.06,0.0,,,曇り,26.0,26.0,3.0,南東,2.0,https://boatraceraid.jp/exhibition/?opdt=2026-09-20&rcoursecd=06&rno=09
20260920,浜名湖,9,4,3613,角谷 健吾,A2,6.76,37.94,5.43,8.35,4.0,0.02,-0.5,,,曇り,26.0,26.0,3.0,南東,2.0,https://boatraceraid.jp/exhibition/?opdt=2026-09-20&rcoursecd=06&rno=09
20260920,浜名湖,9,5,4593,小坂 宗司,A2,6.71,38.28,5.31,8.1,5.0,0.02,0.0,,,曇り,26.0,26.0,3.0,南東,2.0,https://boatraceraid.jp/exhibition/?opdt=2026-09-20&rcoursecd=06&rno=09
20260920,浜名湖,9,6,4196,田中 太一郎,B1,6.69,38.69,5.24,7.94,6.0,0.01,0.0,,,曇り,26.0,26.0,3.0,南東,2.0,https://boatraceraid.jp/exhibition/?opdt=2026-09-20&rcoursecd=06&rno=09
20260920,浜名湖,10,1,3514,山一 鉄也,A2,6.73,37.28,5.18,8.16,1.0,0.06,0.0,,,雨,26.0,26.0,3.0,南東,2.0,https://boatraceraid.jp/exhibition/?opdt=2026-09-20&rcoursecd=06&rno=10
20260920,浜名湖,10,2,4049,荒川 健太,A2,6.8,37.93,5.24,8.3,2.0,0.17,0.0,,,雨,26.0,26.0,3.0,南東,2.0,https://boatraceraid.jp/exhibition/?opdt=2026-09-20&rcoursecd=06&rno=10
20260920,浜名湖,10,3,5400,高村 諒,B2,6.78,37.55,5.42,8.49,3.0,0.25,0.0,,,雨,26.0,26.0,3.0,南東,2.0,https://boatraceraid.jp/exhibition/?opdt=2026-09-20&rcoursecd=06&rno=10
20260920,浜名湖,10,4,4044,湯川 浩司,A1,6.78,37.51,5.36,8.1,4.0,0.18,0.0,,,雨,26.0,26.0,3.0,南東,2.0,https://boatraceraid.jp/exhibition/?opdt=2026-09-20&rcoursecd=06&rno=10
20260920,浜名湖,10,5,4151,下河 誉史,B1,6.74,38.0,5.63,8.22,5.0,0.2,-0.5,,,雨,26.0,26.0,3.0,南東,2.0,https://boatraceraid.jp/exhibition/?opdt=2026-09-20&rcoursecd=06&rno=10
20260920,浜名湖,10,6,4140,梶野 学志,A2,6.87,38.12,5.33,8.27,6.0,0.01,0.0,,,雨,26.0,26.0,3.0,南東,2.0,https://boatraceraid.jp/exhibition/?opdt=2026-09-20&rcoursecd=06&rno=10
20260920,浜名湖,11,1,4302,西野 翔太,A1,6.71,37.94,5.2,8.23,1.0,0.0,-0.5,,,雨,25.0,26.0,1.0,東,1.0,https://boatraceraid.jp/exhibition/?opdt=2026-09-20&rcoursecd=06&rno=11
20260920,浜名湖,11,2,5368,宮崎 心之介,B1,6.75,37.5,5.39,8.17,2.0,0.19,0.0,,,雨,25.0,26.0,1.0,東,1.0,https://boatraceraid.jp/exhibition/?opdt=2026-09-20&rcoursecd=06&rno=11
20260920,浜名湖,11,3,5083,柳瀬 幹太,B1,6.76,37.31,5.27,8.23,3.0,0.29,0.0,,,雨,25.0,26.0,1.0,東,1.0,https://boatraceraid.jp/exhibition/?opdt=2026-09-20&rcoursecd=06&rno=11
20260920,浜名湖,11,4,4793,金子 萌,A2,6.81,37.6,5.5,8.17,4.0,0.06,0.0,,,雨,25.0,26.0,1.0,東,1.0,https://boatraceraid.jp/exhibition/?opdt=2026-09-20&rcoursecd=06&rno=11
20260920,浜名湖,11,5,4661,中島 昂章,A2,6.81,37.73,5.14,8.17,5.0,-0.06,0.0,,,雨,25.0,26.0,1.0,東,1.0,https://boatraceraid.jp/exhibition/?opdt=2026-09-20&rcoursecd=06&rno=11
20260920,浜名湖,11,6,4570,前田 聖文,A1,6.78,38.1,5.28,8.05,6.0,-0.02,0.0,,,雨,25.0,26.0,1.0,東,1.0,https://boatraceraid.jp/exhibition/?opdt=2026-09-20&rcoursecd=06&rno=11
20260920,浜名湖,12,1,4352,下條 雄太郎,A1,6.71,37.08,5.17,8.19,1.0,0.06,0.0,,,雨,24.0,26.0,2.0,東,1.0,https://boatraceraid.jp/exhibition/?opdt=2026-09-20&rcoursecd=06&rno=12
20260920,浜名湖,12,2,4428,有賀 達也,A2,6.7,37.18,5.24,8.24,2.0,0.13,-0.5,,,雨,24.0,26.0,2.0,東,1.0,https://boatraceraid.jp/exhibition/?opdt=2026-09-20&rcoursecd=06&rno=12
20260920,浜名湖,12,3,5007,近藤 雄一郎,B1,6.81,37.98,5.36,8.48,3.0,0.34,0.0,,,雨,24.0,26.0,2.0,東,1.0,https://boatraceraid.jp/exhibition/?opdt=2026-09-20&rcoursecd=06&rno=12
20260920,浜名湖,12,4,3475,橋本 久和,B1,6.72,37.7,5.34,8.32,4.0,0.08,0.0,,,雨,24.0,26.0,2.0,東,1.0,https://boatraceraid.jp/exhibition/?opdt=2026-09-20&rcoursecd=06&rno=12
20260920,浜名湖,12,5,4189,川上 剛,A1,6.82,38.54,5.53,8.15,5.0,0.12,-0.5,,,雨,24.0,26.0,2.0,東,1.0,https://boatraceraid.jp/exhibition/?opdt=2026-09-20&rcoursecd=06&rno=12
20260920,浜名湖,12,6,4460,後藤 翔之,A2,6.73,38.33,5.33,8.2,6.0,0.05,0.0,,,雨,24.0,26.0,2.0,東,1.0,https://boatraceraid.jp/exhibition/?opdt=2026-09-20&rcoursecd=06&rno=12
20260921,浜名湖,1,1,3655,本橋 克洋,B1,6.91,37.96,5.34,8.46,1.0,0.19,0.0,,,曇り,27.0,26.0,5.0,北,3.0,https://boatraceraid.jp/exhibition/?opdt=2026-09-21&rcoursecd=06&rno=01
20260921,浜名湖,1,2,4327,加藤 翔,B1,6.86,38.34,5.43,8.31,2.0,0.4,0.0,,,曇り,27.0,26.0,5.0,北,3.0,https://boatraceraid.jp/exhibition/?opdt=2026-09-21&rcoursecd=06&rno=01
20260921,浜名湖,1,3,5348,小林 甘寧,B1,6.86,37.6,5.45,8.25,3.0,0.43,0.0,,,曇り,27.0,26.0,5.0,北,3.0,https://boatraceraid.jp/exhibition/?opdt=2026-09-21&rcoursecd=06&rno=01
20260921,浜名湖,1,4,3711,江本 真治,A2,6.94,38.57,5.36,8.37,4.0,0.34,-0.5,,,曇り,27.0,26.0,5.0,北,3.0,https://boatraceraid.jp/exhibition/?opdt=2026-09-21&rcoursecd=06&rno=01
20260921,浜名湖,1,5,4227,安達 裕樹,A2,6.91,38.18,5.32,8.45,5.0,0.08,0.0,,,曇り,27.0,26.0,5.0,北,3.0,https://boatraceraid.jp/exhibition/?opdt=2026-09-21&rcoursecd=06&rno=01
20260921,浜名湖,1,6,5368,宮崎 心之介,B1,6.86,37.73,5.34,8.3,6.0,-0.06,0.0,,,曇り,27.0,26.0,5.0,北,3.0,https://boatraceraid.jp/exhibition/?opdt=2026-09-21&rcoursecd=06&rno=01
20260921,浜名湖,2,1,4945,上村 宏太,B1,6.81,38.11,5.28,8.37,1.0,0.16,0.0,,,曇り,27.0,26.0,5.0,北,3.0,https://boatraceraid.jp/exhibition/?opdt=2026-09-21&rcoursecd=06&rno=02
20260921,浜名湖,2,2,4302,西野 翔太,A1,6.86,38.41,5.4,8.27,2.0,0.16,-0.5,,,曇り,27.0,26.0,5.0,北,3.0,https://boatraceraid.jp/exhibition/?opdt=2026-09-21&rcoursecd=06&rno=02
20260921,浜名湖,2,3,3475,橋本 久和,B1,6.89,38.06,5.49,8.34,3.0,0.21,0.0,,,曇り,27.0,26.0,5.0,北,3.0,https://boatraceraid.jp/exhibition/?opdt=2026-09-21&rcoursecd=06&rno=02
20260921,浜名湖,2,4,4460,後藤 翔之,A2,6.86,38.22,5.45,8.37,4.0,0.37,0.0,,,曇り,27.0,26.0,5.0,北,3.0,https://boatraceraid.jp/exhibition/?opdt=2026-09-21&rcoursecd=06&rno=02
20260921,浜名湖,2,5,4919,吉田 翔悟,B1,6.81,37.95,5.64,8.29,5.0,0.2,0.0,,,曇り,27.0,26.0,5.0,北,3.0,https://boatraceraid.jp/exhibition/?opdt=2026-09-21&rcoursecd=06&rno=02
20260921,浜名湖,2,6,4793,金子 萌,A2,6.88,38.13,5.5,8.28,6.0,0.19,0.0,,,曇り,27.0,26.0,5.0,北,3.0,https://boatraceraid.jp/exhibition/?opdt=2026-09-21&rcoursecd=06&rno=02
20260921,浜名湖,3,1,5379,廣部 大明,B1,6.93,38.19,5.39,8.54,1.0,0.08,0.0,,,曇り,27.0,26.0,2.0,北,1.0,https://boatraceraid.jp/exhibition/?opdt=2026-09-21&rcoursecd=06&rno=03
20260921,浜名湖,3,2,4661,中島 昂章,A2,6.96,38.08,5.16,8.44,2.0,0.08,0.5,,,曇り,27.0,26.0,2.0,北,1.0,https://boatraceraid.jp/exhibition/?opdt=2026-09-21&rcoursecd=06&rno=03
20260921,浜名湖,3,3,4049,荒川 健太,A2,6.93,38.87,5.51,8.44,3.0,0.14,0.0,,,曇り,27.0,26.0,2.0,北,1.0,https://boatraceraid.jp/exhibition/?opdt=2026-09-21&rcoursecd=06&rno=03
20260921,浜名湖,3,4,4263,武重 雄介,B1,6.98,38.84,5.49,8.33,4.0,0.42,0.0,,,曇り,27.0,26.0,2.0,北,1.0,https://boatraceraid.jp/exhibition/?opdt=2026-09-21&rcoursecd=06&rno=03
20260921,浜名湖,3,5,3613,角谷 健吾,A2,6.94,39.0,5.62,8.46,5.0,-0.06,0.0,,,曇り,27.0,26.0,2.0,北,1.0,https://boatraceraid.jp/exhibition/?opdt=2026-09-21&rcoursecd=06&rno=03
20260921,浜名湖,3,6,3517,高橋 勲,B1,6.93,38.45,5.53,8.46,6.0,-0.06,0.0,,,曇り,27.0,26.0,2.0,北,1.0,https://boatraceraid.jp/exhibition/?opdt=2026-09-21&rcoursecd=06&rno=03
20260921,浜名湖,4,1,4436,渋谷 明憲,A1,6.87,37.81,5.34,8.36,1.0,0.04,0.0,,,曇り,27.0,26.0,2.0,北,1.0,https://boatraceraid.jp/exhibition/?opdt=2026-09-21&rcoursecd=06&rno=04
20260921,浜名湖,4,2,5007,近藤 雄一郎,B1,6.95,38.26,5.26,8.3,2.0,0.14,0.0,,,曇り,27.0,26.0,2.0,北,1.0,https://boatraceraid.jp/exhibition/?opdt=2026-09-21&rcoursecd=06&rno=04
20260921,浜名湖,4,3,4151,下河 誉史,B1,6.91,38.41,5.38,8.29,3.0,0.16,0.0,,,曇り,27.0,26.0,2.0,北,1.0,https://boatraceraid.jp/exhibition/?opdt=2026-09-21&rcoursecd=06&rno=04
20260921,浜名湖,4,4,3294,野中 義生,B1,6.89,38.23,5.39,8.28,4.0,0.16,0.0,,,曇り,27.0,26.0,2.0,北,1.0,https://boatraceraid.jp/exhibition/?opdt=2026-09-21&rcoursecd=06&rno=04
20260921,浜名湖,4,5,4143,浦田 晃嗣,B1,6.96,38.64,5.59,8.34,5.0,0.21,0.5,,,曇り,27.0,26.0,2.0,北,1.0,https://boatraceraid.jp/exhibition/?opdt=2026-09-21&rcoursecd=06&rno=04
20260921,浜名湖,4,6,5371,早川 颯太,B2,6.9,38.77,5.51,8.26,6.0,0.15,0.0,,,曇り,27.0,26.0,2.0,北,1.0,https://boatraceraid.jp/exhibition/?opdt=2026-09-21&rcoursecd=06&rno=04
20260921,浜名湖,5,1,4992,廣瀬 篤哉,B1,6.89,38.33,5.3,8.45,1.0,0.1,0.0,,,曇り,28.0,26.0,2.0,北,1.0,https://boatraceraid.jp/exhibition/?opdt=2026-09-21&rcoursecd=06&rno=05
20260921,浜名湖,5,2,5083,柳瀬 幹太,B1,6.93,38.09,5.24,8.43,2.0,0.09,0.0,,,曇り,28.0,26.0,2.0,北,1.0,https://boatraceraid.jp/exhibition/?opdt=2026-09-21&rcoursecd=06&rno=05
20260921,浜名湖,5,3,4352,下條 雄太郎,A1,6.86,38.06,5.51,8.2,3.0,0.09,0.5,,,曇り,28.0,26.0,2.0,北,1.0,https://boatraceraid.jp/exhibition/?opdt=2026-09-21&rcoursecd=06&rno=05
20260921,浜名湖,5,4,4570,前田 聖文,A1,6.91,38.56,5.45,8.14,4.0,0.19,0.0,,,曇り,28.0,26.0,2.0,北,1.0,https://boatraceraid.jp/exhibition/?opdt=2026-09-21&rcoursecd=06&rno=05
20260921,浜名湖,5,5,5400,高村 諒,B2,6.88,38.1,5.5,8.16,5.0,0.17,0.0,,,曇り,28.0,26.0,2.0,北,1.0,https://boatraceraid.jp/exhibition/?opdt=2026-09-21&rcoursecd=06&rno=05
20260921,浜名湖,5,6,3514,山一 鉄也,A2,6.89,38.13,5.3,8.25,6.0,0.21,0.0,,,曇り,28.0,26.0,2.0,北,1.0,https://boatraceraid.jp/exhibition/?opdt=2026-09-21&rcoursecd=06&rno=05
20260921,浜名湖,6,1,4196,田中 太一郎,B1,6.85,37.99,5.6,8.32,1.0,0.29,0.0,,,曇り,28.0,26.0,2.0,北,1.0,https://boatraceraid.jp/exhibition/?opdt=2026-09-21&rcoursecd=06&rno=06
20260921,浜名湖,6,2,4189,川上 剛,A1,6.91,38.85,5.61,8.46,2.0,0.25,0.0,,,曇り,28.0,26.0,2.0,北,1.0,https://boatraceraid.jp/exhibition/?opdt=2026-09-21&rcoursecd=06&rno=06
20260921,浜名湖,6,3,4593,小坂 宗司,A2,6.81,38.19,5.56,8.34,3.0,0.28,0.0,,,曇り,28.0,26.0,2.0,北,1.0,https://boatraceraid.jp/exhibition/?opdt=2026-09-21&rcoursecd=06&rno=06
20260921,浜名湖,6,4,4140,梶野 学志,A2,6.92,38.03,5.37,8.43,4.0,0.19,0.0,,,曇り,28.0,26.0,2.0,北,1.0,https://boatraceraid.jp/exhibition/?opdt=2026-09-21&rcoursecd=06&rno=06
20260921,浜名湖,6,5,5348,小林 甘寧,B1,6.86,37.91,5.32,8.32,5.0,0.17,0.0,,,曇り,28.0,26.0,2.0,北,1.0,https://boatraceraid.jp/exhibition/?opdt=2026-09-21&rcoursecd=06&rno=06
20260921,浜名湖,6,6,3475,橋本 久和,B1,6.9,38.19,5.74,8.26,6.0,0.32,0.0,,,曇り,28.0,26.0,2.0,北,1.0,https://boatraceraid.jp/exhibition/?opdt=2026-09-21&rcoursecd=06&rno=06
20260921,浜名湖,7,1,3910,松下 知幸,B1,6.89,38.19,5.34,8.38,1.0,0.22,0.0,,,曇り,27.0,26.0,2.0,北西,1.0,https://boatraceraid.jp/exhibition/?opdt=2026-09-21&rcoursecd=06&rno=07
20260921,浜名湖,7,2,3613,角谷 健吾,A2,6.86,37.94,5.44,8.42,2.0,0.15,0.0,,,曇り,27.0,26.0,2.0,北西,1.0,https://boatraceraid.jp/exhibition/?opdt=2026-09-21&rcoursecd=06&rno=07
20260921,浜名湖,7,3,3989,熊本 英一,B1,6.91,39.3,5.69,8.42,3.0,0.21,0.0,,,曇り,27.0,26.0,2.0,北西,1.0,https://boatraceraid.jp/exhibition/?opdt=2026-09-21&rcoursecd=06&rno=07
20260921,浜名湖,7,4,4753,森 照夫,B2,6.93,38.43,5.47,8.31,4.0,0.07,0.0,,,曇り,27.0,26.0,2.0,北西,1.0,https://boatraceraid.jp/exhibition/?opdt=2026-09-21&rcoursecd=06&rno=07
20260921,浜名湖,7,5,4044,湯川 浩司,A1,6.9,38.53,5.7,8.13,5.0,0.05,0.0,,,曇り,27.0,26.0,2.0,北西,1.0,https://boatraceraid.jp/exhibition/?opdt=2026-09-21&rcoursecd=06&rno=07
20260921,浜名湖,7,6,4561,藤山 翔大,A2,7.01,39.25,5.82,8.31,6.0,0.16,-0.5,,,曇り,27.0,26.0,2.0,北西,1.0,https://boatraceraid.jp/exhibition/?opdt=2026-09-21&rcoursecd=06&rno=07
20260921,浜名湖,8,1,5299,西丸 敦基,A2,6.91,38.25,5.37,8.43,1.0,-0.05,0.0,,,曇り,27.0,26.0,2.0,北西,1.0,https://boatraceraid.jp/exhibition/?opdt=2026-09-21&rcoursecd=06&rno=08
20260921,浜名湖,8,2,5379,廣部 大明,B1,6.86,38.82,5.66,8.47,2.0,0.09,0.0,,,曇り,27.0,26.0,2.0,北西,1.0,https://boatraceraid.jp/exhibition/?opdt=2026-09-21&rcoursecd=06&rno=08
20260921,浜名湖,8,3,5046,松山 裕基,B1,6.87,38.9,5.49,8.51,3.0,0.21,0.5,,,曇り,27.0,26.0,2.0,北西,1.0,https://boatraceraid.jp/exhibition/?opdt=2026-09-21&rcoursecd=06&rno=08
20260921,浜名湖,8,4,4518,大須賀 友,A1,6.79,38.23,5.49,8.39,4.0,0.09,0.0,,,曇り,27.0,26.0,2.0,北西,1.0,https://boatraceraid.jp/exhibition/?opdt=2026-09-21&rcoursecd=06&rno=08
20260921,浜名湖,8,5,3655,本橋 克洋,B1,6.97,38.69,5.52,8.39,5.0,0.06,0.0,,,曇り,27.0,26.0,2.0,北西,1.0,https://boatraceraid.jp/exhibition/?opdt=2026-09-21&rcoursecd=06&rno=08
20260921,浜名湖,8,6,3523,寳田 亮治,B1,6.89,38.88,5.36,8.31,6.0,0.06,0.5,,,曇り,27.0,26.0,2.0,北西,1.0,https://boatraceraid.jp/exhibition/?opdt=2026-09-21&rcoursecd=06&rno=08
20260921,浜名湖,9,1,4428,有賀 達也,A2,6.86,37.9,5.27,8.33,1.0,0.01,0.0,,,曇り,28.0,26.0,1.0,北西,1.0,https://boatraceraid.jp/exhibition/?opdt=2026-09-21&rcoursecd=06&rno=09
20260921,浜名湖,9,2,4570,前田 聖文,A1,6.91,38.69,5.38,8.29,2.0,0.29,0.0,,,曇り,28.0,26.0,1.0,北西,1.0,https://boatraceraid.jp/exhibition/?opdt=2026-09-21&rcoursecd=06&rno=09
20260921,浜名湖,9,3,5371,早川 颯太,B2,6.95,38.68,5.82,8.24,3.0,-0.05,0.0,,,曇り,28.0,26.0,1.0,北西,1.0,https://boatraceraid.jp/exhibition/?opdt=2026-09-21&rcoursecd=06&rno=09
20260921,浜名湖,9,4,3517,高橋 勲,B1,6.96,39.12,5.67,8.43,4.0,-0.06,0.0,,,曇り,28.0,26.0,1.0,北西,1.0,https://boatraceraid.jp/exhibition/?opdt=2026-09-21&rcoursecd=06&rno=09
20260921,浜名湖,9,5,4302,西野 翔太,A1,6.89,38.77,5.37,8.34,5.0,0.08,-0.5,,,曇り,28.0,26.0,1.0,北西,1.0,https://boatraceraid.jp/exhibition/?opdt=2026-09-21&rcoursecd=06&rno=09
20260921,浜名湖,9,6,4327,加藤 翔,B1,6.91,39.26,5.64,8.29,6.0,0.14,0.0,,,曇り,28.0,26.0,1.0,北西,1.0,https://boatraceraid.jp/exhibition/?opdt=2026-09-21&rcoursecd=06&rno=09
20260921,浜名湖,10,1,4140,梶野 学志,A2,6.98,37.97,5.61,8.44,1.0,-0.01,0.0,,,曇り,28.0,26.0,1.0,北,1.0,https://boatraceraid.jp/exhibition/?opdt=2026-09-21&rcoursecd=06&rno=10
20260921,浜名湖,10,2,4227,安達 裕樹,A2,6.88,38.31,5.41,8.48,2.0,0.09,0.0,,,曇り,28.0,26.0,1.0,北,1.0,https://boatraceraid.jp/exhibition/?opdt=2026-09-21&rcoursecd=06&rno=10
20260921,浜名湖,10,3,4661,中島 昂章,A2,6.9,38.0,5.25,8.3,3.0,0.14,0.5,,,曇り,28.0,26.0,1.0,北,1.0,https://boatraceraid.jp/exhibition/?opdt=2026-09-21&rcoursecd=06&rno=10
20260921,浜名湖,10,4,4945,上村 宏太,B1,6.83,38.51,5.34,8.49,4.0,0.13,0.0,,,曇り,28.0,26.0,1.0,北,1.0,https://boatraceraid.jp/exhibition/?opdt=2026-09-21&rcoursecd=06&rno=10
20260921,浜名湖,10,5,4352,下條 雄太郎,A1,6.81,38.06,5.38,8.29,5.0,0.14,0.5,,,曇り,28.0,26.0,1.0,北,1.0,https://boatraceraid.jp/exhibition/?opdt=2026-09-21&rcoursecd=06&rno=10
20260921,浜名湖,10,6,5007,近藤 雄一郎,B1,6.96,38.25,5.35,8.49,6.0,0.07,0.0,,,曇り,28.0,26.0,1.0,北,1.0,https://boatraceraid.jp/exhibition/?opdt=2026-09-21&rcoursecd=06&rno=10
20260921,浜名湖,11,1,4189,川上 剛,A1,6.87,37.93,5.46,8.58,1.0,0.18,0.0,,,曇り,29.0,26.0,1.0,北西,1.0,https://boatraceraid.jp/exhibition/?opdt=2026-09-21&rcoursecd=06&rno=11
20260921,浜名湖,11,2,4793,金子 萌,A2,6.93,37.94,5.5,8.32,2.0,0.08,0.0,,,曇り,29.0,26.0,1.0,北西,1.0,https://boatraceraid.jp/exhibition/?opdt=2026-09-21&rcoursecd=06&rno=11
20260921,浜名湖,11,3,4436,渋谷 明憲,A1,6.82,38.19,5.35,8.38,3.0,0.02,0.0,,,曇り,29.0,26.0,1.0,北西,1.0,https://boatraceraid.jp/exhibition/?opdt=2026-09-21&rcoursecd=06&rno=11
20260921,浜名湖,11,4,4128,川口 貴久,B1,6.9,39.13,5.73,8.43,4.0,-0.04,0.0,,,曇り,29.0,26.0,1.0,北西,1.0,https://boatraceraid.jp/exhibition/?opdt=2026-09-21&rcoursecd=06&rno=11
20260921,浜名湖,11,5,4263,武重 雄介,B1,6.94,38.82,5.49,8.36,5.0,0.02,0.0,,,曇り,29.0,26.0,1.0,北西,1.0,https://boatraceraid.jp/exhibition/?opdt=2026-09-21&rcoursecd=06&rno=11
20260921,浜名湖,11,6,3711,江本 真治,A2,6.95,38.74,5.3,8.32,6.0,0.11,0.5,,,曇り,29.0,26.0,1.0,北西,1.0,https://boatraceraid.jp/exhibition/?opdt=2026-09-21&rcoursecd=06&rno=11
20260921,浜名湖,12,1,4518,大須賀 友,A1,6.83,38.05,5.39,8.47,1.0,-0.01,0.0,,,曇り,29.0,26.0,1.0,北,1.0,https://boatraceraid.jp/exhibition/?opdt=2026-09-21&rcoursecd=06&rno=12
20260921,浜名湖,12,2,4143,浦田 晃嗣,B1,6.94,38.64,5.59,8.36,2.0,0.11,0.0,,,曇り,29.0,26.0,1.0,北,1.0,https://boatraceraid.jp/exhibition/?opdt=2026-09-21&rcoursecd=06&rno=12
20260921,浜名湖,12,3,4044,湯川 浩司,A1,6.92,38.06,5.42,8.26,3.0,0.02,0.0,,,曇り,29.0,26.0,1.0,北,1.0,https://boatraceraid.jp/exhibition/?opdt=2026-09-21&rcoursecd=06&rno=12
20260921,浜名湖,12,4,4593,小坂 宗司,A2,6.84,38.12,5.55,8.27,4.0,0.16,0.5,,,曇り,29.0,26.0,1.0,北,1.0,https://boatraceraid.jp/exhibition/?opdt=2026-09-21&rcoursecd=06&rno=12
20260921,浜名湖,12,5,3514,山一 鉄也,A2,6.92,38.28,5.35,8.27,5.0,0.09,0.0,,,曇り,29.0,26.0,1.0,北,1.0,https://boatraceraid.jp/exhibition/?opdt=2026-09-21&rcoursecd=06&rno=12
20260921,浜名湖,12,6,4919,吉田 翔悟,B1,6.86,38.23,5.41,8.39,6.0,0.03,0.5,,,曇り,29.0,26.0,1.0,北,1.0,https://boatraceraid.jp/exhibition/?opdt=2026-09-21&rcoursecd=06&rno=12
20260922,浜名湖,1,1,3523,寳田 亮治,B1,6.8,37.61,5.29,8.28,1.0,0.1,0.0,,,晴,28.0,26.0,4.0,北西,2.0,https://boatraceraid.jp/exhibition/?opdt=2026-09-22&rcoursecd=06&rno=01
20260922,浜名湖,1,2,4196,田中 太一郎,B1,6.81,38.76,5.36,8.26,2.0,0.01,0.0,,,晴,28.0,26.0,4.0,北西,2.0,https://boatraceraid.jp/exhibition/?opdt=2026-09-22&rcoursecd=06&rno=01
20260922,浜名湖,1,3,4436,渋谷 明憲,A1,6.81,38.07,5.3,8.25,3.0,0.21,0.0,,,晴,28.0,26.0,4.0,北西,2.0,https://boatraceraid.jp/exhibition/?opdt=2026-09-22&rcoursecd=06&rno=01
20260922,浜名湖,1,4,4151,下河 誉史,B1,6.89,38.05,5.38,8.16,4.0,-0.08,-0.5,,,晴,28.0,26.0,4.0,北西,2.0,https://boatraceraid.jp/exhibition/?opdt=2026-09-22&rcoursecd=06&rno=01
20260922,浜名湖,1,5,4049,荒川 健太,A2,6.88,38.26,5.54,8.22,5.0,-0.01,0.0,,,晴,28.0,26.0,4.0,北西,2.0,https://boatraceraid.jp/exhibition/?opdt=2026-09-22&rcoursecd=06&rno=01
20260922,浜名湖,1,6,5046,松山 裕基,B1,6.8,38.39,5.69,8.25,6.0,0.11,0.0,,,晴,28.0,26.0,4.0,北西,2.0,https://boatraceraid.jp/exhibition/?opdt=2026-09-22&rcoursecd=06&rno=01
20260922,浜名湖,2,1,5400,高村 諒,B2,6.78,37.62,5.4,8.1,1.0,-0.04,0.0,,,晴,28.0,26.0,4.0,北西,2.0,https://boatraceraid.jp/exhibition/?opdt=2026-09-22&rcoursecd=06&rno=02
20260922,浜名湖,2,2,3711,江本 真治,A2,6.84,37.83,5.27,8.31,2.0,0.09,-0.5,,,晴,28.0,26.0,4.0,北西,2.0,https://boatraceraid.jp/exhibition/?opdt=2026-09-22&rcoursecd=06&rno=02
20260922,浜名湖,2,3,4128,川口 貴久,B1,6.83,38.24,5.55,8.23,3.0,0.04,-0.5,,,晴,28.0,26.0,4.0,北西,2.0,https://boatraceraid.jp/exhibition/?opdt=2026-09-22&rcoursecd=06&rno=02
20260922,浜名湖,2,4,4992,廣瀬 篤哉,B1,6.81,38.15,5.45,8.27,4.0,-0.04,0.0,,,晴,28.0,26.0,4.0,北西,2.0,https://boatraceraid.jp/exhibition/?opdt=2026-09-22&rcoursecd=06&rno=02
20260922,浜名湖,2,5,4753,森 照夫,B2,6.89,38.14,5.38,8.24,5.0,-0.07,0.0,,,晴,28.0,26.0,4.0,北西,2.0,https://boatraceraid.jp/exhibition/?opdt=2026-09-22&rcoursecd=06&rno=02
20260922,浜名湖,2,6,4518,大須賀 友,A1,6.73,37.47,5.34,8.09,6.0,0.02,0.0,,,晴,28.0,26.0,4.0,北西,2.0,https://boatraceraid.jp/exhibition/?opdt=2026-09-22&rcoursecd=06&rno=02
20260922,浜名湖,3,1,4263,武重 雄介,B1,6.82,37.49,5.3,8.14,1.0,0.07,0.0,,,晴,30.0,27.0,3.0,北西,1.0,https://boatraceraid.jp/exhibition/?opdt=2026-09-22&rcoursecd=06&rno=03
20260922,浜名湖,3,2,4661,中島 昂章,A2,6.8,37.36,5.17,8.18,2.0,0.17,-0.5,,,晴,30.0,27.0,3.0,北西,1.0,https://boatraceraid.jp/exhibition/?opdt=2026-09-22&rcoursecd=06&rno=03
20260922,浜名湖,3,3,4570,前田 聖文,A1,6.75,37.95,5.25,8.18,3.0,0.19,0.0,,,晴,30.0,27.0,3.0,北西,1.0,https://boatraceraid.jp/exhibition/?opdt=2026-09-22&rcoursecd=06&rno=03
20260922,浜名湖,3,4,4460,後藤 翔之,A2,6.75,37.85,5.37,8.26,4.0,0.04,-0.5,,,晴,30.0,27.0,3.0,北西,1.0,https://boatraceraid.jp/exhibition/?opdt=2026-09-22&rcoursecd=06&rno=03
20260922,浜名湖,3,5,3910,松下 知幸,B1,6.81,38.23,5.24,8.08,5.0,0.08,-0.5,,,晴,30.0,27.0,3.0,北西,1.0,https://boatraceraid.jp/exhibition/?opdt=2026-09-22&rcoursecd=06&rno=03
20260922,浜名湖,3,6,4561,藤山 翔大,A2,6.82,38.69,5.6,8.12,6.0,0.11,-0.5,,,晴,30.0,27.0,3.0,北西,1.0,https://boatraceraid.jp/exhibition/?opdt=2026-09-22&rcoursecd=06&rno=03
20260922,浜名湖,4,1,4302,西野 翔太,A1,6.75,37.97,5.24,8.21,1.0,0.12,-0.5,,,晴,31.0,27.0,3.0,北西,1.0,https://boatraceraid.jp/exhibition/?opdt=2026-09-22&rcoursecd=06&rno=04
20260922,浜名湖,4,2,3294,野中 義生,B1,6.73,37.13,5.27,8.18,2.0,0.15,0.0,,,晴,31.0,27.0,3.0,北西,1.0,https://boatraceraid.jp/exhibition/?opdt=2026-09-22&rcoursecd=06&rno=04
20260922,浜名湖,4,3,3655,本橋 克洋,B1,6.78,38.15,5.24,8.07,3.0,0.31,0.0,,,晴,31.0,27.0,3.0,北西,1.0,https://boatraceraid.jp/exhibition/?opdt=2026-09-22&rcoursecd=06&rno=04
20260922,浜名湖,4,4,4327,加藤 翔,B1,6.78,38.29,5.63,8.03,4.0,0.02,0.0,,,晴,31.0,27.0,3.0,北西,1.0,https://boatraceraid.jp/exhibition/?opdt=2026-09-22&rcoursecd=06&rno=04
20260922,浜名湖,4,5,5083,柳瀬 幹太,B1,6.78,37.69,5.48,8.11,5.0,0.05,-0.5,,,晴,31.0,27.0,3.0,北西,1.0,https://boatraceraid.jp/exhibition/?opdt=2026-09-22&rcoursecd=06&rno=04
20260922,浜名湖,4,6,3989,熊本 英一,B1,6.83,38.89,5.71,8.06,6.0,0.14,0.0,,,晴,31.0,27.0,3.0,北西,1.0,https://boatraceraid.jp/exhibition/?opdt=2026-09-22&rcoursecd=06&rno=04
20260922,浜名湖,5,1,4143,浦田 晃嗣,B1,6.79,38.09,5.45,8.25,1.0,-0.05,0.0,,,晴,31.0,27.0,2.0,北西,1.0,https://boatraceraid.jp/exhibition/?opdt=2026-09-22&rcoursecd=06&rno=05
20260922,浜名湖,5,2,3517,高橋 勲,B1,6.81,37.73,5.51,8.33,2.0,0.01,-0.5,,,晴,31.0,27.0,2.0,北西,1.0,https://boatraceraid.jp/exhibition/?opdt=2026-09-22&rcoursecd=06&rno=05
20260922,浜名湖,5,3,5299,西丸 敦基,A2,6.82,37.54,5.15,8.16,3.0,0.16,0.0,,,晴,31.0,27.0,2.0,北西,1.0,https://boatraceraid.jp/exhibition/?opdt=2026-09-22&rcoursecd=06&rno=05
20260922,浜名湖,5,4,4196,田中 太一郎,B1,6.76,38.63,5.72,8.07,4.0,0.05,0.0,,,晴,31.0,27.0,2.0,北西,1.0,https://boatraceraid.jp/exhibition/?opdt=2026-09-22&rcoursecd=06&rno=05
20260922,浜名湖,5,5,4793,金子 萌,A2,6.79,37.57,5.43,8.16,5.0,0.05,0.0,,,晴,31.0,27.0,2.0,北西,1.0,https://boatraceraid.jp/exhibition/?opdt=2026-09-22&rcoursecd=06&rno=05
20260922,浜名湖,5,6,4189,川上 剛,A1,6.75,38.55,5.41,8.15,6.0,0.09,-0.5,,,晴,31.0,27.0,2.0,北西,1.0,https://boatraceraid.jp/exhibition/?opdt=2026-09-22&rcoursecd=06&rno=05
20260922,浜名湖,6,1,4593,小坂 宗司,A2,6.67,37.16,5.3,8.18,1.0,0.01,-0.5,,,晴,31.0,27.0,2.0,北西,1.0,https://boatraceraid.jp/exhibition/?opdt=2026-09-22&rcoursecd=06&rno=06
20260922,浜名湖,6,2,5046,松山 裕基,B1,6.7,37.8,5.36,8.3,2.0,0.18,0.0,,,晴,31.0,27.0,2.0,北西,1.0,https://boatraceraid.jp/exhibition/?opdt=2026-09-22&rcoursecd=06&rno=06
20260922,浜名湖,6,3,3613,角谷 健吾,A2,6.79,37.86,5.28,8.28,3.0,0.08,-0.5,,,晴,31.0,27.0,2.0,北西,1.0,https://boatraceraid.jp/exhibition/?opdt=2026-09-22&rcoursecd=06&rno=06
20260922,浜名湖,6,4,4352,下條 雄太郎,A1,6.74,37.55,5.22,7.97,4.0,0.16,0.0,,,晴,31.0,27.0,2.0,北西,1.0,https://boatraceraid.jp/exhibition/?opdt=2026-09-22&rcoursecd=06&rno=06
20260922,浜名湖,6,5,4945,上村 宏太,B1,6.7,37.36,5.35,8.21,5.0,0.12,0.0,,,晴,31.0,27.0,2.0,北西,1.0,https://boatraceraid.jp/exhibition/?opdt=2026-09-22&rcoursecd=06&rno=06
20260922,浜名湖,6,6,4992,廣瀬 篤哉,B1,6.73,38.08,5.43,8.08,6.0,0.04,0.0,,,晴,31.0,27.0,2.0,北西,1.0,https://boatraceraid.jp/exhibition/?opdt=2026-09-22&rcoursecd=06&rno=06
20260922,浜名湖,7,1,4151,下河 誉史,B1,6.76,37.62,5.19,8.09,1.0,0.01,-0.5,,,晴,32.0,27.0,2.0,北西,1.0,https://boatraceraid.jp/exhibition/?opdt=2026-09-22&rcoursecd=06&rno=07
20260922,浜名湖,7,2,3514,山一 鉄也,A2,6.7,37.55,5.07,8.14,2.0,0.16,0.0,,,晴,32.0,27.0,2.0,北西,1.0,https://boatraceraid.jp/exhibition/?opdt=2026-09-22&rcoursecd=06&rno=07
20260922,浜名湖,7,3,4518,大須賀 友,A1,6.66,37.66,5.11,8.11,3.0,0.01,0.0,,,晴,32.0,27.0,2.0,北西,1.0,https://boatraceraid.jp/exhibition/?opdt=2026-09-22&rcoursecd=06&rno=07
20260922,浜名湖,7,4,5368,宮崎 心之介,B1,6.73,37.61,5.28,8.2,4.0,0.05,0.0,,,晴,32.0,27.0,2.0,北西,1.0,https://boatraceraid.jp/exhibition/?opdt=2026-09-22&rcoursecd=06&rno=07
20260922,浜名湖,7,5,5007,近藤 雄一郎,B1,6.88,38.14,5.68,8.12,5.0,0.05,0.0,,,晴,32.0,27.0,2.0,北西,1.0,https://boatraceraid.jp/exhibition/?opdt=2026-09-22&rcoursecd=06&rno=07
20260922,浜名湖,7,6,4561,藤山 翔大,A2,6.84,38.55,5.76,8.12,6.0,0.07,-0.5,,,晴,32.0,27.0,2.0,北西,1.0,https://boatraceraid.jp/exhibition/?opdt=2026-09-22&rcoursecd=06&rno=07
20260922,浜名湖,8,1,4460,後藤 翔之,A2,6.69,37.07,5.16,8.16,1.0,0.03,0.0,,,晴,32.0,27.0,2.0,西,1.0,https://boatraceraid.jp/exhibition/?opdt=2026-09-22&rcoursecd=06&rno=08
20260922,浜名湖,8,2,4753,森 照夫,B2,6.78,37.97,5.23,8.19,2.0,0.22,0.0,,,晴,32.0,27.0,2.0,西,1.0,https://boatraceraid.jp/exhibition/?opdt=2026-09-22&rcoursecd=06&rno=08
20260922,浜名湖,8,3,3523,寳田 亮治,B1,6.75,38.04,5.3,8.08,3.0,0.0,0.0,,,晴,32.0,27.0,2.0,西,1.0,https://boatraceraid.jp/exhibition/?opdt=2026-09-22&rcoursecd=06&rno=08
20260922,浜名湖,8,4,4044,湯川 浩司,A1,6.73,37.77,5.37,8.1,4.0,0.02,0.0,,,晴,32.0,27.0,2.0,西,1.0,https://boatraceraid.jp/exhibition/?opdt=2026-09-22&rcoursecd=06&rno=08
20260922,浜名湖,8,5,5371,早川 颯太,B2,6.75,38.02,5.56,8.23,5.0,0.2,0.0,,,晴,32.0,27.0,2.0,西,1.0,https://boatraceraid.jp/exhibition/?opdt=2026-09-22&rcoursecd=06&rno=08
20260922,浜名湖,8,6,3294,野中 義生,B1,6.68,37.26,5.45,8.12,6.0,0.08,0.0,,,晴,32.0,27.0,2.0,西,1.0,https://boatraceraid.jp/exhibition/?opdt=2026-09-22&rcoursecd=06&rno=08
20260922,浜名湖,9,1,3475,橋本 久和,B1,6.67,37.34,5.14,8.13,1.0,0.2,0.0,,,晴,30.0,27.0,3.0,南,1.0,https://boatraceraid.jp/exhibition/?opdt=2026-09-22&rcoursecd=06&rno=09
20260922,浜名湖,9,2,4436,渋谷 明憲,A1,6.69,37.27,5.53,7.92,2.0,0.27,0.0,,,晴,30.0,27.0,3.0,南,1.0,https://boatraceraid.jp/exhibition/?opdt=2026-09-22&rcoursecd=06&rno=09
20260922,浜名湖,9,3,4140,梶野 学志,A2,6.78,37.78,5.33,8.14,3.0,0.04,0.0,,,晴,30.0,27.0,3.0,南,1.0,https://boatraceraid.jp/exhibition/?opdt=2026-09-22&rcoursecd=06&rno=09
20260922,浜名湖,9,4,5400,高村 諒,B2,6.71,38.0,5.49,8.04,4.0,0.1,0.0,,,晴,30.0,27.0,3.0,南,1.0,https://boatraceraid.jp/exhibition/?opdt=2026-09-22&rcoursecd=06&rno=09
20260922,浜名湖,9,5,4570,前田 聖文,A1,6.72,38.18,5.36,8.02,5.0,0.09,0.0,,,晴,30.0,27.0,3.0,南,1.0,https://boatraceraid.jp/exhibition/?opdt=2026-09-22&rcoursecd=06&rno=09
20260922,浜名湖,9,6,5379,廣部 大明,B1,6.72,38.68,5.4,8.11,6.0,0.22,0.0,,,晴,30.0,27.0,3.0,南,1.0,https://boatraceraid.jp/exhibition/?opdt=2026-09-22&rcoursecd=06&rno=09
20260922,浜名湖,10,1,4049,荒川 健太,A2,6.7,37.84,5.46,8.21,1.0,0.01,-0.5,,,晴,30.0,27.0,3.0,南,1.0,https://boatraceraid.jp/exhibition/?opdt=2026-09-22&rcoursecd=06&rno=10
20260922,浜名湖,10,2,3989,熊本 英一,B1,6.76,38.46,5.5,8.18,2.0,0.28,-0.5,,,晴,30.0,27.0,3.0,南,1.0,https://boatraceraid.jp/exhibition/?opdt=2026-09-22&rcoursecd=06&rno=10
20260922,浜名湖,10,3,4189,川上 剛,A1,6.74,38.17,5.33,8.15,3.0,0.02,-0.5,,,晴,30.0,27.0,3.0,南,1.0,https://boatraceraid.jp/exhibition/?opdt=2026-09-22&rcoursecd=06&rno=10
20260922,浜名湖,10,4,5348,小林 甘寧,B1,6.69,37.95,5.17,7.95,4.0,0.02,0.0,,,晴,30.0,27.0,3.0,南,1.0,https://boatraceraid.jp/exhibition/?opdt=2026-09-22&rcoursecd=06&rno=10
20260922,浜名湖,10,5,3910,松下 知幸,B1,6.75,38.32,5.39,8.04,5.0,0.09,0.0,,,晴,30.0,27.0,3.0,南,1.0,https://boatraceraid.jp/exhibition/?opdt=2026-09-22&rcoursecd=06&rno=10
20260922,浜名湖,10,6,4227,安達 裕樹,A2,6.69,37.87,5.23,7.99,6.0,0.06,0.0,,,晴,30.0,27.0,3.0,南,1.0,https://boatraceraid.jp/exhibition/?opdt=2026-09-22&rcoursecd=06&rno=10
20260922,浜名湖,11,1,4352,下條 雄太郎,A1,6.67,37.33,5.18,8.2,1.0,0.07,0.0,,,晴,29.0,27.0,3.0,南,1.0,https://boatraceraid.jp/exhibition/?opdt=2026-09-22&rcoursecd=06&rno=11
20260922,浜名湖,11,2,4793,金子 萌,A2,6.68,37.29,5.59,7.98,2.0,0.12,0.0,,,晴,29.0,27.0,3.0,南,1.0,https://boatraceraid.jp/exhibition/?opdt=2026-09-22&rcoursecd=06&rno=11
20260922,浜名湖,11,3,4919,吉田 翔悟,B1,6.71,37.81,5.29,8.0,3.0,0.31,0.0,,,晴,29.0,27.0,3.0,南,1.0,https://boatraceraid.jp/exhibition/?opdt=2026-09-22&rcoursecd=06&rno=11
20260922,浜名湖,11,4,4428,有賀 達也,A2,6.68,38.27,5.5,8.03,4.0,0.04,-0.5,,,晴,29.0,27.0,3.0,南,1.0,https://boatraceraid.jp/exhibition/?opdt=2026-09-22&rcoursecd=06&rno=11
20260922,浜名湖,11,5,5083,柳瀬 幹太,B1,6.68,37.82,5.42,8.11,5.0,0.17,-0.5,,,晴,29.0,27.0,3.0,南,1.0,https://boatraceraid.jp/exhibition/?opdt=2026-09-22&rcoursecd=06&rno=11
20260922,浜名湖,11,6,4661,中島 昂章,A2,6.75,37.73,5.26,8.06,6.0,0.02,-0.5,,,晴,29.0,27.0,3.0,南,1.0,https://boatraceraid.jp/exhibition/?opdt=2026-09-22&rcoursecd=06&rno=11
20260922,浜名湖,12,1,4044,湯川 浩司,A1,6.69,37.38,5.28,8.15,1.0,-0.11,0.0,,,晴,29.0,27.0,3.0,南,1.0,https://boatraceraid.jp/exhibition/?opdt=2026-09-22&rcoursecd=06&rno=12
20260922,浜名湖,12,2,3613,角谷 健吾,A2,6.69,37.85,5.44,8.26,2.0,-0.09,-0.5,,,晴,29.0,27.0,3.0,南,1.0,https://boatraceraid.jp/exhibition/?opdt=2026-09-22&rcoursecd=06&rno=12
20260922,浜名湖,12,3,5368,宮崎 心之介,B1,6.68,37.89,5.25,8.08,3.0,0.07,-0.5,,,晴,29.0,27.0,3.0,南,1.0,https://boatraceraid.jp/exhibition/?opdt=2026-09-22&rcoursecd=06&rno=12
20260922,浜名湖,12,4,4302,西野 翔太,A1,6.61,38.49,5.07,8.08,4.0,0.15,-0.5,,,晴,29.0,27.0,3.0,南,1.0,https://boatraceraid.jp/exhibition/?opdt=2026-09-22&rcoursecd=06&rno=12
20260922,浜名湖,12,5,4128,川口 貴久,B1,6.73,38.45,5.42,8.21,5.0,0.08,-0.5,,,晴,29.0,27.0,3.0,南,1.0,https://boatraceraid.jp/exhibition/?opdt=2026-09-22&rcoursecd=06&rno=12
20260922,浜名湖,12,6,5299,西丸 敦基,A2,6.74,37.78,5.37,8.23,6.0,-0.12,0.0,,,晴,29.0,27.0,3.0,南,1.0,https://boatraceraid.jp/exhibition/?opdt=2026-09-22&rcoursecd=06&rno=12
20260923,浜名湖,1,1,4327,加藤 翔,B1,6.72,37.44,5.23,7.98,1.0,0.11,0.0,,,晴,25.0,26.0,2.0,北西,1.0,https://boatraceraid.jp/exhibition/?opdt=2026-09-23&rcoursecd=06&rno=01
20260923,浜名湖,1,2,4143,浦田 晃嗣,B1,6.81,37.5,5.49,7.98,2.0,-0.01,0.0,,,晴,25.0,26.0,2.0,北西,1.0,https://boatraceraid.jp/exhibition/?opdt=2026-09-23&rcoursecd=06&rno=01
20260923,浜名湖,1,3,3989,熊本 英一,B1,6.83,38.27,5.37,8.03,3.0,-0.05,0.0,,,晴,25.0,26.0,2.0,北西,1.0,https://boatraceraid.jp/exhibition/?opdt=2026-09-23&rcoursecd=06&rno=01
20260923,浜名湖,1,4,5379,廣部 大明,B1,6.77,38.04,5.58,8.14,4.0,-0.08,0.0,,,晴,25.0,26.0,2.0,北西,1.0,https://boatraceraid.jp/exhibition/?opdt=2026-09-23&rcoursecd=06&rno=01
20260923,浜名湖,1,5,4793,金子 萌,A2,6.79,37.06,5.3,8.15,5.0,-0.05,0.0,,,晴,25.0,26.0,2.0,北西,1.0,https://boatraceraid.jp/exhibition/?opdt=2026-09-23&rcoursecd=06&rno=01
20260923,浜名湖,1,6,4561,藤山 翔大,A2,6.83,38.51,5.65,8.1,6.0,0.03,-0.5,,,晴,25.0,26.0,2.0,北西,1.0,https://boatraceraid.jp/exhibition/?opdt=2026-09-23&rcoursecd=06&rno=01
20260923,浜名湖,2,1,4919,吉田 翔悟,B1,6.69,36.8,5.27,8.15,1.0,0.07,0.0,,,晴,25.0,26.0,2.0,北西,1.0,https://boatraceraid.jp/exhibition/?opdt=2026-09-23&rcoursecd=06&rno=02
20260923,浜名湖,2,2,4128,川口 貴久,B1,6.73,37.82,5.46,8.18,2.0,0.01,-0.5,,,晴,25.0,26.0,2.0,北西,1.0,https://boatraceraid.jp/exhibition/?opdt=2026-09-23&rcoursecd=06&rno=02
20260923,浜名湖,2,3,4227,安達 裕樹,A2,6.72,37.06,5.32,8.2,3.0,-0.01,0.0,,,晴,25.0,26.0,2.0,北西,1.0,https://boatraceraid.jp/exhibition/?opdt=2026-09-23&rcoursecd=06&rno=02
20260923,浜名湖,2,4,4945,上村 宏太,B1,6.69,37.27,5.32,8.14,4.0,0.08,0.0,,,晴,25.0,26.0,2.0,北西,1.0,https://boatraceraid.jp/exhibition/?opdt=2026-09-23&rcoursecd=06&rno=02
20260923,浜名湖,2,5,3475,橋本 久和,B1,6.74,37.42,5.41,8.12,5.0,0.08,0.0,,,晴,25.0,26.0,2.0,北西,1.0,https://boatraceraid.jp/exhibition/?opdt=2026-09-23&rcoursecd=06&rno=02
20260923,浜名湖,2,6,4518,大須賀 友,A1,6.63,37.08,5.43,7.93,6.0,0.1,0.0,,,晴,25.0,26.0,2.0,北西,1.0,https://boatraceraid.jp/exhibition/?opdt=2026-09-23&rcoursecd=06&rno=02
20260923,浜名湖,3,1,4263,武重 雄介,B1,6.81,37.35,5.27,8.08,1.0,0.04,0.0,,,晴,26.0,27.0,2.0,東,1.0,https://boatraceraid.jp/exhibition/?opdt=2026-09-23&rcoursecd=06&rno=03
20260923,浜名湖,3,2,4436,渋谷 明憲,A1,6.73,38.01,5.28,8.22,2.0,0.18,0.0,,,晴,26.0,27.0,2.0,東,1.0,https://boatraceraid.jp/exhibition/?opdt=2026-09-23&rcoursecd=06&rno=03
20260923,浜名湖,3,3,3517,高橋 勲,B1,6.84,38.37,5.34,8.18,3.0,0.03,-0.5,,,晴,26.0,27.0,2.0,東,1.0,https://boatraceraid.jp/exhibition/?opdt=2026-09-23&rcoursecd=06&rno=03
20260923,浜名湖,3,4,5083,柳瀬 幹太,B1,6.69,37.5,5.72,8.18,4.0,0.04,0.0,,,晴,26.0,27.0,2.0,東,1.0,https://boatraceraid.jp/exhibition/?opdt=2026-09-23&rcoursecd=06&rno=03
20260923,浜名湖,3,5,5368,宮崎 心之介,B1,6.7,37.64,5.35,8.12,5.0,0.01,-0.5,,,晴,26.0,27.0,2.0,東,1.0,https://boatraceraid.jp/exhibition/?opdt=2026-09-23&rcoursecd=06&rno=03
20260923,浜名湖,3,6,4570,前田 聖文,A1,6.71,37.55,5.19,8.06,6.0,-0.1,0.0,,,晴,26.0,27.0,2.0,東,1.0,https://boatraceraid.jp/exhibition/?opdt=2026-09-23&rcoursecd=06&rno=03
20260923,浜名湖,4,1,4140,梶野 学志,A2,6.79,37.16,5.31,8.34,1.0,0.09,0.0,,,晴,26.0,26.0,1.0,東,1.0,https://boatraceraid.jp/exhibition/?opdt=2026-09-23&rcoursecd=06&rno=04
20260923,浜名湖,4,2,4992,廣瀬 篤哉,B1,6.73,37.75,5.51,8.3,2.0,0.22,0.0,,,晴,26.0,26.0,1.0,東,1.0,https://boatraceraid.jp/exhibition/?opdt=2026-09-23&rcoursecd=06&rno=04
20260923,浜名湖,4,3,4753,森 照夫,B2,6.8,37.46,5.54,8.35,3.0,0.19,0.0,,,晴,26.0,26.0,1.0,東,1.0,https://boatraceraid.jp/exhibition/?opdt=2026-09-23&rcoursecd=06&rno=04
20260923,浜名湖,4,4,5046,松山 裕基,B1,6.79,38.24,5.59,8.19,4.0,0.24,0.0,,,晴,26.0,26.0,1.0,東,1.0,https://boatraceraid.jp/exhibition/?opdt=2026-09-23&rcoursecd=06&rno=04
20260923,浜名湖,4,5,3910,松下 知幸,B1,6.86,37.92,5.64,8.24,5.0,0.04,0.0,,,晴,26.0,26.0,1.0,東,1.0,https://boatraceraid.jp/exhibition/?opdt=2026-09-23&rcoursecd=06&rno=04
20260923,浜名湖,4,6,5348,小林 甘寧,B1,6.75,36.86,5.34,8.06,6.0,-0.13,0.0,,,晴,26.0,26.0,1.0,東,1.0,https://boatraceraid.jp/exhibition/?opdt=2026-09-23&rcoursecd=06&rno=04
20260923,浜名湖,5,1,3514,山一 鉄也,A2,6.7,36.89,5.05,8.12,1.0,0.08,0.0,,,晴,26.0,27.0,2.0,東,1.0,https://boatraceraid.jp/exhibition/?opdt=2026-09-23&rcoursecd=06&rno=05
20260923,浜名湖,5,2,4302,西野 翔太,A1,6.69,37.88,5.34,8.08,2.0,0.1,-0.5,,,晴,26.0,27.0,2.0,東,1.0,https://boatraceraid.jp/exhibition/?opdt=2026-09-23&rcoursecd=06&rno=05
20260923,浜名湖,5,3,5379,廣部 大明,B1,6.76,37.72,5.25,8.1,3.0,0.3,0.0,,,晴,26.0,27.0,2.0,東,1.0,https://boatraceraid.jp/exhibition/?opdt=2026-09-23&rcoursecd=06&rno=05
20260923,浜名湖,5,4,3655,本橋 克洋,B1,6.75,37.67,5.35,8.09,4.0,0.24,0.0,,,晴,26.0,27.0,2.0,東,1.0,https://boatraceraid.jp/exhibition/?opdt=2026-09-23&rcoursecd=06&rno=05
20260923,浜名湖,5,5,4460,後藤 翔之,A2,6.72,37.98,5.31,8.16,5.0,0.04,0.0,,,晴,26.0,27.0,2.0,東,1.0,https://boatraceraid.jp/exhibition/?opdt=2026-09-23&rcoursecd=06&rno=05
20260923,浜名湖,5,6,3523,寳田 亮治,B1,6.74,37.67,5.34,7.96,6.0,0.49,0.0,,,晴,26.0,27.0,2.0,東,1.0,https://boatraceraid.jp/exhibition/?opdt=2026-09-23&rcoursecd=06&rno=05
20260923,浜名湖,6,1,5007,近藤 雄一郎,B1,6.78,37.39,5.22,8.3,1.0,0.12,0.0,,,晴,26.0,27.0,2.0,北東,1.0,https://boatraceraid.jp/exhibition/?opdt=2026-09-23&rcoursecd=06&rno=06
20260923,浜名湖,6,2,4189,川上 剛,A1,6.73,38.08,5.34,8.28,2.0,0.28,-0.5,,,晴,26.0,27.0,2.0,北東,1.0,https://boatraceraid.jp/exhibition/?opdt=2026-09-23&rcoursecd=06&rno=06
20260923,浜名湖,6,3,4945,上村 宏太,B1,6.69,37.44,5.47,8.18,3.0,0.02,0.0,,,晴,26.0,27.0,2.0,北東,1.0,https://boatraceraid.jp/exhibition/?opdt=2026-09-23&rcoursecd=06&rno=06
20260923,浜名湖,6,4,4327,加藤 翔,B1,6.7,37.84,5.5,8.03,4.0,-0.02,0.0,,,晴,26.0,27.0,2.0,北東,1.0,https://boatraceraid.jp/exhibition/?opdt=2026-09-23&rcoursecd=06&rno=06
20260923,浜名湖,6,5,4661,中島 昂章,A2,6.79,37.63,5.36,8.11,5.0,0.15,0.0,,,晴,26.0,27.0,2.0,北東,1.0,https://boatraceraid.jp/exhibition/?opdt=2026-09-23&rcoursecd=06&rno=06
20260923,浜名湖,6,6,4044,湯川 浩司,A1,6.69,37.34,5.34,7.99,6.0,0.04,-0.5,,,晴,26.0,27.0,2.0,北東,1.0,https://boatraceraid.jp/exhibition/?opdt=2026-09-23&rcoursecd=06&rno=06
20260923,浜名湖,7,1,4428,有賀 達也,A2,6.69,36.67,5.04,8.14,1.0,0.07,-0.5,,,晴,26.0,27.0,1.0,東,1.0,https://boatraceraid.jp/exhibition/?opdt=2026-09-23&rcoursecd=06&rno=07
20260923,浜名湖,7,2,4196,田中 太一郎,B1,6.72,38.09,5.67,8.02,2.0,0.01,0.0,,,晴,26.0,27.0,1.0,東,1.0,https://boatraceraid.jp/exhibition/?opdt=2026-09-23&rcoursecd=06&rno=07
20260923,浜名湖,7,3,4593,小坂 宗司,A2,6.7,38.09,5.86,7.89,3.0,0.02,-0.5,,,晴,26.0,27.0,1.0,東,1.0,https://boatraceraid.jp/exhibition/?opdt=2026-09-23&rcoursecd=06&rno=07
20260923,浜名湖,7,4,4263,武重 雄介,B1,6.82,38.28,5.63,8.09,4.0,-0.03,0.0,,,晴,26.0,27.0,1.0,東,1.0,https://boatraceraid.jp/exhibition/?opdt=2026-09-23&rcoursecd=06&rno=07
20260923,浜名湖,7,5,4128,川口 貴久,B1,6.73,38.34,5.51,8.27,5.0,0.07,-0.5,,,晴,26.0,27.0,1.0,東,1.0,https://boatraceraid.jp/exhibition/?opdt=2026-09-23&rcoursecd=06&rno=07
20260923,浜名湖,7,6,4352,下條 雄太郎,A1,6.69,37.43,5.23,7.91,6.0,0.15,0.0,,,晴,26.0,27.0,1.0,東,1.0,https://boatraceraid.jp/exhibition/?opdt=2026-09-23&rcoursecd=06&rno=07
20260923,浜名湖,8,1,3711,江本 真治,A2,6.74,37.69,5.27,8.23,1.0,-0.02,-0.5,,,晴,26.0,27.0,2.0,南東,1.0,https://boatraceraid.jp/exhibition/?opdt=2026-09-23&rcoursecd=06&rno=08
20260923,浜名湖,8,2,4151,下河 誉史,B1,6.68,38.01,5.33,8.16,2.0,0.1,-0.5,,,晴,26.0,27.0,2.0,南東,1.0,https://boatraceraid.jp/exhibition/?opdt=2026-09-23&rcoursecd=06&rno=08
20260923,浜名湖,8,3,3910,松下 知幸,B1,6.78,37.7,5.38,8.21,3.0,0.19,-0.5,,,晴,26.0,27.0,2.0,南東,1.0,https://boatraceraid.jp/exhibition/?opdt=2026-09-23&rcoursecd=06&rno=08
20260923,浜名湖,8,4,3613,角谷 健吾,A2,6.73,37.81,5.34,8.33,4.0,0.01,-0.5,,,晴,26.0,27.0,2.0,南東,1.0,https://boatraceraid.jp/exhibition/?opdt=2026-09-23&rcoursecd=06&rno=08
20260923,浜名湖,8,5,4143,浦田 晃嗣,B1,6.75,37.84,5.57,8.16,5.0,0.02,0.0,,,晴,26.0,27.0,2.0,南東,1.0,https://boatraceraid.jp/exhibition/?opdt=2026-09-23&rcoursecd=06&rno=08
20260923,浜名湖,8,6,5371,早川 颯太,B2,6.71,37.58,5.69,7.96,6.0,0.05,0.0,,,晴,26.0,27.0,2.0,南東,1.0,https://boatraceraid.jp/exhibition/?opdt=2026-09-23&rcoursecd=06&rno=08
20260923,浜名湖,9,1,4227,安達 裕樹,A2,6.74,37.16,5.01,8.22,1.0,0.03,0.0,,,晴,26.0,27.0,1.0,東,1.0,https://boatraceraid.jp/exhibition/?opdt=2026-09-23&rcoursecd=06&rno=09
20260923,浜名湖,9,2,5400,高村 諒,B2,6.76,37.15,5.52,8.02,2.0,0.16,0.0,,,晴,26.0,27.0,1.0,東,1.0,https://boatraceraid.jp/exhibition/?opdt=2026-09-23&rcoursecd=06&rno=09
20260923,浜名湖,9,3,4049,荒川 健太,A2,6.77,38.12,5.39,8.15,3.0,0.11,-0.5,,,晴,26.0,27.0,1.0,東,1.0,https://boatraceraid.jp/exhibition/?opdt=2026-09-23&rcoursecd=06&rno=09
20260923,浜名湖,9,4,3294,野中 義生,B1,6.74,37.25,5.39,8.18,4.0,-0.01,0.0,,,晴,26.0,27.0,1.0,東,1.0,https://boatraceraid.jp/exhibition/?opdt=2026-09-23&rcoursecd=06&rno=09
20260923,浜名湖,9,5,3655,本橋 克洋,B1,6.76,37.7,5.4,8.11,5.0,-0.01,0.0,,,晴,26.0,27.0,1.0,東,1.0,https://boatraceraid.jp/exhibition/?opdt=2026-09-23&rcoursecd=06&rno=09
20260923,浜名湖,9,6,5299,西丸 敦基,A2,6.81,37.6,5.63,8.09,6.0,0.06,0.0,,,晴,26.0,27.0,1.0,東,1.0,https://boatraceraid.jp/exhibition/?opdt=2026-09-23&rcoursecd=06&rno=09
20260923,浜名湖,10,1,4570,前田 聖文,A1,6.73,37.27,5.4,8.09,1.0,0.05,0.0,,,晴,26.0,27.0,1.0,東,1.0,https://boatraceraid.jp/exhibition/?opdt=2026-09-23&rcoursecd=06&rno=10
20260923,浜名湖,10,2,4518,大須賀 友,A1,6.67,36.94,5.37,8.13,2.0,-0.01,0.0,,,晴,26.0,27.0,1.0,東,1.0,https://boatraceraid.jp/exhibition/?opdt=2026-09-23&rcoursecd=06&rno=10
20260923,浜名湖,10,3,4793,金子 萌,A2,6.75,37.45,5.73,7.98,3.0,0.09,0.0,,,晴,26.0,27.0,1.0,東,1.0,https://boatraceraid.jp/exhibition/?opdt=2026-09-23&rcoursecd=06&rno=10
20260923,浜名湖,10,4,5348,小林 甘寧,B1,6.68,37.11,5.48,7.97,4.0,0.02,0.0,,,晴,26.0,27.0,1.0,東,1.0,https://boatraceraid.jp/exhibition/?opdt=2026-09-23&rcoursecd=06&rno=10
20260923,浜名湖,10,5,4189,川上 剛,A1,6.75,37.79,5.49,8.25,5.0,0.23,-0.5,,,晴,26.0,27.0,1.0,東,1.0,https://boatraceraid.jp/exhibition/?opdt=2026-09-23&rcoursecd=06&rno=10
20260923,浜名湖,10,6,5368,宮崎 心之介,B1,6.69,37.39,5.47,8.01,6.0,0.06,0.0,,,晴,26.0,27.0,1.0,東,1.0,https://boatraceraid.jp/exhibition/?opdt=2026-09-23&rcoursecd=06&rno=10
20260923,浜名湖,11,1,4044,湯川 浩司,A1,6.65,36.94,5.02,8.1,1.0,0.01,0.0,,,晴,26.0,27.0,3.0,南東,2.0,https://boatraceraid.jp/exhibition/?opdt=2026-09-23&rcoursecd=06&rno=11
20260923,浜名湖,11,2,3475,橋本 久和,B1,6.71,37.63,5.39,8.01,2.0,0.02,0.0,,,晴,26.0,27.0,3.0,南東,2.0,https://boatraceraid.jp/exhibition/?opdt=2026-09-23&rcoursecd=06&rno=11
20260923,浜名湖,11,3,4460,後藤 翔之,A2,6.68,37.23,5.44,8.06,3.0,0.03,0.0,,,晴,26.0,27.0,3.0,南東,2.0,https://boatraceraid.jp/exhibition/?opdt=2026-09-23&rcoursecd=06&rno=11
20260923,浜名湖,11,4,4428,有賀 達也,A2,6.66,37.76,5.18,8.07,4.0,0.12,-0.5,,,晴,26.0,27.0,3.0,南東,2.0,https://boatraceraid.jp/exhibition/?opdt=2026-09-23&rcoursecd=06&rno=11
20260923,浜名湖,11,5,4436,渋谷 明憲,A1,6.67,37.52,5.45,7.99,5.0,0.09,-0.5,,,晴,26.0,27.0,3.0,南東,2.0,https://boatraceraid.jp/exhibition/?opdt=2026-09-23&rcoursecd=06&rno=11
20260923,浜名湖,11,6,4140,梶野 学志,A2,6.74,37.54,5.3,8.17,6.0,0.07,0.0,,,晴,26.0,27.0,3.0,南東,2.0,https://boatraceraid.jp/exhibition/?opdt=2026-09-23&rcoursecd=06&rno=11
20260923,浜名湖,12,1,4352,下條 雄太郎,A1,6.69,37.07,5.2,8.21,1.0,0.08,0.0,,,晴,26.0,27.0,3.0,東,2.0,https://boatraceraid.jp/exhibition/?opdt=2026-09-23&rcoursecd=06&rno=12
20260923,浜名湖,12,2,3613,角谷 健吾,A2,6.7,37.68,5.37,8.24,2.0,-0.12,-0.5,,,晴,26.0,27.0,3.0,東,2.0,https://boatraceraid.jp/exhibition/?opdt=2026-09-23&rcoursecd=06&rno=12
20260923,浜名湖,12,3,4302,西野 翔太,A1,6.65,39.27,4.23,8.05,3.0,-0.03,-0.5,,,晴,26.0,27.0,3.0,東,2.0,https://boatraceraid.jp/exhibition/?opdt=2026-09-23&rcoursecd=06&rno=12
20260923,浜名湖,12,4,4661,中島 昂章,A2,6.69,37.6,5.17,8.12,4.0,0.15,0.0,,,晴,26.0,27.0,3.0,東,2.0,https://boatraceraid.jp/exhibition/?opdt=2026-09-23&rcoursecd=06&rno=12
20260923,浜名湖,12,5,4919,吉田 翔悟,B1,6.68,37.43,5.33,8.24,5.0,0.13,0.0,,,晴,26.0,27.0,3.0,東,2.0,https://boatraceraid.jp/exhibition/?opdt=2026-09-23&rcoursecd=06&rno=12
20260923,浜名湖,12,6,4992,廣瀬 篤哉,B1,6.67,38.3,5.33,8.49,6.0,0.12,0.5,,,晴,26.0,27.0,3.0,東,2.0,https://boatraceraid.jp/exhibition/?opdt=2026-09-23&rcoursecd=06&rno=12
20260924,浜名湖,1,1,3294,野中 義生,B1,6.81,36.91,5.17,8.02,1.0,-0.01,0.0,,,晴,27.0,26.0,2.0,北西,1.0,https://boatraceraid.jp/exhibition/?opdt=2026-09-24&rcoursecd=06&rno=01
20260924,浜名湖,1,2,3910,松下 知幸,B1,6.94,37.53,5.33,8.15,2.0,0.02,-0.5,,,晴,27.0,26.0,2.0,北西,1.0,https://boatraceraid.jp/exhibition/?opdt=2026-09-24&rcoursecd=06&rno=01
20260924,浜名湖,1,3,3517,高橋 勲,B1,6.92,37.68,5.41,8.14,3.0,-0.16,-0.5,,,晴,27.0,26.0,2.0,北西,1.0,https://boatraceraid.jp/exhibition/?opdt=2026-09-24&rcoursecd=06&rno=01
20260924,浜名湖,1,4,4049,荒川 健太,A2,6.86,37.71,5.38,8.16,4.0,0.08,-0.5,,,晴,27.0,26.0,2.0,北西,1.0,https://boatraceraid.jp/exhibition/?opdt=2026-09-24&rcoursecd=06&rno=01
20260924,浜名湖,1,5,4753,森 照夫,B2,6.95,37.4,5.48,8.3,5.0,0.08,0.0,,,晴,27.0,26.0,2.0,北西,1.0,https://boatraceraid.jp/exhibition/?opdt=2026-09-24&rcoursecd=06&rno=01
20260924,浜名湖,1,6,4561,藤山 翔大,A2,6.98,38.51,5.89,7.88,6.0,0.12,-0.5,,,晴,27.0,26.0,2.0,北西,1.0,https://boatraceraid.jp/exhibition/?opdt=2026-09-24&rcoursecd=06&rno=01
20260924,浜名湖,2,1,4196,田中 太一郎,B1,6.79,37.96,5.36,8.39,1.0,0.09,0.0,,,晴,27.0,26.0,2.0,北西,1.0,https://boatraceraid.jp/exhibition/?opdt=2026-09-24&rcoursecd=06&rno=02
20260924,浜名湖,2,2,4189,川上 剛,A1,6.79,37.36,5.76,8.38,2.0,0.04,-0.5,,,晴,27.0,26.0,2.0,北西,1.0,https://boatraceraid.jp/exhibition/?opdt=2026-09-24&rcoursecd=06&rno=02
20260924,浜名湖,2,3,5299,西丸 敦基,A2,6.86,37.75,5.56,7.97,3.0,-0.01,0.0,,,晴,27.0,26.0,2.0,北西,1.0,https://boatraceraid.jp/exhibition/?opdt=2026-09-24&rcoursecd=06&rno=02
20260924,浜名湖,2,4,4919,吉田 翔悟,B1,6.76,37.68,5.74,8.34,4.0,0.12,0.0,,,晴,27.0,26.0,2.0,北西,1.0,https://boatraceraid.jp/exhibition/?opdt=2026-09-24&rcoursecd=06&rno=02
20260924,浜名湖,2,5,5083,柳瀬 幹太,B1,6.78,38.06,5.5,8.23,5.0,0.05,0.0,,,晴,27.0,26.0,2.0,北西,1.0,https://boatraceraid.jp/exhibition/?opdt=2026-09-24&rcoursecd=06&rno=02
20260924,浜名湖,2,6,5007,近藤 雄一郎,B1,6.89,38.3,5.41,8.48,6.0,0.09,0.0,,,晴,27.0,26.0,2.0,北西,1.0,https://boatraceraid.jp/exhibition/?opdt=2026-09-24&rcoursecd=06&rno=02
20260924,浜名湖,3,1,4661,中島 昂章,A2,6.78,37.23,5.5,8.36,1.0,-0.07,0.0,,,晴,29.0,27.0,2.0,北西,1.0,https://boatraceraid.jp/exhibition/?opdt=2026-09-24&rcoursecd=06&rno=03
20260924,浜名湖,3,2,4945,上村 宏太,B1,6.76,37.5,5.34,8.4,2.0,-0.04,0.0,,,晴,29.0,27.0,2.0,北西,1.0,https://boatraceraid.jp/exhibition/?opdt=2026-09-24&rcoursecd=06&rno=03
20260924,浜名湖,3,3,5371,早川 颯太,B2,6.81,37.68,5.46,8.08,3.0,0.21,0.0,,,晴,29.0,27.0,2.0,北西,1.0,https://boatraceraid.jp/exhibition/?opdt=2026-09-24&rcoursecd=06&rno=03
20260924,浜名湖,3,4,4302,西野 翔太,A1,6.79,38.1,5.48,8.05,4.0,-0.12,-0.5,,,晴,29.0,27.0,2.0,北西,1.0,https://boatraceraid.jp/exhibition/?opdt=2026-09-24&rcoursecd=06&rno=03
20260924,浜名湖,3,5,5400,高村 諒,B2,6.86,37.5,5.22,8.09,5.0,-0.02,0.0,,,晴,29.0,27.0,2.0,北西,1.0,https://boatraceraid.jp/exhibition/?opdt=2026-09-24&rcoursecd=06&rno=03
20260924,浜名湖,3,6,3514,山一 鉄也,A2,6.81,37.67,5.44,8.17,6.0,0.02,0.0,,,晴,29.0,27.0,2.0,北西,1.0,https://boatraceraid.jp/exhibition/?opdt=2026-09-24&rcoursecd=06&rno=03
20260924,浜名湖,4,1,4460,後藤 翔之,A2,6.75,37.19,5.12,8.17,1.0,0.09,0.0,,,晴,29.0,27.0,2.0,北西,1.0,https://boatraceraid.jp/exhibition/?opdt=2026-09-24&rcoursecd=06&rno=04
20260924,浜名湖,4,2,5046,松山 裕基,B1,6.76,37.85,5.35,8.01,2.0,0.12,0.0,,,晴,29.0,27.0,2.0,北西,1.0,https://boatraceraid.jp/exhibition/?opdt=2026-09-24&rcoursecd=06&rno=04
20260924,浜名湖,4,3,4128,川口 貴久,B1,6.78,38.3,5.56,8.21,3.0,0.02,-0.5,,,晴,29.0,27.0,2.0,北西,1.0,https://boatraceraid.jp/exhibition/?opdt=2026-09-24&rcoursecd=06&rno=04
20260924,浜名湖,4,4,5348,小林 甘寧,B1,6.72,37.27,5.41,7.94,4.0,-0.15,0.0,,,晴,29.0,27.0,2.0,北西,1.0,https://boatraceraid.jp/exhibition/?opdt=2026-09-24&rcoursecd=06&rno=04
20260924,浜名湖,4,5,4151,下河 誉史,B1,6.74,38.34,5.66,8.02,5.0,0.01,-0.5,,,晴,29.0,27.0,2.0,北西,1.0,https://boatraceraid.jp/exhibition/?opdt=2026-09-24&rcoursecd=06&rno=04
20260924,浜名湖,4,6,3989,熊本 英一,B1,6.81,38.61,5.75,8.02,6.0,0.08,0.0,,,晴,29.0,27.0,2.0,北西,1.0,https://boatraceraid.jp/exhibition/?opdt=2026-09-24&rcoursecd=06&rno=04
20260924,浜名湖,5,1,4992,廣瀬 篤哉,B1,6.75,37.48,5.36,8.48,1.0,0.03,-0.5,,,晴,30.0,27.0,3.0,北西,1.0,https://boatraceraid.jp/exhibition/?opdt=2026-09-24&rcoursecd=06&rno=05
20260924,浜名湖,5,2,3294,野中 義生,B1,6.72,37.17,5.68,8.22,2.0,0.21,0.0,,,晴,30.0,27.0,3.0,北西,1.0,https://boatraceraid.jp/exhibition/?opdt=2026-09-24&rcoursecd=06&rno=05
20260924,浜名湖,5,3,5379,廣部 大明,B1,6.81,37.49,5.51,8.19,3.0,0.11,0.0,,,晴,30.0,27.0,3.0,北西,1.0,https://boatraceraid.jp/exhibition/?opdt=2026-09-24&rcoursecd=06&rno=05
20260924,浜名湖,5,4,4593,小坂 宗司,A2,6.76,37.18,5.34,8.0,4.0,0.24,0.0,,,晴,30.0,27.0,3.0,北西,1.0,https://boatraceraid.jp/exhibition/?opdt=2026-09-24&rcoursecd=06&rno=05
20260924,浜名湖,5,5,4518,大須賀 友,A1,6.71,37.17,5.22,8.05,5.0,0.03,0.0,,,晴,30.0,27.0,3.0,北西,1.0,https://boatraceraid.jp/exhibition/?opdt=2026-09-24&rcoursecd=06&rno=05
20260924,浜名湖,5,6,3523,寳田 亮治,B1,6.81,37.43,5.49,8.09,6.0,-0.05,0.0,,,晴,30.0,27.0,3.0,北西,1.0,https://boatraceraid.jp/exhibition/?opdt=2026-09-24&rcoursecd=06&rno=05
20260924,浜名湖,6,1,3655,本橋 克洋,B1,6.8,37.6,5.37,8.28,1.0,-0.07,0.0,,,晴,29.0,27.0,2.0,北西,1.0,https://boatraceraid.jp/exhibition/?opdt=2026-09-24&rcoursecd=06&rno=06
20260924,浜名湖,6,2,4140,梶野 学志,A2,6.84,37.34,5.08,8.26,2.0,0.0,0.0,,,晴,29.0,27.0,2.0,北西,1.0,https://boatraceraid.jp/exhibition/?opdt=2026-09-24&rcoursecd=06&rno=06
20260924,浜名湖,6,3,4428,有賀 達也,A2,6.77,37.01,5.15,8.17,3.0,-0.01,-0.5,,,晴,29.0,27.0,2.0,北西,1.0,https://boatraceraid.jp/exhibition/?opdt=2026-09-24&rcoursecd=06&rno=06
20260924,浜名湖,6,4,4143,浦田 晃嗣,B1,6.83,37.97,5.5,8.15,4.0,-0.05,0.0,,,晴,29.0,27.0,2.0,北西,1.0,https://boatraceraid.jp/exhibition/?opdt=2026-09-24&rcoursecd=06&rno=06
20260924,浜名湖,6,5,3517,高橋 勲,B1,6.86,37.87,5.46,8.25,5.0,-0.09,-0.5,,,晴,29.0,27.0,2.0,北西,1.0,https://boatraceraid.jp/exhibition/?opdt=2026-09-24&rcoursecd=06&rno=06
20260924,浜名湖,6,6,3711,江本 真治,A2,6.89,37.73,5.56,8.28,6.0,0.0,-0.5,,,晴,29.0,27.0,2.0,北西,1.0,https://boatraceraid.jp/exhibition/?opdt=2026-09-24&rcoursecd=06&rno=06
20260924,浜名湖,7,1,4049,荒川 健太,A2,6.8,37.73,5.43,8.28,1.0,-0.07,-0.5,,,晴,30.0,27.0,2.0,北西,1.0,https://boatraceraid.jp/exhibition/?opdt=2026-09-24&rcoursecd=06&rno=07
20260924,浜名湖,7,2,5083,柳瀬 幹太,B1,6.76,37.55,5.23,8.1,2.0,-0.01,0.0,,,晴,30.0,27.0,2.0,北西,1.0,https://boatraceraid.jp/exhibition/?opdt=2026-09-24&rcoursecd=06&rno=07
20260924,浜名湖,7,3,5400,高村 諒,B2,6.77,37.67,5.33,8.11,3.0,-0.05,0.0,,,晴,30.0,27.0,2.0,北西,1.0,https://boatraceraid.jp/exhibition/?opdt=2026-09-24&rcoursecd=06&rno=07
20260924,浜名湖,7,4,4044,湯川 浩司,A1,6.78,37.42,5.26,8.04,4.0,-0.07,0.0,,,晴,30.0,27.0,2.0,北西,1.0,https://boatraceraid.jp/exhibition/?opdt=2026-09-24&rcoursecd=06&rno=07
20260924,浜名湖,7,5,5368,宮崎 心之介,B1,6.69,37.4,5.29,8.08,5.0,-0.03,0.0,,,晴,30.0,27.0,2.0,北西,1.0,https://boatraceraid.jp/exhibition/?opdt=2026-09-24&rcoursecd=06&rno=07
20260924,浜名湖,7,6,4561,藤山 翔大,A2,6.86,38.77,5.71,8.1,6.0,-0.02,-0.5,,,晴,30.0,27.0,2.0,北西,1.0,https://boatraceraid.jp/exhibition/?opdt=2026-09-24&rcoursecd=06&rno=07
20260924,浜名湖,8,1,5299,西丸 敦基,A2,6.78,37.63,5.16,8.11,1.0,0.14,0.0,,,晴,30.0,27.0,2.0,北西,1.0,https://boatraceraid.jp/exhibition/?opdt=2026-09-24&rcoursecd=06&rno=08
20260924,浜名湖,8,2,4753,森 照夫,B2,6.85,38.0,5.41,8.31,2.0,0.27,0.0,,,晴,30.0,27.0,2.0,北西,1.0,https://boatraceraid.jp/exhibition/?opdt=2026-09-24&rcoursecd=06&rno=08
20260924,浜名湖,8,3,5046,松山 裕基,B1,6.76,38.45,5.46,8.04,3.0,0.14,0.0,,,晴,30.0,27.0,2.0,北西,1.0,https://boatraceraid.jp/exhibition/?opdt=2026-09-24&rcoursecd=06&rno=08
20260924,浜名湖,8,4,3514,山一 鉄也,A2,6.74,37.77,5.41,8.0,4.0,0.01,0.0,,,晴,30.0,27.0,2.0,北西,1.0,https://boatraceraid.jp/exhibition/?opdt=2026-09-24&rcoursecd=06&rno=08
20260924,浜名湖,8,5,5371,早川 颯太,B2,6.85,37.79,5.59,8.08,5.0,0.14,0.0,,,晴,30.0,27.0,2.0,北西,1.0,https://boatraceraid.jp/exhibition/?opdt=2026-09-24&rcoursecd=06&rno=08
20260924,浜名湖,8,6,4263,武重 雄介,B1,6.81,37.74,5.45,8.12,6.0,-0.01,0.0,,,晴,30.0,27.0,2.0,北西,1.0,https://boatraceraid.jp/exhibition/?opdt=2026-09-24&rcoursecd=06&rno=08
20260924,浜名湖,9,1,4593,小坂 宗司,A2,6.72,36.92,5.19,8.16,1.0,-0.02,0.0,,,晴,30.0,27.0,2.0,北西,1.0,https://boatraceraid.jp/exhibition/?opdt=2026-09-24&rcoursecd=06&rno=09
20260924,浜名湖,9,2,4327,加藤 翔,B1,6.71,38.16,5.41,8.22,2.0,0.06,0.0,,,晴,30.0,27.0,2.0,北西,1.0,https://boatraceraid.jp/exhibition/?opdt=2026-09-24&rcoursecd=06&rno=09
20260924,浜名湖,9,3,4151,下河 誉史,B1,6.75,38.01,5.41,8.22,3.0,0.15,-0.5,,,晴,30.0,27.0,2.0,北西,1.0,https://boatraceraid.jp/exhibition/?opdt=2026-09-24&rcoursecd=06&rno=09
20260924,浜名湖,9,4,5007,近藤 雄一郎,B1,6.83,37.42,5.35,8.25,4.0,0.21,0.0,,,晴,30.0,27.0,2.0,北西,1.0,https://boatraceraid.jp/exhibition/?opdt=2026-09-24&rcoursecd=06&rno=09
20260924,浜名湖,9,5,4196,田中 太一郎,B1,6.79,38.45,5.47,8.18,5.0,0.26,0.0,,,晴,30.0,27.0,2.0,北西,1.0,https://boatraceraid.jp/exhibition/?opdt=2026-09-24&rcoursecd=06&rno=09
20260924,浜名湖,9,6,4227,安達 裕樹,A2,6.71,37.6,5.57,8.29,6.0,0.05,0.0,,,晴,30.0,27.0,2.0,北西,1.0,https://boatraceraid.jp/exhibition/?opdt=2026-09-24&rcoursecd=06&rno=09
20260924,浜名湖,10,1,4302,西野 翔太,A1,6.68,37.97,5.31,8.13,1.0,0.13,-0.5,,,晴,30.0,27.0,2.0,北西,1.0,https://boatraceraid.jp/exhibition/?opdt=2026-09-24&rcoursecd=06&rno=10
20260924,浜名湖,10,2,4460,後藤 翔之,A2,6.71,37.86,5.25,8.17,2.0,0.11,-0.5,,,晴,30.0,27.0,2.0,北西,1.0,https://boatraceraid.jp/exhibition/?opdt=2026-09-24&rcoursecd=06&rno=10
20260924,浜名湖,10,3,5348,小林 甘寧,B1,6.69,37.58,5.6,7.99,3.0,0.16,0.0,,,晴,30.0,27.0,2.0,北西,1.0,https://boatraceraid.jp/exhibition/?opdt=2026-09-24&rcoursecd=06&rno=10
20260924,浜名湖,10,4,4428,有賀 達也,A2,6.71,37.4,5.59,7.99,4.0,0.06,-0.5,,,晴,30.0,27.0,2.0,北西,1.0,https://boatraceraid.jp/exhibition/?opdt=2026-09-24&rcoursecd=06&rno=10
20260924,浜名湖,10,5,4189,川上 剛,A1,6.74,38.01,5.64,8.09,5.0,0.11,-0.5,,,晴,30.0,27.0,2.0,北西,1.0,https://boatraceraid.jp/exhibition/?opdt=2026-09-24&rcoursecd=06&rno=10
20260924,浜名湖,10,6,4992,廣瀬 篤哉,B1,6.71,38.45,5.54,8.19,6.0,0.12,0.0,,,晴,30.0,27.0,2.0,北西,1.0,https://boatraceraid.jp/exhibition/?opdt=2026-09-24&rcoursecd=06&rno=10
20260924,浜名湖,11,1,4518,大須賀 友,A1,6.67,37.25,5.12,8.11,1.0,0.07,0.0,,,晴,30.0,27.0,2.0,北西,1.0,https://boatraceraid.jp/exhibition/?opdt=2026-09-24&rcoursecd=06&rno=11
20260924,浜名湖,11,2,4044,湯川 浩司,A1,6.81,37.95,5.29,8.19,2.0,0.03,0.0,,,晴,30.0,27.0,2.0,北西,1.0,https://boatraceraid.jp/exhibition/?opdt=2026-09-24&rcoursecd=06&rno=11
20260924,浜名湖,11,3,4919,吉田 翔悟,B1,6.75,37.56,5.41,8.16,3.0,-0.02,0.0,,,晴,30.0,27.0,2.0,北西,1.0,https://boatraceraid.jp/exhibition/?opdt=2026-09-24&rcoursecd=06&rno=11
20260924,浜名湖,11,4,4661,中島 昂章,A2,6.78,37.32,5.16,8.13,4.0,-0.12,0.0,,,晴,30.0,27.0,2.0,北西,1.0,https://boatraceraid.jp/exhibition/?opdt=2026-09-24&rcoursecd=06&rno=11
20260924,浜名湖,11,5,5368,宮崎 心之介,B1,6.68,37.59,5.34,8.18,5.0,0.05,0.0,,,晴,30.0,27.0,2.0,北西,1.0,https://boatraceraid.jp/exhibition/?opdt=2026-09-24&rcoursecd=06&rno=11
20260924,浜名湖,11,6,4140,梶野 学志,A2,6.79,37.82,5.08,8.17,6.0,0.03,-0.5,,,晴,30.0,27.0,2.0,北西,1.0,https://boatraceraid.jp/exhibition/?opdt=2026-09-24&rcoursecd=06&rno=11
20260924,浜名湖,12,1,4352,下條 雄太郎,A1,6.74,36.87,5.14,8.06,1.0,0.01,0.0,,,晴,30.0,27.0,2.0,北西,1.0,https://boatraceraid.jp/exhibition/?opdt=2026-09-24&rcoursecd=06&rno=12
20260924,浜名湖,12,2,4570,前田 聖文,A1,6.73,37.59,5.37,8.13,2.0,-0.04,0.0,,,晴,30.0,27.0,2.0,北西,1.0,https://boatraceraid.jp/exhibition/?opdt=2026-09-24&rcoursecd=06&rno=12
20260924,浜名湖,12,3,3475,橋本 久和,B1,6.72,37.49,5.41,8.16,3.0,0.03,0.0,,,晴,30.0,27.0,2.0,北西,1.0,https://boatraceraid.jp/exhibition/?opdt=2026-09-24&rcoursecd=06&rno=12
20260924,浜名湖,12,4,3613,角谷 健吾,A2,6.77,37.8,5.43,8.35,4.0,-0.04,-0.5,,,晴,30.0,27.0,2.0,北西,1.0,https://boatraceraid.jp/exhibition/?opdt=2026-09-24&rcoursecd=06&rno=12
20260924,浜名湖,12,5,4793,金子 萌,A2,6.77,37.37,5.19,8.14,5.0,-0.06,0.0,,,晴,30.0,27.0,2.0,北西,1.0,https://boatraceraid.jp/exhibition/?opdt=2026-09-24&rcoursecd=06&rno=12
20260924,浜名湖,12,6,4436,渋谷 明憲,A1,6.77,37.8,5.27,8.21,6.0,-0.07,-0.5,,,晴,30.0,27.0,2.0,北西,1.0,https://boatraceraid.jp/exhibition/?opdt=2026-09-24&rcoursecd=06&rno=12
