日付,場,R,枠,登録番号,選手名,級別,展示タイム,一周タイム,回り足タイム,直線タイム,展示進入,展示ST,チルト,プロペラ,部品交換,天気,気温,水温,風速,風向,波高,出典URL
20260905,桐生,1,1,3653,品川 賢次,B2,6.7,18.5,4.9,7.66,1.0,0.04,-0.5,,,曇り,23.0,23.0,3.0,東,2.0,https://boatraceraid.jp/exhibition/?opdt=2026-09-05&rcoursecd=01&rno=01
20260905,桐生,1,2,4562,阪本 勇介,B1,6.86,18.42,4.56,7.6,2.0,0.03,0.0,,,曇り,23.0,23.0,3.0,東,2.0,https://boatraceraid.jp/exhibition/?opdt=2026-09-05&rcoursecd=01&rno=01
20260905,桐生,1,3,3277,齋藤 勇,B1,6.78,18.67,4.7,7.62,3.0,-0.01,-0.5,,,曇り,23.0,23.0,3.0,東,2.0,https://boatraceraid.jp/exhibition/?opdt=2026-09-05&rcoursecd=01&rno=01
20260905,桐生,1,4,4232,笠 雅雄,B1,6.83,18.39,4.67,7.62,4.0,0.08,0.0,,,曇り,23.0,23.0,3.0,東,2.0,https://boatraceraid.jp/exhibition/?opdt=2026-09-05&rcoursecd=01&rno=01
20260905,桐生,1,5,5122,相馬 翔,B1,6.81,18.56,4.56,7.59,5.0,0.09,-0.5,,,曇り,23.0,23.0,3.0,東,2.0,https://boatraceraid.jp/exhibition/?opdt=2026-09-05&rcoursecd=01&rno=01
20260905,桐生,1,6,4342,谷野 錬志,A2,6.8,18.7,4.5,7.63,6.0,0.18,-0.5,,,曇り,23.0,23.0,3.0,東,2.0,https://boatraceraid.jp/exhibition/?opdt=2026-09-05&rcoursecd=01&rno=01
20260905,桐生,2,1,3852,澤 大介,B1,6.84,18.47,4.53,7.66,1.0,-0.06,-0.5,,,曇り,23.0,23.0,3.0,東,2.0,https://boatraceraid.jp/exhibition/?opdt=2026-09-05&rcoursecd=01&rno=02
20260905,桐生,2,2,5181,森 智哉,B1,6.86,18.71,4.58,7.64,2.0,0.26,-0.5,,,曇り,23.0,23.0,3.0,東,2.0,https://boatraceraid.jp/exhibition/?opdt=2026-09-05&rcoursecd=01&rno=02
20260905,桐生,2,3,4380,鈴木 峻佑,B1,6.79,18.77,4.42,7.7,3.0,0.06,-0.5,,,曇り,23.0,23.0,3.0,東,2.0,https://boatraceraid.jp/exhibition/?opdt=2026-09-05&rcoursecd=01&rno=02
20260905,桐生,2,4,4919,吉田 翔悟,B1,6.81,18.52,4.58,7.76,4.0,-0.02,-0.5,,,曇り,23.0,23.0,3.0,東,2.0,https://boatraceraid.jp/exhibition/?opdt=2026-09-05&rcoursecd=01&rno=02
20260905,桐生,2,5,4513,河野 真也,A2,6.9,18.68,4.38,7.74,5.0,0.03,-0.5,,,曇り,23.0,23.0,3.0,東,2.0,https://boatraceraid.jp/exhibition/?opdt=2026-09-05&rcoursecd=01&rno=02
20260905,桐生,2,6,5228,若林 樹蘭,A2,6.76,18.4,4.49,7.56,6.0,-0.01,-0.5,,,曇り,23.0,23.0,3.0,東,2.0,https://boatraceraid.jp/exhibition/?opdt=2026-09-05&rcoursecd=01&rno=02
20260905,桐生,3,1,3202,三品 隆浩,B1,6.89,18.66,4.62,7.66,1.0,-0.07,0.0,,,曇り,23.0,23.0,2.0,東,1.0,https://boatraceraid.jp/exhibition/?opdt=2026-09-05&rcoursecd=01&rno=03
20260905,桐生,3,2,5048,眞鳥 康太,B1,6.7,18.84,4.54,7.72,2.0,-0.14,0.0,,,曇り,23.0,23.0,2.0,東,1.0,https://boatraceraid.jp/exhibition/?opdt=2026-09-05&rcoursecd=01&rno=03
20260905,桐生,3,3,4992,廣瀬 篤哉,B1,6.76,18.84,4.69,7.74,3.0,-0.05,-0.5,,,曇り,23.0,23.0,2.0,東,1.0,https://boatraceraid.jp/exhibition/?opdt=2026-09-05&rcoursecd=01&rno=03
20260905,桐生,3,4,3874,山本 寛久,A2,6.87,18.47,4.54,7.78,4.0,0.27,-0.5,,,曇り,23.0,23.0,2.0,東,1.0,https://boatraceraid.jp/exhibition/?opdt=2026-09-05&rcoursecd=01&rno=03
20260905,桐生,3,5,3686,鳥居塚 孝博,A2,6.79,18.42,4.68,7.73,5.0,0.01,-0.5,,,曇り,23.0,23.0,2.0,東,1.0,https://boatraceraid.jp/exhibition/?opdt=2026-09-05&rcoursecd=01&rno=03
20260905,桐生,3,6,5012,加倉 侑征,B1,6.76,18.23,5.58,7.68,6.0,0.13,-0.5,,,曇り,23.0,23.0,2.0,東,1.0,https://boatraceraid.jp/exhibition/?opdt=2026-09-05&rcoursecd=01&rno=03
20260905,桐生,4,1,4557,松尾 光広,B1,6.59,18.7,4.81,7.62,1.0,0.07,-0.5,,,晴,24.0,23.0,3.0,北,2.0,https://boatraceraid.jp/exhibition/?opdt=2026-09-05&rcoursecd=01&rno=04
20260905,桐生,4,2,4943,八木 治樹,B1,6.68,18.74,4.72,7.54,2.0,0.19,-0.5,,,晴,24.0,23.0,3.0,北,2.0,https://boatraceraid.jp/exhibition/?opdt=2026-09-05&rcoursecd=01&rno=04
20260905,桐生,4,3,4195,前川 守嗣,B1,6.64,18.64,4.64,7.7,3.0,0.13,-0.5,,,晴,24.0,23.0,3.0,北,2.0,https://boatraceraid.jp/exhibition/?opdt=2026-09-05&rcoursecd=01&rno=04
20260905,桐生,4,4,3681,山谷 央,B1,6.74,18.58,4.74,7.71,4.0,0.39,-0.5,,,晴,24.0,23.0,3.0,北,2.0,https://boatraceraid.jp/exhibition/?opdt=2026-09-05&rcoursecd=01&rno=04
20260905,桐生,4,5,3319,山崎 義明,A2,6.74,18.41,4.49,7.67,5.0,0.29,-0.5,,,晴,24.0,23.0,3.0,北,2.0,https://boatraceraid.jp/exhibition/?opdt=2026-09-05&rcoursecd=01&rno=04
20260905,桐生,4,6,4538,笠置 博之,A1,6.67,18.7,4.58,7.53,6.0,0.21,0.0,,,晴,24.0,23.0,3.0,北,2.0,https://boatraceraid.jp/exhibition/?opdt=2026-09-05&rcoursecd=01&rno=04
20260905,桐生,5,1,4161,黒柳 浩孝,B1,6.77,18.31,4.68,7.63,1.0,0.04,-0.5,,,曇り,23.0,23.0,3.0,東,2.0,https://boatraceraid.jp/exhibition/?opdt=2026-09-05&rcoursecd=01&rno=05
20260905,桐生,5,2,4028,田村 隆信,A1,6.82,18.7,4.46,7.62,2.0,0.06,-0.5,,,曇り,23.0,23.0,3.0,東,2.0,https://boatraceraid.jp/exhibition/?opdt=2026-09-05&rcoursecd=01&rno=05
20260905,桐生,5,3,4531,武富 智亮,A2,6.84,18.87,4.47,7.67,3.0,0.12,0.0,,,曇り,23.0,23.0,3.0,東,2.0,https://boatraceraid.jp/exhibition/?opdt=2026-09-05&rcoursecd=01&rno=05
20260905,桐生,5,4,4440,萩原 知哉,B1,6.77,18.68,4.71,7.72,4.0,0.18,-0.5,,,曇り,23.0,23.0,3.0,東,2.0,https://boatraceraid.jp/exhibition/?opdt=2026-09-05&rcoursecd=01&rno=05
20260905,桐生,5,5,4562,阪本 勇介,B1,6.72,18.55,4.58,7.68,5.0,0.1,0.0,,,曇り,23.0,23.0,3.0,東,2.0,https://boatraceraid.jp/exhibition/?opdt=2026-09-05&rcoursecd=01&rno=05
20260905,桐生,5,6,5430,鳥本 智史,B2,6.77,18.51,4.62,7.59,6.0,0.06,-0.5,,,曇り,23.0,23.0,3.0,東,2.0,https://boatraceraid.jp/exhibition/?opdt=2026-09-05&rcoursecd=01&rno=05
20260905,桐生,6,1,3743,林 美憲,A1,6.76,18.61,4.74,7.64,1.0,0.07,-0.5,,,晴,23.0,23.0,2.0,東,1.0,https://boatraceraid.jp/exhibition/?opdt=2026-09-05&rcoursecd=01&rno=06
20260905,桐生,6,2,3305,小野 信樹,B1,6.88,18.73,4.66,7.66,2.0,0.04,0.0,,,晴,23.0,23.0,2.0,東,1.0,https://boatraceraid.jp/exhibition/?opdt=2026-09-05&rcoursecd=01&rno=06
20260905,桐生,6,3,3653,品川 賢次,B2,6.77,18.62,4.83,7.59,3.0,0.09,-0.5,,,晴,23.0,23.0,2.0,東,1.0,https://boatraceraid.jp/exhibition/?opdt=2026-09-05&rcoursecd=01&rno=06
20260905,桐生,6,4,3867,松浦 勝,B1,6.83,18.78,4.63,7.68,4.0,0.08,-0.5,,,晴,23.0,23.0,2.0,東,1.0,https://boatraceraid.jp/exhibition/?opdt=2026-09-05&rcoursecd=01&rno=06
20260905,桐生,6,5,4181,花本 夏樹,B1,6.85,19.16,4.58,7.68,5.0,0.11,-0.5,,,晴,23.0,23.0,2.0,東,1.0,https://boatraceraid.jp/exhibition/?opdt=2026-09-05&rcoursecd=01&rno=06
20260905,桐生,6,6,5107,松本 真広,B1,6.86,18.56,4.38,7.7,6.0,0.12,-0.5,,,晴,23.0,23.0,2.0,東,1.0,https://boatraceraid.jp/exhibition/?opdt=2026-09-05&rcoursecd=01&rno=06
20260905,桐生,7,1,4040,廣瀬 将亨,A2,6.63,18.62,4.67,7.59,1.0,-0.01,-0.5,,,曇り,23.0,23.0,2.0,北,1.0,https://boatraceraid.jp/exhibition/?opdt=2026-09-05&rcoursecd=01&rno=07
20260905,桐生,7,2,3946,赤岩 善生,A1,6.74,18.69,4.57,7.49,2.0,-0.1,-0.5,,,曇り,23.0,23.0,2.0,北,1.0,https://boatraceraid.jp/exhibition/?opdt=2026-09-05&rcoursecd=01&rno=07
20260905,桐生,7,3,3852,澤 大介,B1,6.83,18.92,4.67,7.56,3.0,0.21,-0.5,,,曇り,23.0,23.0,2.0,北,1.0,https://boatraceraid.jp/exhibition/?opdt=2026-09-05&rcoursecd=01&rno=07
20260905,桐生,7,4,5122,相馬 翔,B1,6.81,18.8,4.5,7.56,4.0,-0.08,-0.5,,,曇り,23.0,23.0,2.0,北,1.0,https://boatraceraid.jp/exhibition/?opdt=2026-09-05&rcoursecd=01&rno=07
20260905,桐生,7,5,5048,眞鳥 康太,B1,6.71,19.06,4.69,7.69,5.0,-0.09,0.0,,,曇り,23.0,23.0,2.0,北,1.0,https://boatraceraid.jp/exhibition/?opdt=2026-09-05&rcoursecd=01&rno=07
20260905,桐生,7,6,5070,中島 航,B1,6.74,19.0,4.99,7.58,6.0,0.01,-0.5,,,曇り,23.0,23.0,2.0,北,1.0,https://boatraceraid.jp/exhibition/?opdt=2026-09-05&rcoursecd=01&rno=07
20260905,桐生,8,1,4033,伊藤 将吉,A2,6.77,19.0,4.82,7.53,1.0,0.06,-0.5,,,曇り,23.0,23.0,1.0,北,1.0,https://boatraceraid.jp/exhibition/?opdt=2026-09-05&rcoursecd=01&rno=08
20260905,桐生,8,2,3277,齋藤 勇,B1,6.92,19.41,4.95,7.46,2.0,-0.01,-0.5,,,曇り,23.0,23.0,1.0,北,1.0,https://boatraceraid.jp/exhibition/?opdt=2026-09-05&rcoursecd=01&rno=08
20260905,桐生,8,3,4943,八木 治樹,B1,6.76,19.02,5.1,7.56,3.0,0.04,-0.5,,,曇り,23.0,23.0,1.0,北,1.0,https://boatraceraid.jp/exhibition/?opdt=2026-09-05&rcoursecd=01&rno=08
20260905,桐生,8,4,5181,森 智哉,B1,6.74,19.13,4.83,7.57,4.0,0.14,-0.5,,,曇り,23.0,23.0,1.0,北,1.0,https://boatraceraid.jp/exhibition/?opdt=2026-09-05&rcoursecd=01&rno=08
20260905,桐生,8,5,4044,湯川 浩司,A1,6.72,18.64,4.54,7.54,5.0,0.04,-0.5,,,曇り,23.0,23.0,1.0,北,1.0,https://boatraceraid.jp/exhibition/?opdt=2026-09-05&rcoursecd=01&rno=08
20260905,桐生,8,6,4992,廣瀬 篤哉,B1,6.82,18.74,4.5,7.54,6.0,0.07,-0.5,,,曇り,23.0,23.0,1.0,北,1.0,https://boatraceraid.jp/exhibition/?opdt=2026-09-05&rcoursecd=01&rno=08
20260905,桐生,9,1,3475,橋本 久和,B1,6.86,18.66,4.66,7.61,1.0,0.07,-0.5,,,晴,23.0,23.0,1.0,北,1.0,https://boatraceraid.jp/exhibition/?opdt=2026-09-05&rcoursecd=01&rno=09
20260905,桐生,9,2,4342,谷野 錬志,A2,6.78,19.0,4.72,7.55,2.0,0.09,-0.5,,,晴,23.0,23.0,1.0,北,1.0,https://boatraceraid.jp/exhibition/?opdt=2026-09-05&rcoursecd=01&rno=09
20260905,桐生,9,3,3319,山崎 義明,A2,6.73,18.62,4.62,7.62,3.0,0.07,-0.5,,,晴,23.0,23.0,1.0,北,1.0,https://boatraceraid.jp/exhibition/?opdt=2026-09-05&rcoursecd=01&rno=09
20260905,桐生,9,4,4513,河野 真也,A2,6.88,18.82,4.82,7.53,4.0,0.23,-0.5,,,晴,23.0,23.0,1.0,北,1.0,https://boatraceraid.jp/exhibition/?opdt=2026-09-05&rcoursecd=01&rno=09
20260905,桐生,9,5,4440,萩原 知哉,B1,6.88,19.32,4.86,7.7,5.0,-0.01,-0.5,,,晴,23.0,23.0,1.0,北,1.0,https://boatraceraid.jp/exhibition/?opdt=2026-09-05&rcoursecd=01&rno=09
20260905,桐生,9,6,4027,松江 秀徳,A2,6.73,19.5,4.91,7.76,6.0,-0.04,-0.5,,,晴,23.0,23.0,1.0,北,1.0,https://boatraceraid.jp/exhibition/?opdt=2026-09-05&rcoursecd=01&rno=09
20260905,桐生,10,1,4195,前川 守嗣,B1,6.82,18.78,4.86,7.54,1.0,0.09,-0.5,,,曇り,22.0,23.0,2.0,北西,1.0,https://boatraceraid.jp/exhibition/?opdt=2026-09-05&rcoursecd=01&rno=10
20260905,桐生,10,2,4118,宇佐見 淳,A2,6.82,18.78,4.59,7.45,2.0,0.07,-0.5,,,曇り,22.0,23.0,2.0,北西,1.0,https://boatraceraid.jp/exhibition/?opdt=2026-09-05&rcoursecd=01&rno=10
20260905,桐生,10,3,3686,鳥居塚 孝博,A2,6.8,18.66,4.61,7.58,3.0,-0.02,-0.5,,,曇り,22.0,23.0,2.0,北西,1.0,https://boatraceraid.jp/exhibition/?opdt=2026-09-05&rcoursecd=01&rno=10
20260905,桐生,10,4,4877,鈴谷 一平,A1,6.84,18.92,4.55,7.58,4.0,-0.04,-0.5,,,曇り,22.0,23.0,2.0,北西,1.0,https://boatraceraid.jp/exhibition/?opdt=2026-09-05&rcoursecd=01&rno=10
20260905,桐生,10,5,4531,武富 智亮,A2,6.95,19.16,5.38,7.57,5.0,-0.08,0.0,,,曇り,22.0,23.0,2.0,北西,1.0,https://boatraceraid.jp/exhibition/?opdt=2026-09-05&rcoursecd=01&rno=10
20260905,桐生,10,6,5344,谷口 丞,B1,6.75,18.77,4.85,7.48,6.0,-0.14,-0.5,,,曇り,22.0,23.0,2.0,北西,1.0,https://boatraceraid.jp/exhibition/?opdt=2026-09-05&rcoursecd=01&rno=10
20260905,桐生,11,1,3874,山本 寛久,A2,6.8,18.5,4.66,7.61,1.0,-0.01,-0.5,,,曇り,22.0,23.0,1.0,北西,1.0,https://boatraceraid.jp/exhibition/?opdt=2026-09-05&rcoursecd=01&rno=11
20260905,桐生,11,2,4538,笠置 博之,A1,6.85,18.83,4.71,7.56,2.0,0.08,-0.5,,,曇り,22.0,23.0,1.0,北西,1.0,https://boatraceraid.jp/exhibition/?opdt=2026-09-05&rcoursecd=01&rno=11
20260905,桐生,11,3,5228,若林 樹蘭,A2,6.88,18.46,4.58,7.58,3.0,0.02,-0.5,,,曇り,22.0,23.0,1.0,北西,1.0,https://boatraceraid.jp/exhibition/?opdt=2026-09-05&rcoursecd=01&rno=11
20260905,桐生,11,4,4040,廣瀬 将亨,A2,6.96,18.79,4.5,7.51,4.0,0.09,-0.5,,,曇り,22.0,23.0,1.0,北西,1.0,https://boatraceraid.jp/exhibition/?opdt=2026-09-05&rcoursecd=01&rno=11
20260905,桐生,11,5,4161,黒柳 浩孝,B1,6.97,19.18,4.98,7.55,5.0,-0.05,-0.5,,,曇り,22.0,23.0,1.0,北西,1.0,https://boatraceraid.jp/exhibition/?opdt=2026-09-05&rcoursecd=01&rno=11
20260905,桐生,11,6,4232,笠 雅雄,B1,6.81,18.75,4.65,7.46,6.0,0.24,0.0,,,曇り,22.0,23.0,1.0,北西,1.0,https://boatraceraid.jp/exhibition/?opdt=2026-09-05&rcoursecd=01&rno=11
20260905,桐生,12,1,3946,赤岩 善生,A1,6.78,18.54,4.52,7.46,1.0,0.03,-0.5,,,曇り,22.0,23.0,1.0,北西,1.0,https://boatraceraid.jp/exhibition/?opdt=2026-09-05&rcoursecd=01&rno=12
20260905,桐生,12,2,4044,湯川 浩司,A1,6.79,18.74,4.58,7.58,2.0,0.01,-0.5,,,曇り,22.0,23.0,1.0,北西,1.0,https://boatraceraid.jp/exhibition/?opdt=2026-09-05&rcoursecd=01&rno=12
20260905,桐生,12,3,4019,笠原 亮,A1,6.91,18.7,4.7,7.62,3.0,0.01,-0.5,,,曇り,22.0,23.0,1.0,北西,1.0,https://boatraceraid.jp/exhibition/?opdt=2026-09-05&rcoursecd=01&rno=12
20260905,桐生,12,4,3743,林 美憲,A1,6.79,18.68,4.66,7.6,4.0,0.11,-0.5,,,曇り,22.0,23.0,1.0,北西,1.0,https://boatraceraid.jp/exhibition/?opdt=2026-09-05&rcoursecd=01&rno=12
20260905,桐生,12,5,4025,山本 隆幸,A1,6.73,18.81,4.71,7.53,5.0,0.06,0.0,,,曇り,22.0,23.0,1.0,北西,1.0,https://boatraceraid.jp/exhibition/?opdt=2026-09-05&rcoursecd=01&rno=12
20260905,桐生,12,6,4028,田村 隆信,A1,6.87,18.74,4.58,7.49,6.0,0.18,-0.5,,,曇り,22.0,23.0,1.0,北西,1.0,https://boatraceraid.jp/exhibition/?opdt=2026-09-05&rcoursecd=01&rno=12
20260906,桐生,1,1,3867,松浦 勝,B1,6.67,18.4,4.71,7.76,1.0,0.23,-0.5,,,曇り,19.0,23.0,0.0,西南西,0.0,https://boatraceraid.jp/exhibition/?opdt=2026-09-06&rcoursecd=01&rno=01
20260906,桐生,1,2,5228,若林 樹蘭,A2,6.78,18.81,4.35,7.57,2.0,0.27,-0.5,,,曇り,19.0,23.0,0.0,西南西,0.0,https://boatraceraid.jp/exhibition/?opdt=2026-09-06&rcoursecd=01&rno=01
20260906,桐生,1,3,4557,松尾 光広,B1,6.69,18.86,4.62,7.71,3.0,0.21,-0.5,,,曇り,19.0,23.0,0.0,西南西,0.0,https://boatraceraid.jp/exhibition/?opdt=2026-09-06&rcoursecd=01&rno=01
20260906,桐生,1,4,4531,武富 智亮,A2,6.91,18.68,4.46,7.64,4.0,0.03,-0.5,,,曇り,19.0,23.0,0.0,西南西,0.0,https://boatraceraid.jp/exhibition/?opdt=2026-09-06&rcoursecd=01&rno=01
20260906,桐生,1,5,3202,三品 隆浩,B1,6.78,18.54,4.55,7.66,5.0,0.02,-0.5,,,曇り,19.0,23.0,0.0,西南西,0.0,https://boatraceraid.jp/exhibition/?opdt=2026-09-06&rcoursecd=01&rno=01
20260906,桐生,1,6,5430,鳥本 智史,B2,6.72,18.42,4.64,7.5,6.0,-0.02,-0.5,,,曇り,19.0,23.0,0.0,西南西,0.0,https://boatraceraid.jp/exhibition/?opdt=2026-09-06&rcoursecd=01&rno=01
20260906,桐生,2,1,3305,小野 信樹,B1,6.83,18.31,4.59,7.64,1.0,0.17,-0.5,,,曇り,19.0,23.0,0.0,西南西,0.0,https://boatraceraid.jp/exhibition/?opdt=2026-09-06&rcoursecd=01&rno=02
20260906,桐生,2,2,3475,橋本 久和,B1,6.77,18.5,4.53,7.67,2.0,0.12,-0.5,,,曇り,19.0,23.0,0.0,西南西,0.0,https://boatraceraid.jp/exhibition/?opdt=2026-09-06&rcoursecd=01&rno=02
20260906,桐生,2,3,4232,笠 雅雄,B1,6.68,18.5,4.48,7.59,3.0,0.02,0.0,,,曇り,19.0,23.0,0.0,西南西,0.0,https://boatraceraid.jp/exhibition/?opdt=2026-09-06&rcoursecd=01&rno=02
20260906,桐生,2,4,4380,鈴木 峻佑,B1,6.8,18.66,4.28,7.68,4.0,0.14,0.0,,,曇り,19.0,23.0,0.0,西南西,0.0,https://boatraceraid.jp/exhibition/?opdt=2026-09-06&rcoursecd=01&rno=02
20260906,桐生,2,5,4342,谷野 錬志,A2,6.72,18.43,4.54,7.66,5.0,0.11,-0.5,,,曇り,19.0,23.0,0.0,西南西,0.0,https://boatraceraid.jp/exhibition/?opdt=2026-09-06&rcoursecd=01&rno=02
20260906,桐生,2,6,4877,鈴谷 一平,A1,6.82,18.7,4.35,7.78,6.0,-0.12,-0.5,,,曇り,19.0,23.0,0.0,西南西,0.0,https://boatraceraid.jp/exhibition/?opdt=2026-09-06&rcoursecd=01&rno=02
20260906,桐生,3,1,3681,山谷 央,B1,6.69,18.55,4.72,7.66,1.0,0.09,-0.5,,,雨,19.0,23.0,2.0,東,1.0,https://boatraceraid.jp/exhibition/?opdt=2026-09-06&rcoursecd=01&rno=03
20260906,桐生,3,2,4181,花本 夏樹,B1,6.74,18.8,4.63,7.7,2.0,0.18,-0.5,,,雨,19.0,23.0,2.0,東,1.0,https://boatraceraid.jp/exhibition/?opdt=2026-09-06&rcoursecd=01&rno=03
20260906,桐生,3,3,4033,伊藤 将吉,A2,6.74,19.02,4.52,7.72,3.0,0.05,-0.5,,,雨,19.0,23.0,2.0,東,1.0,https://boatraceraid.jp/exhibition/?opdt=2026-09-06&rcoursecd=01&rno=03
20260906,桐生,3,4,4538,笠置 博之,A1,6.73,18.74,4.57,7.63,4.0,-0.02,-0.5,,,雨,19.0,23.0,2.0,東,1.0,https://boatraceraid.jp/exhibition/?opdt=2026-09-06&rcoursecd=01&rno=03
20260906,桐生,3,5,5070,中島 航,B1,6.9,18.78,4.58,7.81,5.0,0.0,-0.5,,,雨,19.0,23.0,2.0,東,1.0,https://boatraceraid.jp/exhibition/?opdt=2026-09-06&rcoursecd=01&rno=03
20260906,桐生,3,6,4161,黒柳 浩孝,B1,6.89,18.86,4.53,7.87,6.0,-0.14,0.0,,,雨,19.0,23.0,2.0,東,1.0,https://boatraceraid.jp/exhibition/?opdt=2026-09-06&rcoursecd=01&rno=03
20260906,桐生,4,1,3277,齋藤 勇,B1,6.7,18.63,4.64,7.62,1.0,0.16,-0.5,,,雨,19.0,23.0,2.0,西,1.0,https://boatraceraid.jp/exhibition/?opdt=2026-09-06&rcoursecd=01&rno=04
20260906,桐生,4,2,4040,廣瀬 将亨,A2,6.72,18.46,4.38,7.66,2.0,0.18,-0.5,,,雨,19.0,23.0,2.0,西,1.0,https://boatraceraid.jp/exhibition/?opdt=2026-09-06&rcoursecd=01&rno=04
20260906,桐生,4,3,5344,谷口 丞,B1,6.91,18.66,4.46,7.7,3.0,-0.01,-0.5,,,雨,19.0,23.0,2.0,西,1.0,https://boatraceraid.jp/exhibition/?opdt=2026-09-06&rcoursecd=01&rno=04
20260906,桐生,4,4,4028,田村 隆信,A1,6.73,18.66,4.46,7.85,4.0,0.03,-0.5,,,雨,19.0,23.0,2.0,西,1.0,https://boatraceraid.jp/exhibition/?opdt=2026-09-06&rcoursecd=01&rno=04
20260906,桐生,4,5,4195,前川 守嗣,B1,6.78,18.91,4.62,7.77,5.0,-0.04,-0.5,,,雨,19.0,23.0,2.0,西,1.0,https://boatraceraid.jp/exhibition/?opdt=2026-09-06&rcoursecd=01&rno=04
20260906,桐生,4,6,4919,吉田 翔悟,B1,6.9,18.39,4.56,7.67,6.0,0.07,-0.5,,,雨,19.0,23.0,2.0,西,1.0,https://boatraceraid.jp/exhibition/?opdt=2026-09-06&rcoursecd=01&rno=04
20260906,桐生,5,1,5048,眞鳥 康太,B1,6.76,18.52,4.59,7.66,1.0,-0.01,-0.5,,,雨,19.0,23.0,1.0,南東,1.0,https://boatraceraid.jp/exhibition/?opdt=2026-09-06&rcoursecd=01&rno=05
20260906,桐生,5,2,5012,加倉 侑征,B1,6.86,18.54,4.77,7.55,2.0,0.04,0.0,,,雨,19.0,23.0,1.0,南東,1.0,https://boatraceraid.jp/exhibition/?opdt=2026-09-06&rcoursecd=01&rno=05
20260906,桐生,5,3,4027,松江 秀徳,A2,6.75,18.74,4.8,7.68,3.0,0.09,-0.5,,,雨,19.0,23.0,1.0,南東,1.0,https://boatraceraid.jp/exhibition/?opdt=2026-09-06&rcoursecd=01&rno=05
20260906,桐生,5,4,4019,笠原 亮,A1,6.73,18.54,4.59,7.66,4.0,0.03,0.0,,,雨,19.0,23.0,1.0,南東,1.0,https://boatraceraid.jp/exhibition/?opdt=2026-09-06&rcoursecd=01&rno=05
20260906,桐生,5,5,3867,松浦 勝,B1,6.71,18.79,4.5,7.69,5.0,0.11,-0.5,,,雨,19.0,23.0,1.0,南東,1.0,https://boatraceraid.jp/exhibition/?opdt=2026-09-06&rcoursecd=01&rno=05
20260906,桐生,5,6,5181,森 智哉,B1,6.74,18.54,4.53,7.81,6.0,0.23,-0.5,,,雨,19.0,23.0,1.0,南東,1.0,https://boatraceraid.jp/exhibition/?opdt=2026-09-06&rcoursecd=01&rno=05
20260906,桐生,6,1,4025,山本 隆幸,A1,6.72,18.24,4.51,7.57,1.0,0.15,-0.5,,,雨,19.0,23.0,0.0,西南西,0.0,https://boatraceraid.jp/exhibition/?opdt=2026-09-06&rcoursecd=01&rno=06
20260906,桐生,6,2,3202,三品 隆浩,B1,6.86,18.62,4.66,7.7,2.0,0.18,-0.5,,,雨,19.0,23.0,0.0,西南西,0.0,https://boatraceraid.jp/exhibition/?opdt=2026-09-06&rcoursecd=01&rno=06
20260906,桐生,6,3,4440,萩原 知哉,B1,6.74,19.03,4.66,7.62,3.0,0.09,-0.5,,,雨,19.0,23.0,0.0,西南西,0.0,https://boatraceraid.jp/exhibition/?opdt=2026-09-06&rcoursecd=01&rno=06
20260906,桐生,6,4,3653,品川 賢次,B2,6.93,18.7,4.7,7.7,4.0,0.17,-0.5,,,雨,19.0,23.0,0.0,西南西,0.0,https://boatraceraid.jp/exhibition/?opdt=2026-09-06&rcoursecd=01&rno=06
20260906,桐生,6,5,3305,小野 信樹,B1,6.93,18.86,4.7,7.66,5.0,0.12,-0.5,,,雨,19.0,23.0,0.0,西南西,0.0,https://boatraceraid.jp/exhibition/?opdt=2026-09-06&rcoursecd=01&rno=06
20260906,桐生,6,6,5122,相馬 翔,B1,6.71,18.88,4.62,7.59,6.0,0.04,-0.5,,,雨,19.0,23.0,0.0,西南西,0.0,https://boatraceraid.jp/exhibition/?opdt=2026-09-06&rcoursecd=01&rno=06
20260906,桐生,7,1,3686,鳥居塚 孝博,A2,6.84,18.9,4.7,7.48,1.0,0.13,-0.5,,,雨,19.0,23.0,0.0,西南西,0.0,https://boatraceraid.jp/exhibition/?opdt=2026-09-06&rcoursecd=01&rno=07
20260906,桐生,7,2,5107,松本 真広,B1,6.8,18.72,4.68,7.46,2.0,0.32,-0.5,,,雨,19.0,23.0,0.0,西南西,0.0,https://boatraceraid.jp/exhibition/?opdt=2026-09-06&rcoursecd=01&rno=07
20260906,桐生,7,3,4044,湯川 浩司,A1,6.71,18.62,4.51,7.47,3.0,0.12,-0.5,,,雨,19.0,23.0,0.0,西南西,0.0,https://boatraceraid.jp/exhibition/?opdt=2026-09-06&rcoursecd=01&rno=07
20260906,桐生,7,4,4181,花本 夏樹,B1,6.62,19.22,4.68,7.42,4.0,0.24,0.0,,,雨,19.0,23.0,0.0,西南西,0.0,https://boatraceraid.jp/exhibition/?opdt=2026-09-06&rcoursecd=01&rno=07
20260906,桐生,7,5,4557,松尾 光広,B1,6.68,19.17,4.82,7.48,5.0,0.07,-0.5,,,雨,19.0,23.0,0.0,西南西,0.0,https://boatraceraid.jp/exhibition/?opdt=2026-09-06&rcoursecd=01&rno=07
20260906,桐生,7,6,4380,鈴木 峻佑,B1,6.72,19.18,4.85,7.3,6.0,0.05,0.0,,,雨,19.0,23.0,0.0,西南西,0.0,https://boatraceraid.jp/exhibition/?opdt=2026-09-06&rcoursecd=01&rno=07
20260906,桐生,8,1,4118,宇佐見 淳,A2,6.75,18.78,4.71,7.47,1.0,0.08,-0.5,,,雨,19.0,23.0,0.0,西南西,0.0,https://boatraceraid.jp/exhibition/?opdt=2026-09-06&rcoursecd=01&rno=08
20260906,桐生,8,2,5070,中島 航,B1,6.81,19.02,4.88,7.48,2.0,0.06,-0.5,,,雨,19.0,23.0,0.0,西南西,0.0,https://boatraceraid.jp/exhibition/?opdt=2026-09-06&rcoursecd=01&rno=08
20260906,桐生,8,3,4919,吉田 翔悟,B1,6.91,18.93,4.7,7.5,3.0,0.08,-0.5,,,雨,19.0,23.0,0.0,西南西,0.0,https://boatraceraid.jp/exhibition/?opdt=2026-09-06&rcoursecd=01&rno=08
20260906,桐生,8,4,3743,林 美憲,A1,6.7,18.99,4.82,7.45,4.0,0.16,-0.5,,,雨,19.0,23.0,0.0,西南西,0.0,https://boatraceraid.jp/exhibition/?opdt=2026-09-06&rcoursecd=01&rno=08
20260906,桐生,8,5,3475,橋本 久和,B1,6.74,18.98,4.9,7.54,5.0,0.14,-0.5,,,雨,19.0,23.0,0.0,西南西,0.0,https://boatraceraid.jp/exhibition/?opdt=2026-09-06&rcoursecd=01&rno=08
20260906,桐生,8,6,5430,鳥本 智史,B2,6.72,18.65,4.7,7.49,6.0,0.09,-0.5,,,雨,19.0,23.0,0.0,西南西,0.0,https://boatraceraid.jp/exhibition/?opdt=2026-09-06&rcoursecd=01&rno=08
20260906,桐生,9,1,4562,阪本 勇介,B1,6.78,18.9,4.54,7.61,1.0,0.17,-0.5,,,雨,19.0,23.0,0.0,西南西,0.0,https://boatraceraid.jp/exhibition/?opdt=2026-09-06&rcoursecd=01&rno=09
20260906,桐生,9,2,3946,赤岩 善生,A1,6.87,18.78,4.6,7.5,2.0,-0.01,-0.5,,,雨,19.0,23.0,0.0,西南西,0.0,https://boatraceraid.jp/exhibition/?opdt=2026-09-06&rcoursecd=01&rno=09
20260906,桐生,9,3,4513,河野 真也,A2,6.86,19.2,4.74,7.44,3.0,0.08,-0.5,,,雨,19.0,23.0,0.0,西南西,0.0,https://boatraceraid.jp/exhibition/?opdt=2026-09-06&rcoursecd=01&rno=09
20260906,桐生,9,4,3874,山本 寛久,A2,6.81,18.78,4.77,7.35,4.0,-0.02,-0.5,,,雨,19.0,23.0,0.0,西南西,0.0,https://boatraceraid.jp/exhibition/?opdt=2026-09-06&rcoursecd=01&rno=09
20260906,桐生,9,5,4033,伊藤 将吉,A2,6.92,19.42,4.87,7.56,5.0,-0.01,-0.5,,,雨,19.0,23.0,0.0,西南西,0.0,https://boatraceraid.jp/exhibition/?opdt=2026-09-06&rcoursecd=01&rno=09
20260906,桐生,9,6,5344,谷口 丞,B1,6.74,18.42,4.71,7.42,6.0,0.27,-0.5,,,雨,19.0,23.0,0.0,西南西,0.0,https://boatraceraid.jp/exhibition/?opdt=2026-09-06&rcoursecd=01&rno=09
20260906,桐生,10,1,4992,廣瀬 篤哉,B1,6.74,18.76,4.55,7.49,1.0,0.02,-0.5,,,雨,19.0,23.0,0.0,西南西,0.0,https://boatraceraid.jp/exhibition/?opdt=2026-09-06&rcoursecd=01&rno=10
20260906,桐生,10,2,3319,山崎 義明,A2,6.65,18.58,4.35,7.39,2.0,0.18,-0.5,,,雨,19.0,23.0,0.0,西南西,0.0,https://boatraceraid.jp/exhibition/?opdt=2026-09-06&rcoursecd=01&rno=10
20260906,桐生,10,3,4028,田村 隆信,A1,6.81,18.81,4.61,7.47,3.0,0.04,-0.5,,,雨,19.0,23.0,0.0,西南西,0.0,https://boatraceraid.jp/exhibition/?opdt=2026-09-06&rcoursecd=01&rno=10
20260906,桐生,10,4,4027,松江 秀徳,A2,6.69,18.72,4.67,7.32,4.0,0.03,-0.5,,,雨,19.0,23.0,0.0,西南西,0.0,https://boatraceraid.jp/exhibition/?opdt=2026-09-06&rcoursecd=01&rno=10
20260906,桐生,10,5,5228,若林 樹蘭,A2,6.74,18.49,4.73,7.31,5.0,0.08,-0.5,,,雨,19.0,23.0,0.0,西南西,0.0,https://boatraceraid.jp/exhibition/?opdt=2026-09-06&rcoursecd=01&rno=10
20260906,桐生,10,6,4943,八木 治樹,B1,6.7,18.94,4.86,7.26,6.0,0.04,-0.5,,,雨,19.0,23.0,0.0,西南西,0.0,https://boatraceraid.jp/exhibition/?opdt=2026-09-06&rcoursecd=01&rno=10
20260906,桐生,11,1,4531,武富 智亮,A2,6.81,18.8,4.48,7.57,1.0,0.03,-0.5,,,雨,19.0,23.0,1.0,北東,1.0,https://boatraceraid.jp/exhibition/?opdt=2026-09-06&rcoursecd=01&rno=11
20260906,桐生,11,2,4025,山本 隆幸,A1,6.97,18.58,4.78,7.46,2.0,0.03,-0.5,,,雨,19.0,23.0,1.0,北東,1.0,https://boatraceraid.jp/exhibition/?opdt=2026-09-06&rcoursecd=01&rno=11
20260906,桐生,11,3,5012,加倉 侑征,B1,6.8,18.89,5.17,7.45,3.0,0.19,0.0,,,雨,19.0,23.0,1.0,北東,1.0,https://boatraceraid.jp/exhibition/?opdt=2026-09-06&rcoursecd=01&rno=11
20260906,桐生,11,4,4342,谷野 錬志,A2,6.78,18.93,5.06,7.53,4.0,0.25,-0.5,,,雨,19.0,23.0,1.0,北東,1.0,https://boatraceraid.jp/exhibition/?opdt=2026-09-06&rcoursecd=01&rno=11
20260906,桐生,11,5,4538,笠置 博之,A1,6.94,18.85,4.77,7.44,5.0,0.02,0.0,,,雨,19.0,23.0,1.0,北東,1.0,https://boatraceraid.jp/exhibition/?opdt=2026-09-06&rcoursecd=01&rno=11
20260906,桐生,11,6,3852,澤 大介,B1,6.97,18.86,4.7,7.47,6.0,0.46,-0.5,,,雨,19.0,23.0,1.0,北東,1.0,https://boatraceraid.jp/exhibition/?opdt=2026-09-06&rcoursecd=01&rno=11
20260906,桐生,12,1,4019,笠原 亮,A1,6.93,18.74,4.85,7.44,1.0,-0.05,0.0,,,雨,19.0,23.0,0.0,西南西,0.0,https://boatraceraid.jp/exhibition/?opdt=2026-09-06&rcoursecd=01&rno=12
20260906,桐生,12,2,4877,鈴谷 一平,A1,6.99,18.81,4.73,7.42,2.0,-0.02,-0.5,,,雨,19.0,23.0,0.0,西南西,0.0,https://boatraceraid.jp/exhibition/?opdt=2026-09-06&rcoursecd=01&rno=12
20260906,桐生,12,3,4118,宇佐見 淳,A2,6.81,18.53,4.54,7.48,3.0,0.02,-0.5,,,雨,19.0,23.0,0.0,西南西,0.0,https://boatraceraid.jp/exhibition/?opdt=2026-09-06&rcoursecd=01&rno=12
20260906,桐生,12,4,5107,松本 真広,B1,6.79,18.8,4.63,7.53,4.0,0.12,-0.5,,,雨,19.0,23.0,0.0,西南西,0.0,https://boatraceraid.jp/exhibition/?opdt=2026-09-06&rcoursecd=01&rno=12
20260906,桐生,12,5,3681,山谷 央,B1,6.81,18.78,5.16,7.4,5.0,-0.03,-0.5,,,雨,19.0,23.0,0.0,西南西,0.0,https://boatraceraid.jp/exhibition/?opdt=2026-09-06&rcoursecd=01&rno=12
20260906,桐生,12,6,4040,廣瀬 将亨,A2,6.93,18.65,4.78,7.4,6.0,0.03,-0.5,,,雨,19.0,23.0,0.0,西南西,0.0,https://boatraceraid.jp/exhibition/?opdt=2026-09-06&rcoursecd=01&rno=12
20260907,桐生,1,1,5070,中島 航,B1,6.81,18.72,4.89,7.54,1.0,0.0,-0.5,,,曇り,24.0,23.0,3.0,東,2.0,https://boatraceraid.jp/exhibition/?opdt=2026-09-07&rcoursecd=01&rno=01
20260907,桐生,1,2,4557,松尾 光広,B1,6.76,18.6,4.58,7.58,2.0,0.07,-0.5,,,曇り,24.0,23.0,3.0,東,2.0,https://boatraceraid.jp/exhibition/?opdt=2026-09-07&rcoursecd=01&rno=01
20260907,桐生,1,3,4562,阪本 勇介,B1,6.84,18.58,4.56,7.72,3.0,0.45,-0.5,,,曇り,24.0,23.0,3.0,東,2.0,https://boatraceraid.jp/exhibition/?opdt=2026-09-07&rcoursecd=01&rno=01
20260907,桐生,1,4,4025,山本 隆幸,A1,6.82,18.5,4.72,7.62,4.0,0.19,-0.5,,,曇り,24.0,23.0,3.0,東,2.0,https://boatraceraid.jp/exhibition/?opdt=2026-09-07&rcoursecd=01&rno=01
20260907,桐生,1,5,4195,前川 守嗣,B1,6.73,18.68,5.18,7.65,5.0,0.15,-0.5,,,曇り,24.0,23.0,3.0,東,2.0,https://boatraceraid.jp/exhibition/?opdt=2026-09-07&rcoursecd=01&rno=01
20260907,桐生,1,6,3653,品川 賢次,B2,6.92,18.66,4.9,7.58,6.0,0.09,-0.5,,,曇り,24.0,23.0,3.0,東,2.0,https://boatraceraid.jp/exhibition/?opdt=2026-09-07&rcoursecd=01&rno=01
20260907,桐生,2,1,5012,加倉 侑征,B1,6.78,18.88,4.89,7.55,1.0,0.05,0.0,,,曇り,24.0,23.0,3.0,東,2.0,https://boatraceraid.jp/exhibition/?opdt=2026-09-07&rcoursecd=01&rno=02
20260907,桐生,2,2,4380,鈴木 峻佑,B1,6.78,18.98,4.86,7.61,2.0,-0.02,0.0,,,曇り,24.0,23.0,3.0,東,2.0,https://boatraceraid.jp/exhibition/?opdt=2026-09-07&rcoursecd=01&rno=02
20260907,桐生,2,3,5122,相馬 翔,B1,6.88,19.06,4.9,7.62,3.0,0.05,-0.5,,,曇り,24.0,23.0,3.0,東,2.0,https://boatraceraid.jp/exhibition/?opdt=2026-09-07&rcoursecd=01&rno=02
20260907,桐生,2,4,4943,八木 治樹,B1,6.9,18.81,4.88,7.63,4.0,0.15,-0.5,,,曇り,24.0,23.0,3.0,東,2.0,https://boatraceraid.jp/exhibition/?opdt=2026-09-07&rcoursecd=01&rno=02
20260907,桐生,2,5,3874,山本 寛久,A2,6.72,18.62,4.62,7.57,5.0,0.05,-0.5,,,曇り,24.0,23.0,3.0,東,2.0,https://boatraceraid.jp/exhibition/?opdt=2026-09-07&rcoursecd=01&rno=02
20260907,桐生,2,6,4019,笠原 亮,A1,6.68,18.56,4.82,7.54,6.0,0.03,-0.5,,,曇り,24.0,23.0,3.0,東,2.0,https://boatraceraid.jp/exhibition/?opdt=2026-09-07&rcoursecd=01&rno=02
20260907,桐生,3,1,5107,松本 真広,B1,6.85,18.64,4.62,7.58,1.0,0.23,-0.5,,,曇り,23.0,23.0,3.0,東,2.0,https://boatraceraid.jp/exhibition/?opdt=2026-09-07&rcoursecd=01&rno=03
20260907,桐生,3,2,3852,澤 大介,B1,6.69,18.74,4.58,7.58,2.0,0.01,-0.5,,,曇り,23.0,23.0,3.0,東,2.0,https://boatraceraid.jp/exhibition/?opdt=2026-09-07&rcoursecd=01&rno=03
20260907,桐生,3,3,3743,林 美憲,A1,6.73,18.91,4.81,7.78,3.0,0.14,-0.5,,,曇り,23.0,23.0,3.0,東,2.0,https://boatraceraid.jp/exhibition/?opdt=2026-09-07&rcoursecd=01&rno=03
20260907,桐生,3,4,3686,鳥居塚 孝博,A2,6.81,18.78,4.8,7.66,4.0,0.19,-0.5,,,曇り,23.0,23.0,3.0,東,2.0,https://boatraceraid.jp/exhibition/?opdt=2026-09-07&rcoursecd=01&rno=03
20260907,桐生,3,5,5181,森 智哉,B1,6.86,18.76,4.58,7.71,5.0,0.16,-0.5,,,曇り,23.0,23.0,3.0,東,2.0,https://boatraceraid.jp/exhibition/?opdt=2026-09-07&rcoursecd=01&rno=03
20260907,桐生,3,6,5048,眞鳥 康太,B1,6.89,18.72,4.96,7.66,6.0,0.26,1.0,,,曇り,23.0,23.0,3.0,東,2.0,https://boatraceraid.jp/exhibition/?opdt=2026-09-07&rcoursecd=01&rno=03
20260907,桐生,4,1,4919,吉田 翔悟,B1,6.69,18.49,4.55,7.54,1.0,0.14,-0.5,,,曇り,23.0,23.0,4.0,東,3.0,https://boatraceraid.jp/exhibition/?opdt=2026-09-07&rcoursecd=01&rno=04
20260907,桐生,4,2,3946,赤岩 善生,A1,6.69,18.7,4.5,7.66,2.0,0.06,-0.5,,,曇り,23.0,23.0,4.0,東,3.0,https://boatraceraid.jp/exhibition/?opdt=2026-09-07&rcoursecd=01&rno=04
20260907,桐生,4,3,4161,黒柳 浩孝,B1,6.76,18.69,4.68,7.62,3.0,0.21,-0.5,,,曇り,23.0,23.0,4.0,東,3.0,https://boatraceraid.jp/exhibition/?opdt=2026-09-07&rcoursecd=01&rno=04
20260907,桐生,4,4,3202,三品 隆浩,B1,6.83,18.66,4.71,7.51,4.0,0.01,0.0,,,曇り,23.0,23.0,4.0,東,3.0,https://boatraceraid.jp/exhibition/?opdt=2026-09-07&rcoursecd=01&rno=04
20260907,桐生,4,5,4513,河野 真也,A2,6.87,18.88,4.73,7.58,5.0,-0.01,-0.5,,,曇り,23.0,23.0,4.0,東,3.0,https://boatraceraid.jp/exhibition/?opdt=2026-09-07&rcoursecd=01&rno=04
20260907,桐生,4,6,4232,笠 雅雄,B1,6.81,18.73,4.69,7.66,6.0,-0.05,0.0,,,曇り,23.0,23.0,4.0,東,3.0,https://boatraceraid.jp/exhibition/?opdt=2026-09-07&rcoursecd=01&rno=04
20260907,桐生,5,1,5344,谷口 丞,B1,6.67,18.83,4.58,7.71,1.0,0.04,-0.5,,,曇り,23.0,23.0,3.0,東,2.0,https://boatraceraid.jp/exhibition/?opdt=2026-09-07&rcoursecd=01&rno=05
20260907,桐生,5,2,3681,山谷 央,B1,6.78,18.73,5.28,7.73,2.0,0.12,-0.5,,,曇り,23.0,23.0,3.0,東,2.0,https://boatraceraid.jp/exhibition/?opdt=2026-09-07&rcoursecd=01&rno=05
20260907,桐生,5,3,3305,小野 信樹,B1,6.75,18.94,4.79,7.89,3.0,0.11,-0.5,,,曇り,23.0,23.0,3.0,東,2.0,https://boatraceraid.jp/exhibition/?opdt=2026-09-07&rcoursecd=01&rno=05
20260907,桐生,5,4,4044,湯川 浩司,A1,6.72,18.53,4.5,7.63,4.0,0.11,-0.5,,,曇り,23.0,23.0,3.0,東,2.0,https://boatraceraid.jp/exhibition/?opdt=2026-09-07&rcoursecd=01&rno=05
20260907,桐生,5,5,4118,宇佐見 淳,A2,6.82,18.7,4.61,7.64,5.0,0.16,-0.5,,,曇り,23.0,23.0,3.0,東,2.0,https://boatraceraid.jp/exhibition/?opdt=2026-09-07&rcoursecd=01&rno=05
20260907,桐生,5,6,4562,阪本 勇介,B1,6.83,18.78,4.86,7.71,6.0,0.2,0.0,,,曇り,23.0,23.0,3.0,東,2.0,https://boatraceraid.jp/exhibition/?opdt=2026-09-07&rcoursecd=01&rno=05
20260907,桐生,6,1,4538,笠置 博之,A1,6.86,18.69,4.83,7.67,1.0,0.02,-0.5,,,雨,23.0,23.0,2.0,東,1.0,https://boatraceraid.jp/exhibition/?opdt=2026-09-07&rcoursecd=01&rno=06
20260907,桐生,6,2,4992,廣瀬 篤哉,B1,6.86,18.85,4.7,7.84,2.0,0.05,-0.5,,,雨,23.0,23.0,2.0,東,1.0,https://boatraceraid.jp/exhibition/?opdt=2026-09-07&rcoursecd=01&rno=06
20260907,桐生,6,3,3867,松浦 勝,B1,6.91,18.81,4.81,7.84,3.0,0.09,-0.5,,,雨,23.0,23.0,2.0,東,1.0,https://boatraceraid.jp/exhibition/?opdt=2026-09-07&rcoursecd=01&rno=06
20260907,桐生,6,4,5122,相馬 翔,B1,6.82,18.73,4.89,7.75,4.0,0.05,-0.5,,,雨,23.0,23.0,2.0,東,1.0,https://boatraceraid.jp/exhibition/?opdt=2026-09-07&rcoursecd=01&rno=06
20260907,桐生,6,5,3475,橋本 久和,B1,6.75,18.62,4.69,7.77,5.0,0.07,0.0,,,雨,23.0,23.0,2.0,東,1.0,https://boatraceraid.jp/exhibition/?opdt=2026-09-07&rcoursecd=01&rno=06
20260907,桐生,6,6,5430,鳥本 智史,B2,6.93,18.47,4.81,7.74,6.0,0.13,-0.5,,,雨,23.0,23.0,2.0,東,1.0,https://boatraceraid.jp/exhibition/?opdt=2026-09-07&rcoursecd=01&rno=06
20260907,桐生,7,1,3319,山崎 義明,A2,6.8,18.63,4.64,7.7,1.0,0.06,-0.5,,,曇り,22.0,23.0,2.0,東,1.0,https://boatraceraid.jp/exhibition/?opdt=2026-09-07&rcoursecd=01&rno=07
20260907,桐生,7,2,3653,品川 賢次,B2,6.82,19.01,4.9,7.52,2.0,0.12,-0.5,,,曇り,22.0,23.0,2.0,東,1.0,https://boatraceraid.jp/exhibition/?opdt=2026-09-07&rcoursecd=01&rno=07
20260907,桐生,7,3,4877,鈴谷 一平,A1,6.88,19.1,4.84,7.64,3.0,0.13,-0.5,,,曇り,22.0,23.0,2.0,東,1.0,https://boatraceraid.jp/exhibition/?opdt=2026-09-07&rcoursecd=01&rno=07
20260907,桐生,7,4,3277,齋藤 勇,B1,6.82,19.18,4.91,7.88,4.0,0.14,-0.5,,,曇り,22.0,23.0,2.0,東,1.0,https://boatraceraid.jp/exhibition/?opdt=2026-09-07&rcoursecd=01&rno=07
20260907,桐生,7,5,4181,花本 夏樹,B1,6.83,19.21,4.9,7.8,5.0,0.31,-0.5,,,曇り,22.0,23.0,2.0,東,1.0,https://boatraceraid.jp/exhibition/?opdt=2026-09-07&rcoursecd=01&rno=07
20260907,桐生,7,6,5181,森 智哉,B1,6.99,18.82,4.73,7.66,6.0,0.04,-0.5,,,曇り,22.0,23.0,2.0,東,1.0,https://boatraceraid.jp/exhibition/?opdt=2026-09-07&rcoursecd=01&rno=07
20260907,桐生,8,1,4027,松江 秀徳,A2,6.78,18.62,4.82,7.62,1.0,-0.01,-0.5,,,雨,22.0,23.0,2.0,東,1.0,https://boatraceraid.jp/exhibition/?opdt=2026-09-07&rcoursecd=01&rno=08
20260907,桐生,8,2,4440,萩原 知哉,B1,6.71,19.19,4.78,7.73,2.0,0.27,-0.5,,,雨,22.0,23.0,2.0,東,1.0,https://boatraceraid.jp/exhibition/?opdt=2026-09-07&rcoursecd=01&rno=08
20260907,桐生,8,3,5107,松本 真広,B1,6.8,19.03,4.93,7.61,3.0,0.19,-0.5,,,雨,22.0,23.0,2.0,東,1.0,https://boatraceraid.jp/exhibition/?opdt=2026-09-07&rcoursecd=01&rno=08
20260907,桐生,8,4,4161,黒柳 浩孝,B1,6.72,19.16,4.74,7.63,4.0,0.06,-0.5,,,雨,22.0,23.0,2.0,東,1.0,https://boatraceraid.jp/exhibition/?opdt=2026-09-07&rcoursecd=01&rno=08
20260907,桐生,8,5,4019,笠原 亮,A1,6.85,18.93,4.91,7.63,5.0,-0.12,0.0,,,雨,22.0,23.0,2.0,東,1.0,https://boatraceraid.jp/exhibition/?opdt=2026-09-07&rcoursecd=01&rno=08
20260907,桐生,8,6,4195,前川 守嗣,B1,6.84,18.89,5.3,7.64,6.0,0.11,0.0,,,雨,22.0,23.0,2.0,東,1.0,https://boatraceraid.jp/exhibition/?opdt=2026-09-07&rcoursecd=01&rno=08
20260907,桐生,9,1,4232,笠 雅雄,B1,6.74,18.7,4.82,7.59,1.0,0.11,0.0,,,雨,22.0,23.0,2.0,南東,1.0,https://boatraceraid.jp/exhibition/?opdt=2026-09-07&rcoursecd=01&rno=09
20260907,桐生,9,2,3686,鳥居塚 孝博,A2,6.84,18.82,4.71,7.47,2.0,0.19,-0.5,,,雨,22.0,23.0,2.0,南東,1.0,https://boatraceraid.jp/exhibition/?opdt=2026-09-07&rcoursecd=01&rno=09
20260907,桐生,9,3,4025,山本 隆幸,A1,6.77,18.8,4.68,7.5,3.0,0.07,-0.5,,,雨,22.0,23.0,2.0,南東,1.0,https://boatraceraid.jp/exhibition/?opdt=2026-09-07&rcoursecd=01&rno=09
20260907,桐生,9,4,5012,加倉 侑征,B1,6.86,18.89,4.96,7.46,4.0,0.29,0.0,,,雨,22.0,23.0,2.0,南東,1.0,https://boatraceraid.jp/exhibition/?opdt=2026-09-07&rcoursecd=01&rno=09
20260907,桐生,9,5,4033,伊藤 将吉,A2,6.67,19.46,4.95,7.63,5.0,0.12,-0.5,,,雨,22.0,23.0,2.0,南東,1.0,https://boatraceraid.jp/exhibition/?opdt=2026-09-07&rcoursecd=01&rno=09
20260907,桐生,9,6,3681,山谷 央,B1,6.91,19.09,5.03,7.62,6.0,0.13,-0.5,,,雨,22.0,23.0,2.0,南東,1.0,https://boatraceraid.jp/exhibition/?opdt=2026-09-07&rcoursecd=01&rno=09
20260907,桐生,10,1,5228,若林 樹蘭,A2,6.76,18.9,4.52,7.7,1.0,0.09,-0.5,,,雨,22.0,23.0,1.0,南東,1.0,https://boatraceraid.jp/exhibition/?opdt=2026-09-07&rcoursecd=01&rno=10
20260907,桐生,10,2,3946,赤岩 善生,A1,6.77,18.67,4.71,7.5,2.0,0.11,-0.5,,,雨,22.0,23.0,1.0,南東,1.0,https://boatraceraid.jp/exhibition/?opdt=2026-09-07&rcoursecd=01&rno=10
20260907,桐生,10,3,4040,廣瀬 将亨,A2,6.87,18.72,4.51,7.66,3.0,0.36,-0.5,,,雨,22.0,23.0,1.0,南東,1.0,https://boatraceraid.jp/exhibition/?opdt=2026-09-07&rcoursecd=01&rno=10
20260907,桐生,10,4,3852,澤 大介,B1,6.69,19.08,4.82,7.61,4.0,0.23,-0.5,,,雨,22.0,23.0,1.0,南東,1.0,https://boatraceraid.jp/exhibition/?opdt=2026-09-07&rcoursecd=01&rno=10
20260907,桐生,10,5,4943,八木 治樹,B1,6.89,19.22,4.72,7.56,5.0,0.23,-0.5,,,雨,22.0,23.0,1.0,南東,1.0,https://boatraceraid.jp/exhibition/?opdt=2026-09-07&rcoursecd=01&rno=10
20260907,桐生,10,6,4531,武富 智亮,A2,6.92,19.05,4.74,7.66,6.0,0.21,0.0,,,雨,22.0,23.0,1.0,南東,1.0,https://boatraceraid.jp/exhibition/?opdt=2026-09-07&rcoursecd=01&rno=10
20260907,桐生,11,1,4028,田村 隆信,A1,6.88,18.76,4.51,7.7,1.0,-0.08,-0.5,,,雨,22.0,23.0,2.0,南東,1.0,https://boatraceraid.jp/exhibition/?opdt=2026-09-07&rcoursecd=01&rno=11
20260907,桐生,11,2,3874,山本 寛久,A2,6.81,18.73,4.54,7.55,2.0,-0.09,-0.5,,,雨,22.0,23.0,2.0,南東,1.0,https://boatraceraid.jp/exhibition/?opdt=2026-09-07&rcoursecd=01&rno=11
20260907,桐生,11,3,4342,谷野 錬志,A2,6.89,18.97,5.04,7.62,3.0,0.12,-0.5,,,雨,22.0,23.0,2.0,南東,1.0,https://boatraceraid.jp/exhibition/?opdt=2026-09-07&rcoursecd=01&rno=11
20260907,桐生,11,4,4118,宇佐見 淳,A2,6.87,18.98,4.71,7.58,4.0,-0.06,-0.5,,,雨,22.0,23.0,2.0,南東,1.0,https://boatraceraid.jp/exhibition/?opdt=2026-09-07&rcoursecd=01&rno=11
20260907,桐生,11,5,3277,齋藤 勇,B1,6.84,19.42,4.85,7.53,5.0,-0.05,-0.5,,,雨,22.0,23.0,2.0,南東,1.0,https://boatraceraid.jp/exhibition/?opdt=2026-09-07&rcoursecd=01&rno=11
20260907,桐生,11,6,5048,眞鳥 康太,B1,6.86,18.9,4.7,7.65,6.0,0.07,1.0,,,雨,22.0,23.0,2.0,南東,1.0,https://boatraceraid.jp/exhibition/?opdt=2026-09-07&rcoursecd=01&rno=11
20260907,桐生,12,1,4044,湯川 浩司,A1,6.78,18.87,4.74,7.61,1.0,0.08,-0.5,,,曇り,22.0,23.0,2.0,南東,1.0,https://boatraceraid.jp/exhibition/?opdt=2026-09-07&rcoursecd=01&rno=12
20260907,桐生,12,2,3743,林 美憲,A1,6.74,19.16,4.9,7.74,2.0,0.04,-0.5,,,曇り,22.0,23.0,2.0,南東,1.0,https://boatraceraid.jp/exhibition/?opdt=2026-09-07&rcoursecd=01&rno=12
20260907,桐生,12,3,4513,河野 真也,A2,6.88,19.02,4.81,7.8,3.0,0.07,-0.5,,,曇り,22.0,23.0,2.0,南東,1.0,https://boatraceraid.jp/exhibition/?opdt=2026-09-07&rcoursecd=01&rno=12
20260907,桐生,12,4,3319,山崎 義明,A2,6.69,18.86,4.7,7.81,4.0,0.14,-0.5,,,曇り,22.0,23.0,2.0,南東,1.0,https://boatraceraid.jp/exhibition/?opdt=2026-09-07&rcoursecd=01&rno=12
20260907,桐生,12,5,4992,廣瀬 篤哉,B1,6.9,19.1,4.77,7.72,5.0,-0.02,-0.5,,,曇り,22.0,23.0,2.0,南東,1.0,https://boatraceraid.jp/exhibition/?opdt=2026-09-07&rcoursecd=01&rno=12
20260907,桐生,12,6,4440,萩原 知哉,B1,6.87,19.33,4.8,7.76,6.0,-0.02,-0.5,,,曇り,22.0,23.0,2.0,南東,1.0,https://boatraceraid.jp/exhibition/?opdt=2026-09-07&rcoursecd=01&rno=12
20260908,桐生,1,1,4181,花本 夏樹,B1,6.81,18.59,4.53,7.75,1.0,-0.01,-0.5,,,曇り,25.0,23.0,3.0,東,2.0,https://boatraceraid.jp/exhibition/?opdt=2026-09-08&rcoursecd=01&rno=01
20260908,桐生,1,2,4033,伊藤 将吉,A2,6.84,18.61,4.7,7.66,2.0,-0.02,-0.5,,,曇り,25.0,23.0,3.0,東,2.0,https://boatraceraid.jp/exhibition/?opdt=2026-09-08&rcoursecd=01&rno=01
20260908,桐生,1,3,3475,橋本 久和,B1,6.81,18.48,4.7,7.66,3.0,0.09,0.0,,,曇り,25.0,23.0,3.0,東,2.0,https://boatraceraid.jp/exhibition/?opdt=2026-09-08&rcoursecd=01&rno=01
20260908,桐生,1,4,3305,小野 信樹,B1,6.92,18.81,4.67,7.71,4.0,0.04,-0.5,,,曇り,25.0,23.0,3.0,東,2.0,https://boatraceraid.jp/exhibition/?opdt=2026-09-08&rcoursecd=01&rno=01
20260908,桐生,1,5,4040,廣瀬 将亨,A2,6.78,18.43,4.72,7.63,5.0,-0.09,-0.5,,,曇り,25.0,23.0,3.0,東,2.0,https://boatraceraid.jp/exhibition/?opdt=2026-09-08&rcoursecd=01&rno=01
20260908,桐生,1,6,3202,三品 隆浩,B1,6.89,18.51,4.64,7.75,6.0,-0.02,0.0,,,曇り,25.0,23.0,3.0,東,2.0,https://boatraceraid.jp/exhibition/?opdt=2026-09-08&rcoursecd=01&rno=01
20260908,桐生,2,1,4943,八木 治樹,B1,6.78,18.39,4.6,7.66,1.0,0.0,-0.5,,,曇り,25.0,23.0,3.0,東,2.0,https://boatraceraid.jp/exhibition/?opdt=2026-09-08&rcoursecd=01&rno=02
20260908,桐生,2,2,3743,林 美憲,A1,6.81,18.67,4.6,7.74,2.0,-0.03,-0.5,,,曇り,25.0,23.0,3.0,東,2.0,https://boatraceraid.jp/exhibition/?opdt=2026-09-08&rcoursecd=01&rno=02
20260908,桐生,2,3,3681,山谷 央,B1,6.82,18.5,4.62,7.78,3.0,0.08,-0.5,,,曇り,25.0,23.0,3.0,東,2.0,https://boatraceraid.jp/exhibition/?opdt=2026-09-08&rcoursecd=01&rno=02
20260908,桐生,2,4,5228,若林 樹蘭,A2,6.93,18.55,4.5,7.7,4.0,0.04,-0.5,,,曇り,25.0,23.0,3.0,東,2.0,https://boatraceraid.jp/exhibition/?opdt=2026-09-08&rcoursecd=01&rno=02
20260908,桐生,2,5,4919,吉田 翔悟,B1,6.97,18.52,4.46,7.7,5.0,0.2,-0.5,,,曇り,25.0,23.0,3.0,東,2.0,https://boatraceraid.jp/exhibition/?opdt=2026-09-08&rcoursecd=01&rno=02
20260908,桐生,2,6,3867,松浦 勝,B1,6.95,18.9,4.71,7.9,6.0,0.14,-0.5,,,曇り,25.0,23.0,3.0,東,2.0,https://boatraceraid.jp/exhibition/?opdt=2026-09-08&rcoursecd=01&rno=02
20260908,桐生,3,1,4380,鈴木 峻佑,B1,6.84,18.79,4.6,7.76,1.0,-0.03,-0.5,,,曇り,25.0,23.0,2.0,北東,1.0,https://boatraceraid.jp/exhibition/?opdt=2026-09-08&rcoursecd=01&rno=03
20260908,桐生,3,2,4027,松江 秀徳,A2,6.99,18.62,4.46,7.78,2.0,0.14,-0.5,,,曇り,25.0,23.0,2.0,北東,1.0,https://boatraceraid.jp/exhibition/?opdt=2026-09-08&rcoursecd=01&rno=03
20260908,桐生,3,3,4028,田村 隆信,A1,6.96,18.73,4.34,7.74,3.0,0.07,-0.5,,,曇り,25.0,23.0,2.0,北東,1.0,https://boatraceraid.jp/exhibition/?opdt=2026-09-08&rcoursecd=01&rno=03
20260908,桐生,3,4,4992,廣瀬 篤哉,B1,7.03,18.91,4.58,7.85,4.0,-0.02,-0.5,,,曇り,25.0,23.0,2.0,北東,1.0,https://boatraceraid.jp/exhibition/?opdt=2026-09-08&rcoursecd=01&rno=03
20260908,桐生,3,5,5012,加倉 侑征,B1,6.82,19.21,4.82,7.71,5.0,0.07,-0.5,,,曇り,25.0,23.0,2.0,北東,1.0,https://boatraceraid.jp/exhibition/?opdt=2026-09-08&rcoursecd=01&rno=03
20260908,桐生,3,6,3277,齋藤 勇,B1,6.85,19.37,4.9,7.73,6.0,0.01,-0.5,,,曇り,25.0,23.0,2.0,北東,1.0,https://boatraceraid.jp/exhibition/?opdt=2026-09-08&rcoursecd=01&rno=03
20260908,桐生,4,1,5181,森 智哉,B1,7.04,18.62,4.3,7.82,1.0,0.11,-0.5,,,曇り,25.0,23.0,2.0,北,1.0,https://boatraceraid.jp/exhibition/?opdt=2026-09-08&rcoursecd=01&rno=04
20260908,桐生,4,2,4019,笠原 亮,A1,6.93,18.78,4.43,7.74,2.0,0.07,0.0,,,曇り,25.0,23.0,2.0,北,1.0,https://boatraceraid.jp/exhibition/?opdt=2026-09-08&rcoursecd=01&rno=04
20260908,桐生,4,3,3852,澤 大介,B1,7.0,18.64,4.46,7.66,3.0,0.14,-0.5,,,曇り,25.0,23.0,2.0,北,1.0,https://boatraceraid.jp/exhibition/?opdt=2026-09-08&rcoursecd=01&rno=04
20260908,桐生,4,4,4557,松尾 光広,B1,6.87,19.02,4.59,7.84,4.0,0.01,-0.5,,,曇り,25.0,23.0,2.0,北,1.0,https://boatraceraid.jp/exhibition/?opdt=2026-09-08&rcoursecd=01&rno=04
20260908,桐生,4,5,4118,宇佐見 淳,A2,6.84,18.68,4.55,7.72,5.0,0.07,-0.5,,,曇り,25.0,23.0,2.0,北,1.0,https://boatraceraid.jp/exhibition/?opdt=2026-09-08&rcoursecd=01&rno=04
20260908,桐生,4,6,5430,鳥本 智史,B2,6.91,18.34,4.59,7.74,6.0,0.24,-0.5,,,曇り,25.0,23.0,2.0,北,1.0,https://boatraceraid.jp/exhibition/?opdt=2026-09-08&rcoursecd=01&rno=04
20260908,桐生,5,1,3946,赤岩 善生,A1,6.76,18.82,4.54,7.74,1.0,0.09,-0.5,,,曇り,25.0,23.0,2.0,北東,1.0,https://boatraceraid.jp/exhibition/?opdt=2026-09-08&rcoursecd=01&rno=05
20260908,桐生,5,2,4440,萩原 知哉,B1,6.94,18.51,4.49,7.78,2.0,0.05,-0.5,,,曇り,25.0,23.0,2.0,北東,1.0,https://boatraceraid.jp/exhibition/?opdt=2026-09-08&rcoursecd=01&rno=05
20260908,桐生,5,3,4531,武富 智亮,A2,6.95,18.89,4.57,7.67,3.0,-0.01,-0.5,,,曇り,25.0,23.0,2.0,北東,1.0,https://boatraceraid.jp/exhibition/?opdt=2026-09-08&rcoursecd=01&rno=05
20260908,桐生,5,4,5048,眞鳥 康太,B1,6.89,19.09,4.6,7.84,4.0,0.11,-0.5,,,曇り,25.0,23.0,2.0,北東,1.0,https://boatraceraid.jp/exhibition/?opdt=2026-09-08&rcoursecd=01&rno=05
20260908,桐生,5,5,5344,谷口 丞,B1,6.77,18.58,4.94,7.69,5.0,-0.03,-0.5,,,曇り,25.0,23.0,2.0,北東,1.0,https://boatraceraid.jp/exhibition/?opdt=2026-09-08&rcoursecd=01&rno=05
20260908,桐生,5,6,3874,山本 寛久,A2,6.75,18.48,4.86,7.66,6.0,-0.17,-0.5,,,曇り,25.0,23.0,2.0,北東,1.0,https://boatraceraid.jp/exhibition/?opdt=2026-09-08&rcoursecd=01&rno=05
20260908,桐生,6,1,4044,湯川 浩司,A1,6.95,18.52,4.42,7.81,1.0,0.08,-0.5,,,雨,24.0,23.0,2.0,北東,1.0,https://boatraceraid.jp/exhibition/?opdt=2026-09-08&rcoursecd=01&rno=06
20260908,桐生,6,2,4919,吉田 翔悟,B1,7.03,19.22,4.4,7.76,2.0,0.1,-0.5,,,雨,24.0,23.0,2.0,北東,1.0,https://boatraceraid.jp/exhibition/?opdt=2026-09-08&rcoursecd=01&rno=06
20260908,桐生,6,3,4161,黒柳 浩孝,B1,6.94,19.16,4.46,7.82,3.0,0.04,-0.5,,,雨,24.0,23.0,2.0,北東,1.0,https://boatraceraid.jp/exhibition/?opdt=2026-09-08&rcoursecd=01&rno=06
20260908,桐生,6,4,5070,中島 航,B1,6.84,19.11,4.61,7.74,4.0,0.25,-0.5,,,雨,24.0,23.0,2.0,北東,1.0,https://boatraceraid.jp/exhibition/?opdt=2026-09-08&rcoursecd=01&rno=06
20260908,桐生,6,5,5107,松本 真広,B1,6.85,18.95,4.66,7.81,5.0,0.24,-0.5,,,雨,24.0,23.0,2.0,北東,1.0,https://boatraceraid.jp/exhibition/?opdt=2026-09-08&rcoursecd=01&rno=06
20260908,桐生,6,6,3305,小野 信樹,B1,6.98,18.95,4.66,7.82,6.0,0.32,-0.5,,,雨,24.0,23.0,2.0,北東,1.0,https://boatraceraid.jp/exhibition/?opdt=2026-09-08&rcoursecd=01&rno=06
20260908,桐生,7,1,4342,谷野 錬志,A2,6.97,18.86,4.58,7.52,1.0,-0.05,-0.5,,,雨,24.0,23.0,0.0,西南西,0.0,https://boatraceraid.jp/exhibition/?opdt=2026-09-08&rcoursecd=01&rno=07
20260908,桐生,7,2,4538,笠置 博之,A1,6.84,18.98,4.9,7.54,2.0,0.11,-0.5,,,雨,24.0,23.0,0.0,西南西,0.0,https://boatraceraid.jp/exhibition/?opdt=2026-09-08&rcoursecd=01&rno=07
20260908,桐生,7,3,3475,橋本 久和,B1,7.05,18.99,4.7,7.51,3.0,0.07,0.0,,,雨,24.0,23.0,0.0,西南西,0.0,https://boatraceraid.jp/exhibition/?opdt=2026-09-08&rcoursecd=01&rno=07
20260908,桐生,7,4,4380,鈴木 峻佑,B1,6.81,19.37,4.93,7.52,4.0,0.19,-0.5,,,雨,24.0,23.0,0.0,西南西,0.0,https://boatraceraid.jp/exhibition/?opdt=2026-09-08&rcoursecd=01&rno=07
20260908,桐生,7,5,3653,品川 賢次,B2,6.83,18.94,4.78,7.51,5.0,0.05,0.0,,,雨,24.0,23.0,0.0,西南西,0.0,https://boatraceraid.jp/exhibition/?opdt=2026-09-08&rcoursecd=01&rno=07
20260908,桐生,7,6,4232,笠 雅雄,B1,6.97,18.72,4.56,7.46,6.0,0.07,0.0,,,雨,24.0,23.0,0.0,西南西,0.0,https://boatraceraid.jp/exhibition/?opdt=2026-09-08&rcoursecd=01&rno=07
20260908,桐生,8,1,4025,山本 隆幸,A1,6.84,18.78,4.74,7.33,1.0,0.12,-0.5,,,雨,24.0,23.0,0.0,西南西,0.0,https://boatraceraid.jp/exhibition/?opdt=2026-09-08&rcoursecd=01&rno=08
20260908,桐生,8,2,3867,松浦 勝,B1,6.97,19.1,4.91,7.57,2.0,0.07,-0.5,,,雨,24.0,23.0,0.0,西南西,0.0,https://boatraceraid.jp/exhibition/?opdt=2026-09-08&rcoursecd=01&rno=08
20260908,桐生,8,3,4181,花本 夏樹,B1,6.92,19.31,4.94,7.56,3.0,-0.01,-0.5,,,雨,24.0,23.0,0.0,西南西,0.0,https://boatraceraid.jp/exhibition/?opdt=2026-09-08&rcoursecd=01&rno=08
20260908,桐生,8,4,4562,阪本 勇介,B1,6.8,18.97,4.91,7.57,4.0,0.03,-0.5,,,雨,24.0,23.0,0.0,西南西,0.0,https://boatraceraid.jp/exhibition/?opdt=2026-09-08&rcoursecd=01&rno=08
20260908,桐生,8,5,4027,松江 秀徳,A2,6.97,19.03,4.81,7.57,5.0,0.16,0.0,,,雨,24.0,23.0,0.0,西南西,0.0,https://boatraceraid.jp/exhibition/?opdt=2026-09-08&rcoursecd=01&rno=08
20260908,桐生,8,6,5430,鳥本 智史,B2,6.86,18.96,4.84,7.5,6.0,0.02,-0.5,,,雨,24.0,23.0,0.0,西南西,0.0,https://boatraceraid.jp/exhibition/?opdt=2026-09-08&rcoursecd=01&rno=08
20260908,桐生,9,1,5122,相馬 翔,B1,7.0,18.94,4.7,7.5,1.0,-0.06,-0.5,,,雨,23.0,23.0,1.0,東,1.0,https://boatraceraid.jp/exhibition/?opdt=2026-09-08&rcoursecd=01&rno=09
20260908,桐生,9,2,4195,前川 守嗣,B1,6.8,18.94,5.43,7.52,2.0,-0.01,-0.5,,,雨,23.0,23.0,1.0,東,1.0,https://boatraceraid.jp/exhibition/?opdt=2026-09-08&rcoursecd=01&rno=09
20260908,桐生,9,3,3743,林 美憲,A1,6.89,19.27,4.93,7.49,3.0,0.01,-0.5,,,雨,23.0,23.0,1.0,東,1.0,https://boatraceraid.jp/exhibition/?opdt=2026-09-08&rcoursecd=01&rno=09
20260908,桐生,9,4,3686,鳥居塚 孝博,A2,6.88,18.89,4.89,7.53,4.0,-0.05,-0.5,,,雨,23.0,23.0,1.0,東,1.0,https://boatraceraid.jp/exhibition/?opdt=2026-09-08&rcoursecd=01&rno=09
20260908,桐生,9,5,4557,松尾 光広,B1,6.96,19.23,4.94,7.59,5.0,-0.05,-0.5,,,雨,23.0,23.0,1.0,東,1.0,https://boatraceraid.jp/exhibition/?opdt=2026-09-08&rcoursecd=01&rno=09
20260908,桐生,9,6,4033,伊藤 将吉,A2,6.91,19.26,4.78,7.55,6.0,0.03,-0.5,,,雨,23.0,23.0,1.0,東,1.0,https://boatraceraid.jp/exhibition/?opdt=2026-09-08&rcoursecd=01&rno=09
20260908,桐生,10,1,4513,河野 真也,A2,6.85,18.96,4.9,7.52,1.0,0.08,-0.5,,,雨,22.0,23.0,1.0,北,1.0,https://boatraceraid.jp/exhibition/?opdt=2026-09-08&rcoursecd=01&rno=10
20260908,桐生,10,2,5344,谷口 丞,B1,6.82,19.01,4.83,7.51,2.0,-0.06,-0.5,,,雨,22.0,23.0,1.0,北,1.0,https://boatraceraid.jp/exhibition/?opdt=2026-09-08&rcoursecd=01&rno=10
20260908,桐生,10,3,5070,中島 航,B1,6.81,19.26,4.99,7.61,3.0,-0.13,-0.5,,,雨,22.0,23.0,1.0,北,1.0,https://boatraceraid.jp/exhibition/?opdt=2026-09-08&rcoursecd=01&rno=10
20260908,桐生,10,4,3202,三品 隆浩,B1,6.79,19.15,5.22,7.54,4.0,-0.04,0.0,,,雨,22.0,23.0,1.0,北,1.0,https://boatraceraid.jp/exhibition/?opdt=2026-09-08&rcoursecd=01&rno=10
20260908,桐生,10,5,4028,田村 隆信,A1,6.85,19.35,4.95,7.57,5.0,0.0,-0.5,,,雨,22.0,23.0,1.0,北,1.0,https://boatraceraid.jp/exhibition/?opdt=2026-09-08&rcoursecd=01&rno=10
20260908,桐生,10,6,3319,山崎 義明,A2,6.81,18.98,4.7,7.46,6.0,0.03,-0.5,,,雨,22.0,23.0,1.0,北,1.0,https://boatraceraid.jp/exhibition/?opdt=2026-09-08&rcoursecd=01&rno=10
20260908,桐生,11,1,4019,笠原 亮,A1,6.81,19.08,4.85,7.46,1.0,-0.01,0.0,,,雨,22.0,23.0,2.0,北,1.0,https://boatraceraid.jp/exhibition/?opdt=2026-09-08&rcoursecd=01&rno=11
20260908,桐生,11,2,4040,廣瀬 将亨,A2,6.76,19.01,4.67,7.51,2.0,0.06,-0.5,,,雨,22.0,23.0,2.0,北,1.0,https://boatraceraid.jp/exhibition/?opdt=2026-09-08&rcoursecd=01&rno=11
20260908,桐生,11,3,4531,武富 智亮,A2,6.75,19.36,4.86,7.64,3.0,0.09,-0.5,,,雨,22.0,23.0,2.0,北,1.0,https://boatraceraid.jp/exhibition/?opdt=2026-09-08&rcoursecd=01&rno=11
20260908,桐生,11,4,5012,加倉 侑征,B1,6.76,19.38,4.74,7.47,4.0,-0.05,-0.5,,,雨,22.0,23.0,2.0,北,1.0,https://boatraceraid.jp/exhibition/?opdt=2026-09-08&rcoursecd=01&rno=11
20260908,桐生,11,5,3681,山谷 央,B1,6.79,19.26,4.8,7.36,5.0,0.02,-0.5,,,雨,22.0,23.0,2.0,北,1.0,https://boatraceraid.jp/exhibition/?opdt=2026-09-08&rcoursecd=01&rno=11
20260908,桐生,11,6,4044,湯川 浩司,A1,6.88,18.89,4.86,7.62,6.0,-0.02,-0.5,,,雨,22.0,23.0,2.0,北,1.0,https://boatraceraid.jp/exhibition/?opdt=2026-09-08&rcoursecd=01&rno=11
20260908,桐生,12,1,3946,赤岩 善生,A1,6.91,18.75,4.74,7.42,1.0,0.07,-0.5,,,雨,22.0,23.0,0.0,西南西,0.0,https://boatraceraid.jp/exhibition/?opdt=2026-09-08&rcoursecd=01&rno=12
20260908,桐生,12,2,4025,山本 隆幸,A1,6.77,18.83,4.8,7.46,2.0,0.17,-0.5,,,雨,22.0,23.0,0.0,西南西,0.0,https://boatraceraid.jp/exhibition/?opdt=2026-09-08&rcoursecd=01&rno=12
20260908,桐生,12,3,4118,宇佐見 淳,A2,6.92,18.92,4.78,7.6,3.0,0.15,-0.5,,,雨,22.0,23.0,0.0,西南西,0.0,https://boatraceraid.jp/exhibition/?opdt=2026-09-08&rcoursecd=01&rno=12
20260908,桐生,12,4,3277,齋藤 勇,B1,6.83,18.97,4.71,7.63,4.0,0.11,-0.5,,,雨,22.0,23.0,0.0,西南西,0.0,https://boatraceraid.jp/exhibition/?opdt=2026-09-08&rcoursecd=01&rno=12
20260908,桐生,12,5,4232,笠 雅雄,B1,6.77,18.78,4.62,7.54,5.0,0.19,0.0,,,雨,22.0,23.0,0.0,西南西,0.0,https://boatraceraid.jp/exhibition/?opdt=2026-09-08&rcoursecd=01&rno=12
20260908,桐生,12,6,5228,若林 樹蘭,A2,6.82,18.77,4.64,7.42,6.0,0.12,-0.5,,,雨,22.0,23.0,0.0,西南西,0.0,https://boatraceraid.jp/exhibition/?opdt=2026-09-08&rcoursecd=01&rno=12
20260909,桐生,1,1,3475,橋本 久和,B1,6.86,18.63,4.6,7.7,1.0,0.09,0.0,,,雨,24.0,23.0,2.0,北西,1.0,https://boatraceraid.jp/exhibition/?opdt=2026-09-09&rcoursecd=01&rno=01
20260909,桐生,1,2,3305,小野 信樹,B1,6.85,18.66,4.47,7.88,2.0,-0.01,-0.5,,,雨,24.0,23.0,2.0,北西,1.0,https://boatraceraid.jp/exhibition/?opdt=2026-09-09&rcoursecd=01&rno=01
20260909,桐生,1,3,4380,鈴木 峻佑,B1,6.89,18.96,4.58,7.79,3.0,-0.06,-0.5,,,雨,24.0,23.0,2.0,北西,1.0,https://boatraceraid.jp/exhibition/?opdt=2026-09-09&rcoursecd=01&rno=01
20260909,桐生,1,4,3319,山崎 義明,A2,7.03,18.53,4.52,7.7,4.0,-0.03,-0.5,,,雨,24.0,23.0,2.0,北西,1.0,https://boatraceraid.jp/exhibition/?opdt=2026-09-09&rcoursecd=01&rno=01
20260909,桐生,1,5,5107,松本 真広,B1,6.98,18.74,4.58,7.82,5.0,0.11,-0.5,,,雨,24.0,23.0,2.0,北西,1.0,https://boatraceraid.jp/exhibition/?opdt=2026-09-09&rcoursecd=01&rno=01
20260909,桐生,1,6,5430,鳥本 智史,B2,6.98,18.59,4.75,7.71,6.0,-0.01,0.0,,,雨,24.0,23.0,2.0,北西,1.0,https://boatraceraid.jp/exhibition/?opdt=2026-09-09&rcoursecd=01&rno=01
20260909,桐生,2,1,4181,花本 夏樹,B1,6.91,18.94,4.53,7.68,1.0,0.09,-0.5,,,雨,24.0,23.0,2.0,北西,1.0,https://boatraceraid.jp/exhibition/?opdt=2026-09-09&rcoursecd=01&rno=02
20260909,桐生,2,2,3681,山谷 央,B1,6.84,18.61,4.54,7.7,2.0,0.08,-0.5,,,雨,24.0,23.0,2.0,北西,1.0,https://boatraceraid.jp/exhibition/?opdt=2026-09-09&rcoursecd=01&rno=02
20260909,桐生,2,3,4040,廣瀬 将亨,A2,6.99,18.63,4.49,7.67,3.0,0.13,-0.5,,,雨,24.0,23.0,2.0,北西,1.0,https://boatraceraid.jp/exhibition/?opdt=2026-09-09&rcoursecd=01&rno=02
20260909,桐生,2,4,4025,山本 隆幸,A1,6.9,18.75,4.56,7.62,4.0,0.06,-0.5,,,雨,24.0,23.0,2.0,北西,1.0,https://boatraceraid.jp/exhibition/?opdt=2026-09-09&rcoursecd=01&rno=02
20260909,桐生,2,5,5048,眞鳥 康太,B1,6.82,19.03,4.61,7.84,5.0,0.01,-0.5,,,雨,24.0,23.0,2.0,北西,1.0,https://boatraceraid.jp/exhibition/?opdt=2026-09-09&rcoursecd=01&rno=02
20260909,桐生,2,6,4557,松尾 光広,B1,6.8,19.05,4.8,7.74,6.0,0.09,-0.5,,,雨,24.0,23.0,2.0,北西,1.0,https://boatraceraid.jp/exhibition/?opdt=2026-09-09&rcoursecd=01&rno=02
20260909,桐生,3,1,3277,齋藤 勇,B1,6.86,18.46,4.53,7.62,1.0,0.04,-0.5,,,雨,23.0,23.0,2.0,北西,1.0,https://boatraceraid.jp/exhibition/?opdt=2026-09-09&rcoursecd=01&rno=03
20260909,桐生,3,2,5122,相馬 翔,B1,7.01,18.69,4.62,7.68,2.0,0.0,-0.5,,,雨,23.0,23.0,2.0,北西,1.0,https://boatraceraid.jp/exhibition/?opdt=2026-09-09&rcoursecd=01&rno=03
20260909,桐生,3,3,3874,山本 寛久,A2,6.97,18.56,4.51,7.78,3.0,0.09,-0.5,,,雨,23.0,23.0,2.0,北西,1.0,https://boatraceraid.jp/exhibition/?opdt=2026-09-09&rcoursecd=01&rno=03
20260909,桐生,3,4,4538,笠置 博之,A1,6.9,18.83,4.4,7.69,4.0,0.03,-0.5,,,雨,23.0,23.0,2.0,北西,1.0,https://boatraceraid.jp/exhibition/?opdt=2026-09-09&rcoursecd=01&rno=03
20260909,桐生,3,5,4019,笠原 亮,A1,6.82,18.66,4.87,7.7,5.0,-0.1,0.0,,,雨,23.0,23.0,2.0,北西,1.0,https://boatraceraid.jp/exhibition/?opdt=2026-09-09&rcoursecd=01&rno=03
20260909,桐生,3,6,4232,笠 雅雄,B1,6.94,18.31,4.42,7.7,6.0,-0.03,0.0,,,雨,23.0,23.0,2.0,北西,1.0,https://boatraceraid.jp/exhibition/?opdt=2026-09-09&rcoursecd=01&rno=03
20260909,桐生,4,1,4531,武富 智亮,A2,6.83,18.65,4.46,7.77,1.0,0.14,-0.5,,,曇り,23.0,23.0,2.0,北,1.0,https://boatraceraid.jp/exhibition/?opdt=2026-09-09&rcoursecd=01&rno=04
20260909,桐生,4,2,4440,萩原 知哉,B1,6.94,19.47,4.7,7.7,2.0,0.18,-0.5,,,曇り,23.0,23.0,2.0,北,1.0,https://boatraceraid.jp/exhibition/?opdt=2026-09-09&rcoursecd=01&rno=04
20260909,桐生,4,3,4118,宇佐見 淳,A2,6.88,18.77,4.92,7.57,3.0,-0.03,0.0,,,曇り,23.0,23.0,2.0,北,1.0,https://boatraceraid.jp/exhibition/?opdt=2026-09-09&rcoursecd=01&rno=04
20260909,桐生,4,4,4044,湯川 浩司,A1,6.98,18.57,4.66,7.64,4.0,-0.01,0.0,,,曇り,23.0,23.0,2.0,北,1.0,https://boatraceraid.jp/exhibition/?opdt=2026-09-09&rcoursecd=01&rno=04
20260909,桐生,4,5,4195,前川 守嗣,B1,6.97,18.97,5.23,7.97,5.0,-0.03,-0.5,,,曇り,23.0,23.0,2.0,北,1.0,https://boatraceraid.jp/exhibition/?opdt=2026-09-09&rcoursecd=01&rno=04
20260909,桐生,4,6,4342,谷野 錬志,A2,6.78,18.83,4.58,7.7,6.0,-0.01,-0.5,,,曇り,23.0,23.0,2.0,北,1.0,https://boatraceraid.jp/exhibition/?opdt=2026-09-09&rcoursecd=01&rno=04
20260909,桐生,5,1,3743,林 美憲,A1,6.92,18.45,4.49,7.74,1.0,0.05,-0.5,,,曇り,23.0,23.0,2.0,北,1.0,https://boatraceraid.jp/exhibition/?opdt=2026-09-09&rcoursecd=01&rno=05
20260909,桐生,5,2,3946,赤岩 善生,A1,6.85,18.54,4.8,7.55,2.0,-0.02,-0.5,,,曇り,23.0,23.0,2.0,北,1.0,https://boatraceraid.jp/exhibition/?opdt=2026-09-09&rcoursecd=01&rno=05
20260909,桐生,5,3,5070,中島 航,B1,6.75,19.1,4.59,7.74,3.0,0.2,-0.5,,,曇り,23.0,23.0,2.0,北,1.0,https://boatraceraid.jp/exhibition/?opdt=2026-09-09&rcoursecd=01&rno=05
20260909,桐生,5,4,4027,松江 秀徳,A2,6.83,18.5,4.58,7.68,4.0,0.04,-0.5,,,曇り,23.0,23.0,2.0,北,1.0,https://boatraceraid.jp/exhibition/?opdt=2026-09-09&rcoursecd=01&rno=05
20260909,桐生,5,5,4513,河野 真也,A2,6.92,18.68,4.5,7.64,5.0,0.22,-0.5,,,曇り,23.0,23.0,2.0,北,1.0,https://boatraceraid.jp/exhibition/?opdt=2026-09-09&rcoursecd=01&rno=05
20260909,桐生,5,6,5012,加倉 侑征,B1,6.95,18.35,4.67,7.71,6.0,0.25,-0.5,,,曇り,23.0,23.0,2.0,北,1.0,https://boatraceraid.jp/exhibition/?opdt=2026-09-09&rcoursecd=01&rno=05
20260909,桐生,6,1,4028,田村 隆信,A1,6.78,18.4,4.46,7.56,1.0,0.02,0.0,,,曇り,23.0,23.0,4.0,東,3.0,https://boatraceraid.jp/exhibition/?opdt=2026-09-09&rcoursecd=01&rno=06
20260909,桐生,6,2,3867,松浦 勝,B1,6.8,18.78,4.46,7.7,2.0,0.13,-0.5,,,曇り,23.0,23.0,4.0,東,3.0,https://boatraceraid.jp/exhibition/?opdt=2026-09-09&rcoursecd=01&rno=06
20260909,桐生,6,3,3202,三品 隆浩,B1,6.76,18.62,4.56,7.78,3.0,0.14,-0.5,,,曇り,23.0,23.0,4.0,東,3.0,https://boatraceraid.jp/exhibition/?opdt=2026-09-09&rcoursecd=01&rno=06
20260909,桐生,6,4,4562,阪本 勇介,B1,6.73,18.66,4.59,7.6,4.0,0.07,-0.5,,,曇り,23.0,23.0,4.0,東,3.0,https://boatraceraid.jp/exhibition/?opdt=2026-09-09&rcoursecd=01&rno=06
20260909,桐生,6,5,4943,八木 治樹,B1,6.7,18.7,4.6,7.62,5.0,0.18,-0.5,,,曇り,23.0,23.0,4.0,東,3.0,https://boatraceraid.jp/exhibition/?opdt=2026-09-09&rcoursecd=01&rno=06
20260909,桐生,6,6,3653,品川 賢次,B2,6.65,18.5,5.06,7.77,6.0,0.07,0.0,,,曇り,23.0,23.0,4.0,東,3.0,https://boatraceraid.jp/exhibition/?opdt=2026-09-09&rcoursecd=01&rno=06
20260909,桐生,7,1,5228,若林 樹蘭,A2,6.78,18.63,4.72,7.54,1.0,0.13,-0.5,,,曇り,22.0,23.0,5.0,東,4.0,https://boatraceraid.jp/exhibition/?opdt=2026-09-09&rcoursecd=01&rno=07
20260909,桐生,7,2,4992,廣瀬 篤哉,B1,6.75,18.87,4.71,7.5,2.0,0.12,-0.5,,,曇り,22.0,23.0,5.0,東,4.0,https://boatraceraid.jp/exhibition/?opdt=2026-09-09&rcoursecd=01&rno=07
20260909,桐生,7,3,3686,鳥居塚 孝博,A2,6.78,19.07,4.81,7.3,3.0,0.15,-0.5,,,曇り,22.0,23.0,5.0,東,4.0,https://boatraceraid.jp/exhibition/?opdt=2026-09-09&rcoursecd=01&rno=07
20260909,桐生,7,4,5107,松本 真広,B1,6.84,19.26,4.74,7.51,4.0,0.21,-0.5,,,曇り,22.0,23.0,5.0,東,4.0,https://boatraceraid.jp/exhibition/?opdt=2026-09-09&rcoursecd=01&rno=07
20260909,桐生,7,5,5122,相馬 翔,B1,6.84,19.06,4.78,7.29,5.0,0.01,-0.5,,,曇り,22.0,23.0,5.0,東,4.0,https://boatraceraid.jp/exhibition/?opdt=2026-09-09&rcoursecd=01&rno=07
20260909,桐生,7,6,5181,森 智哉,B1,6.8,18.78,4.72,7.37,6.0,0.06,-0.5,,,曇り,22.0,23.0,5.0,東,4.0,https://boatraceraid.jp/exhibition/?opdt=2026-09-09&rcoursecd=01&rno=07
20260909,桐生,8,1,4033,伊藤 将吉,A2,6.69,18.99,4.67,7.4,1.0,0.01,-0.5,,,雨,21.0,23.0,4.0,東,3.0,https://boatraceraid.jp/exhibition/?opdt=2026-09-09&rcoursecd=01&rno=08
20260909,桐生,8,2,4195,前川 守嗣,B1,6.78,18.7,5.02,7.46,2.0,0.02,-0.5,,,雨,21.0,23.0,4.0,東,3.0,https://boatraceraid.jp/exhibition/?opdt=2026-09-09&rcoursecd=01&rno=08
20260909,桐生,8,3,3852,澤 大介,B1,6.7,18.82,4.62,7.2,3.0,0.07,-0.5,,,雨,21.0,23.0,4.0,東,3.0,https://boatraceraid.jp/exhibition/?opdt=2026-09-09&rcoursecd=01&rno=08
20260909,桐生,8,4,3319,山崎 義明,A2,6.87,18.54,4.86,7.39,4.0,-0.02,-0.5,,,雨,21.0,23.0,4.0,東,3.0,https://boatraceraid.jp/exhibition/?opdt=2026-09-09&rcoursecd=01&rno=08
20260909,桐生,8,5,5344,谷口 丞,B1,6.83,18.69,4.86,7.34,5.0,-0.06,-0.5,,,雨,21.0,23.0,4.0,東,3.0,https://boatraceraid.jp/exhibition/?opdt=2026-09-09&rcoursecd=01&rno=08
20260909,桐生,8,6,4919,吉田 翔悟,B1,6.78,18.91,4.74,7.38,6.0,0.09,0.0,,,雨,21.0,23.0,4.0,東,3.0,https://boatraceraid.jp/exhibition/?opdt=2026-09-09&rcoursecd=01&rno=08
20260909,桐生,9,1,4019,笠原 亮,A1,6.82,18.85,4.77,7.28,1.0,0.05,0.0,,,雨,20.0,23.0,3.0,東,2.0,https://boatraceraid.jp/exhibition/?opdt=2026-09-09&rcoursecd=01&rno=09
20260909,桐生,9,2,4181,花本 夏樹,B1,6.71,19.14,4.97,7.38,2.0,0.11,-0.5,,,雨,20.0,23.0,3.0,東,2.0,https://boatraceraid.jp/exhibition/?opdt=2026-09-09&rcoursecd=01&rno=09
20260909,桐生,9,3,3874,山本 寛久,A2,6.79,18.56,4.94,7.43,3.0,0.2,-0.5,,,雨,20.0,23.0,3.0,東,2.0,https://boatraceraid.jp/exhibition/?opdt=2026-09-09&rcoursecd=01&rno=09
20260909,桐生,9,4,4044,湯川 浩司,A1,6.92,18.54,4.66,7.17,4.0,-0.02,0.0,,,雨,20.0,23.0,3.0,東,2.0,https://boatraceraid.jp/exhibition/?opdt=2026-09-09&rcoursecd=01&rno=09
20260909,桐生,9,5,4027,松江 秀徳,A2,6.88,19.04,4.96,7.34,5.0,-0.08,-0.5,,,雨,20.0,23.0,3.0,東,2.0,https://boatraceraid.jp/exhibition/?opdt=2026-09-09&rcoursecd=01&rno=09
20260909,桐生,9,6,3681,山谷 央,B1,6.74,18.91,4.83,7.5,6.0,-0.11,-0.5,,,雨,20.0,23.0,3.0,東,2.0,https://boatraceraid.jp/exhibition/?opdt=2026-09-09&rcoursecd=01&rno=09
20260909,桐生,10,1,3946,赤岩 善生,A1,6.8,18.47,4.61,7.45,1.0,-0.1,-0.5,,,雨,20.0,23.0,3.0,東,2.0,https://boatraceraid.jp/exhibition/?opdt=2026-09-09&rcoursecd=01&rno=10
20260909,桐生,10,2,4028,田村 隆信,A1,6.86,18.81,4.59,7.66,2.0,0.01,0.0,,,雨,20.0,23.0,3.0,東,2.0,https://boatraceraid.jp/exhibition/?opdt=2026-09-09&rcoursecd=01&rno=10
20260909,桐生,10,3,4040,廣瀬 将亨,A2,6.97,18.74,4.61,7.6,3.0,0.04,-0.5,,,雨,20.0,23.0,3.0,東,2.0,https://boatraceraid.jp/exhibition/?opdt=2026-09-09&rcoursecd=01&rno=10
20260909,桐生,10,4,3743,林 美憲,A1,6.74,18.95,4.82,7.52,4.0,0.05,-0.5,,,雨,20.0,23.0,3.0,東,2.0,https://boatraceraid.jp/exhibition/?opdt=2026-09-09&rcoursecd=01&rno=10
20260909,桐生,10,5,4531,武富 智亮,A2,6.83,18.99,4.74,7.58,5.0,0.01,-0.5,,,雨,20.0,23.0,3.0,東,2.0,https://boatraceraid.jp/exhibition/?opdt=2026-09-09&rcoursecd=01&rno=10
20260909,桐生,10,6,4232,笠 雅雄,B1,6.8,18.75,4.63,7.4,6.0,0.04,0.0,,,雨,20.0,23.0,3.0,東,2.0,https://boatraceraid.jp/exhibition/?opdt=2026-09-09&rcoursecd=01&rno=10
20260909,桐生,11,1,4342,谷野 錬志,A2,6.63,18.49,4.76,7.36,1.0,-0.01,-0.5,,,雨,19.0,23.0,3.0,南東,2.0,https://boatraceraid.jp/exhibition/?opdt=2026-09-09&rcoursecd=01&rno=11
20260909,桐生,11,2,5228,若林 樹蘭,A2,6.64,18.79,4.9,7.35,2.0,0.11,-0.5,,,雨,19.0,23.0,3.0,南東,2.0,https://boatraceraid.jp/exhibition/?opdt=2026-09-09&rcoursecd=01&rno=11
20260909,桐生,11,3,4513,河野 真也,A2,6.66,18.75,4.87,7.39,3.0,0.02,-0.5,,,雨,19.0,23.0,3.0,南東,2.0,https://boatraceraid.jp/exhibition/?opdt=2026-09-09&rcoursecd=01&rno=11
20260909,桐生,11,4,4118,宇佐見 淳,A2,6.75,18.81,4.77,7.46,4.0,-0.01,0.0,,,雨,19.0,23.0,3.0,南東,2.0,https://boatraceraid.jp/exhibition/?opdt=2026-09-09&rcoursecd=01&rno=11
20260909,桐生,11,5,4025,山本 隆幸,A1,6.74,18.58,4.66,7.33,5.0,-0.05,-0.5,,,雨,19.0,23.0,3.0,南東,2.0,https://boatraceraid.jp/exhibition/?opdt=2026-09-09&rcoursecd=01&rno=11
20260909,桐生,11,6,3277,齋藤 勇,B1,6.75,18.94,5.25,7.37,6.0,0.0,-0.5,,,雨,19.0,23.0,3.0,南東,2.0,https://boatraceraid.jp/exhibition/?opdt=2026-09-09&rcoursecd=01&rno=11
20260909,桐生,12,1,4538,笠置 博之,A1,6.86,18.78,4.85,7.39,1.0,0.06,-0.5,,,雨,19.0,23.0,4.0,南東,3.0,https://boatraceraid.jp/exhibition/?opdt=2026-09-09&rcoursecd=01&rno=12
20260909,桐生,12,2,5048,眞鳥 康太,B1,6.86,18.95,4.74,7.44,2.0,0.04,-0.5,,,雨,19.0,23.0,4.0,南東,3.0,https://boatraceraid.jp/exhibition/?opdt=2026-09-09&rcoursecd=01&rno=12
20260909,桐生,12,3,4033,伊藤 将吉,A2,6.83,18.89,4.87,7.58,3.0,0.02,-0.5,,,雨,19.0,23.0,4.0,南東,3.0,https://boatraceraid.jp/exhibition/?opdt=2026-09-09&rcoursecd=01&rno=12
20260909,桐生,12,4,5070,中島 航,B1,6.81,19.16,4.82,7.44,4.0,0.07,-0.5,,,雨,19.0,23.0,4.0,南東,3.0,https://boatraceraid.jp/exhibition/?opdt=2026-09-09&rcoursecd=01&rno=12
20260909,桐生,12,5,3686,鳥居塚 孝博,A2,6.84,18.86,4.85,7.5,5.0,0.09,-0.5,,,雨,19.0,23.0,4.0,南東,3.0,https://boatraceraid.jp/exhibition/?opdt=2026-09-09&rcoursecd=01&rno=12
20260909,桐生,12,6,4440,萩原 知哉,B1,6.96,19.34,5.2,7.66,6.0,0.16,-0.5,,,雨,19.0,23.0,4.0,南東,3.0,https://boatraceraid.jp/exhibition/?opdt=2026-09-09&rcoursecd=01&rno=12
20260910,桐生,1,1,3653,品川 賢次,B2,6.81,18.32,4.63,7.66,1.0,0.16,-0.5,,,曇り,20.0,23.0,2.0,東,1.0,https://boatraceraid.jp/exhibition/?opdt=2026-09-10&rcoursecd=01&rno=01
20260910,桐生,1,2,4919,吉田 翔悟,B1,6.67,18.26,4.66,7.51,2.0,0.18,-0.5,,,曇り,20.0,23.0,2.0,東,1.0,https://boatraceraid.jp/exhibition/?opdt=2026-09-10&rcoursecd=01&rno=01
20260910,桐生,1,3,5181,森 智哉,B1,6.73,18.38,4.5,7.65,3.0,0.25,-0.5,,,曇り,20.0,23.0,2.0,東,1.0,https://boatraceraid.jp/exhibition/?opdt=2026-09-10&rcoursecd=01&rno=01
20260910,桐生,1,4,4992,廣瀬 篤哉,B1,6.67,18.54,4.66,7.71,4.0,-0.01,-0.5,,,曇り,20.0,23.0,2.0,東,1.0,https://boatraceraid.jp/exhibition/?opdt=2026-09-10&rcoursecd=01&rno=01
20260910,桐生,1,5,3305,小野 信樹,B1,6.7,18.46,4.51,7.58,5.0,0.03,-0.5,,,曇り,20.0,23.0,2.0,東,1.0,https://boatraceraid.jp/exhibition/?opdt=2026-09-10&rcoursecd=01&rno=01
20260910,桐生,1,6,5430,鳥本 智史,B2,6.58,18.44,4.76,7.62,6.0,0.02,-0.5,,,曇り,20.0,23.0,2.0,東,1.0,https://boatraceraid.jp/exhibition/?opdt=2026-09-10&rcoursecd=01&rno=01
20260910,桐生,2,1,3681,山谷 央,B1,6.7,18.17,4.66,7.53,1.0,0.09,-0.5,,,曇り,20.0,23.0,2.0,東,1.0,https://boatraceraid.jp/exhibition/?opdt=2026-09-10&rcoursecd=01&rno=02
20260910,桐生,2,2,3475,橋本 久和,B1,6.65,18.45,4.33,7.63,2.0,0.16,-0.5,,,曇り,20.0,23.0,2.0,東,1.0,https://boatraceraid.jp/exhibition/?opdt=2026-09-10&rcoursecd=01&rno=02
20260910,桐生,2,3,3319,山崎 義明,A2,6.88,18.23,4.53,7.54,3.0,-0.04,-0.5,,,曇り,20.0,23.0,2.0,東,1.0,https://boatraceraid.jp/exhibition/?opdt=2026-09-10&rcoursecd=01&rno=02
20260910,桐生,2,4,4557,松尾 光広,B1,6.64,19.0,4.69,7.65,4.0,-0.11,-0.5,,,曇り,20.0,23.0,2.0,東,1.0,https://boatraceraid.jp/exhibition/?opdt=2026-09-10&rcoursecd=01&rno=02
20260910,桐生,2,5,3202,三品 隆浩,B1,6.75,19.01,6.18,7.54,5.0,-0.05,-0.5,,,曇り,20.0,23.0,2.0,東,1.0,https://boatraceraid.jp/exhibition/?opdt=2026-09-10&rcoursecd=01&rno=02
20260910,桐生,2,6,3867,松浦 勝,B1,6.85,18.89,4.78,7.71,6.0,0.01,-0.5,,,曇り,20.0,23.0,2.0,東,1.0,https://boatraceraid.jp/exhibition/?opdt=2026-09-10&rcoursecd=01&rno=02
20260910,桐生,3,1,4513,河野 真也,A2,6.82,18.57,4.38,7.65,1.0,-0.03,-0.5,,,曇り,20.0,23.0,1.0,南東,1.0,https://boatraceraid.jp/exhibition/?opdt=2026-09-10&rcoursecd=01&rno=03
20260910,桐生,3,2,4943,八木 治樹,B1,6.72,18.48,4.51,7.56,2.0,0.01,-0.5,,,曇り,20.0,23.0,1.0,南東,1.0,https://boatraceraid.jp/exhibition/?opdt=2026-09-10&rcoursecd=01&rno=03
20260910,桐生,3,3,4181,花本 夏樹,B1,6.81,18.84,4.63,7.61,3.0,0.01,-0.5,,,曇り,20.0,23.0,1.0,南東,1.0,https://boatraceraid.jp/exhibition/?opdt=2026-09-10&rcoursecd=01&rno=03
20260910,桐生,3,4,3852,澤 大介,B1,6.85,18.75,4.66,7.7,4.0,-0.04,-0.5,,,曇り,20.0,23.0,1.0,南東,1.0,https://boatraceraid.jp/exhibition/?opdt=2026-09-10&rcoursecd=01&rno=03
20260910,桐生,3,5,5228,若林 樹蘭,A2,6.89,18.62,4.5,7.62,5.0,0.01,-0.5,,,曇り,20.0,23.0,1.0,南東,1.0,https://boatraceraid.jp/exhibition/?opdt=2026-09-10&rcoursecd=01&rno=03
20260910,桐生,3,6,5048,眞鳥 康太,B1,6.69,18.7,4.87,7.74,6.0,-0.02,1.0,,,曇り,20.0,23.0,1.0,南東,1.0,https://boatraceraid.jp/exhibition/?opdt=2026-09-10&rcoursecd=01&rno=03
20260910,桐生,4,1,4531,武富 智亮,A2,6.8,18.69,4.3,7.6,1.0,0.06,-0.5,,,曇り,20.0,23.0,1.0,東,1.0,https://boatraceraid.jp/exhibition/?opdt=2026-09-10&rcoursecd=01&rno=04
20260910,桐生,4,2,4538,笠置 博之,A1,6.74,18.55,4.55,7.62,2.0,0.02,-0.5,,,曇り,20.0,23.0,1.0,東,1.0,https://boatraceraid.jp/exhibition/?opdt=2026-09-10&rcoursecd=01&rno=04
20260910,桐生,4,3,4195,前川 守嗣,B1,6.8,18.65,4.95,7.66,3.0,0.24,-0.5,,,曇り,20.0,23.0,1.0,東,1.0,https://boatraceraid.jp/exhibition/?opdt=2026-09-10&rcoursecd=01&rno=04
20260910,桐生,4,4,3686,鳥居塚 孝博,A2,6.93,18.38,4.51,7.53,4.0,0.32,-0.5,,,曇り,20.0,23.0,1.0,東,1.0,https://boatraceraid.jp/exhibition/?opdt=2026-09-10&rcoursecd=01&rno=04
20260910,桐生,4,5,4562,阪本 勇介,B1,6.74,18.46,4.31,7.7,5.0,0.04,-0.5,,,曇り,20.0,23.0,1.0,東,1.0,https://boatraceraid.jp/exhibition/?opdt=2026-09-10&rcoursecd=01&rno=04
20260910,桐生,4,6,4232,笠 雅雄,B1,6.87,18.67,4.54,7.66,6.0,0.01,0.0,,,曇り,20.0,23.0,1.0,東,1.0,https://boatraceraid.jp/exhibition/?opdt=2026-09-10&rcoursecd=01&rno=04
20260910,桐生,5,1,4118,宇佐見 淳,A2,6.64,18.3,4.66,7.58,1.0,0.05,-0.5,,,曇り,20.0,23.0,2.0,東,1.0,https://boatraceraid.jp/exhibition/?opdt=2026-09-10&rcoursecd=01&rno=05
20260910,桐生,5,2,5012,加倉 侑征,B1,6.76,18.48,4.63,7.58,2.0,-0.05,-0.5,,,曇り,20.0,23.0,2.0,東,1.0,https://boatraceraid.jp/exhibition/?opdt=2026-09-10&rcoursecd=01&rno=05
20260910,桐生,5,3,3305,小野 信樹,B1,6.64,18.78,4.58,7.73,3.0,-0.01,-0.5,,,曇り,20.0,23.0,2.0,東,1.0,https://boatraceraid.jp/exhibition/?opdt=2026-09-10&rcoursecd=01&rno=05
20260910,桐生,5,4,3277,齋藤 勇,B1,6.72,18.86,5.05,7.54,4.0,0.05,-0.5,,,曇り,20.0,23.0,2.0,東,1.0,https://boatraceraid.jp/exhibition/?opdt=2026-09-10&rcoursecd=01&rno=05
20260910,桐生,5,5,4380,鈴木 峻佑,B1,6.64,18.91,4.58,7.58,5.0,0.04,-0.5,,,曇り,20.0,23.0,2.0,東,1.0,https://boatraceraid.jp/exhibition/?opdt=2026-09-10&rcoursecd=01&rno=05
20260910,桐生,5,6,4044,湯川 浩司,A1,6.68,18.28,4.52,7.5,6.0,0.15,0.0,,,曇り,20.0,23.0,2.0,東,1.0,https://boatraceraid.jp/exhibition/?opdt=2026-09-10&rcoursecd=01&rno=05
20260910,桐生,6,1,3743,林 美憲,A1,6.8,18.57,4.54,7.59,1.0,0.11,-0.5,,,曇り,20.0,23.0,2.0,南東,1.0,https://boatraceraid.jp/exhibition/?opdt=2026-09-10&rcoursecd=01&rno=06
20260910,桐生,6,2,3202,三品 隆浩,B1,6.73,18.86,4.5,7.49,2.0,0.18,-0.5,,,曇り,20.0,23.0,2.0,南東,1.0,https://boatraceraid.jp/exhibition/?opdt=2026-09-10&rcoursecd=01&rno=06
20260910,桐生,6,3,3653,品川 賢次,B2,6.93,18.7,4.77,7.45,3.0,0.24,-0.5,,,曇り,20.0,23.0,2.0,南東,1.0,https://boatraceraid.jp/exhibition/?opdt=2026-09-10&rcoursecd=01&rno=06
20260910,桐生,6,4,5070,中島 航,B1,6.84,18.79,4.7,7.59,4.0,0.08,-0.5,,,曇り,20.0,23.0,2.0,南東,1.0,https://boatraceraid.jp/exhibition/?opdt=2026-09-10&rcoursecd=01&rno=06
20260910,桐生,6,5,4440,萩原 知哉,B1,6.76,18.66,4.74,7.6,5.0,0.05,-0.5,,,曇り,20.0,23.0,2.0,南東,1.0,https://boatraceraid.jp/exhibition/?opdt=2026-09-10&rcoursecd=01&rno=06
20260910,桐生,6,6,4919,吉田 翔悟,B1,6.88,18.59,4.65,7.6,6.0,0.03,-0.5,,,曇り,20.0,23.0,2.0,南東,1.0,https://boatraceraid.jp/exhibition/?opdt=2026-09-10&rcoursecd=01&rno=06
20260910,桐生,7,1,4040,廣瀬 将亨,A2,6.78,18.46,4.61,7.34,1.0,0.14,-0.5,,,曇り,20.0,23.0,2.0,東,1.0,https://boatraceraid.jp/exhibition/?opdt=2026-09-10&rcoursecd=01&rno=07
20260910,桐生,7,2,5181,森 智哉,B1,6.75,19.1,4.73,7.53,2.0,0.25,-0.5,,,曇り,20.0,23.0,2.0,東,1.0,https://boatraceraid.jp/exhibition/?opdt=2026-09-10&rcoursecd=01&rno=07
20260910,桐生,7,3,4033,伊藤 将吉,A2,6.7,19.25,4.86,7.47,3.0,0.02,-0.5,,,曇り,20.0,23.0,2.0,東,1.0,https://boatraceraid.jp/exhibition/?opdt=2026-09-10&rcoursecd=01&rno=07
20260910,桐生,7,4,5122,相馬 翔,B1,6.73,19.07,4.78,7.45,4.0,0.25,-0.5,,,曇り,20.0,23.0,2.0,東,1.0,https://boatraceraid.jp/exhibition/?opdt=2026-09-10&rcoursecd=01&rno=07
20260910,桐生,7,5,3475,橋本 久和,B1,6.81,18.79,5.08,7.58,5.0,0.07,-0.5,,,曇り,20.0,23.0,2.0,東,1.0,https://boatraceraid.jp/exhibition/?opdt=2026-09-10&rcoursecd=01&rno=07
20260910,桐生,7,6,5430,鳥本 智史,B2,6.78,18.62,4.6,7.32,6.0,0.05,-0.5,,,曇り,20.0,23.0,2.0,東,1.0,https://boatraceraid.jp/exhibition/?opdt=2026-09-10&rcoursecd=01&rno=07
20260910,桐生,8,1,3319,山崎 義明,A2,6.9,18.42,4.54,7.41,1.0,0.16,-0.5,,,曇り,20.0,23.0,2.0,東,1.0,https://boatraceraid.jp/exhibition/?opdt=2026-09-10&rcoursecd=01&rno=08
20260910,桐生,8,2,5107,松本 真広,B1,6.79,18.98,4.76,7.5,2.0,0.01,-0.5,,,曇り,20.0,23.0,2.0,東,1.0,https://boatraceraid.jp/exhibition/?opdt=2026-09-10&rcoursecd=01&rno=08
20260910,桐生,8,3,4562,阪本 勇介,B1,6.79,18.9,4.54,7.45,3.0,0.04,-0.5,,,曇り,20.0,23.0,2.0,東,1.0,https://boatraceraid.jp/exhibition/?opdt=2026-09-10&rcoursecd=01&rno=08
20260910,桐生,8,4,4943,八木 治樹,B1,6.68,18.66,4.96,7.54,4.0,0.09,-0.5,,,曇り,20.0,23.0,2.0,東,1.0,https://boatraceraid.jp/exhibition/?opdt=2026-09-10&rcoursecd=01&rno=08
20260910,桐生,8,5,4027,松江 秀徳,A2,6.75,18.73,4.8,7.53,5.0,0.01,-0.5,,,曇り,20.0,23.0,2.0,東,1.0,https://boatraceraid.jp/exhibition/?opdt=2026-09-10&rcoursecd=01&rno=08
20260910,桐生,8,6,5344,谷口 丞,B1,6.77,18.74,4.98,7.31,6.0,0.01,-0.5,,,曇り,20.0,23.0,2.0,東,1.0,https://boatraceraid.jp/exhibition/?opdt=2026-09-10&rcoursecd=01&rno=08
20260910,桐生,9,1,3686,鳥居塚 孝博,A2,6.57,18.56,4.91,7.54,1.0,0.09,-0.5,,,曇り,20.0,23.0,2.0,東,1.0,https://boatraceraid.jp/exhibition/?opdt=2026-09-10&rcoursecd=01&rno=09
20260910,桐生,9,2,4557,松尾 光広,B1,6.7,18.99,4.78,7.49,2.0,0.05,-0.5,,,曇り,20.0,23.0,2.0,東,1.0,https://boatraceraid.jp/exhibition/?opdt=2026-09-10&rcoursecd=01&rno=09
20260910,桐生,9,3,3852,澤 大介,B1,6.66,18.86,4.73,7.49,3.0,0.12,-0.5,,,曇り,20.0,23.0,2.0,東,1.0,https://boatraceraid.jp/exhibition/?opdt=2026-09-10&rcoursecd=01&rno=09
20260910,桐生,9,4,4380,鈴木 峻佑,B1,6.66,18.86,4.51,7.5,4.0,0.09,-0.5,,,曇り,20.0,23.0,2.0,東,1.0,https://boatraceraid.jp/exhibition/?opdt=2026-09-10&rcoursecd=01&rno=09
20260910,桐生,9,5,4992,廣瀬 篤哉,B1,6.7,18.99,4.62,7.62,5.0,0.08,-0.5,,,曇り,20.0,23.0,2.0,東,1.0,https://boatraceraid.jp/exhibition/?opdt=2026-09-10&rcoursecd=01&rno=09
20260910,桐生,9,6,4538,笠置 博之,A1,6.59,18.67,4.94,7.44,6.0,0.14,1.0,,,曇り,20.0,23.0,2.0,東,1.0,https://boatraceraid.jp/exhibition/?opdt=2026-09-10&rcoursecd=01&rno=09
20260910,桐生,10,1,4044,湯川 浩司,A1,6.66,18.34,4.52,7.43,1.0,0.02,0.0,,,曇り,20.0,23.0,2.0,東,1.0,https://boatraceraid.jp/exhibition/?opdt=2026-09-10&rcoursecd=01&rno=10
20260910,桐生,10,2,4118,宇佐見 淳,A2,6.74,18.65,4.82,7.38,2.0,0.11,-0.5,,,曇り,20.0,23.0,2.0,東,1.0,https://boatraceraid.jp/exhibition/?opdt=2026-09-10&rcoursecd=01&rno=10
20260910,桐生,10,3,3743,林 美憲,A1,6.7,18.66,4.77,7.46,3.0,0.11,-0.5,,,曇り,20.0,23.0,2.0,東,1.0,https://boatraceraid.jp/exhibition/?opdt=2026-09-10&rcoursecd=01&rno=10
20260910,桐生,10,4,4181,花本 夏樹,B1,6.64,19.06,4.96,7.56,4.0,0.14,-0.5,,,曇り,20.0,23.0,2.0,東,1.0,https://boatraceraid.jp/exhibition/?opdt=2026-09-10&rcoursecd=01&rno=10
20260910,桐生,10,5,4531,武富 智亮,A2,6.78,19.09,4.63,7.39,5.0,0.09,-0.5,,,曇り,20.0,23.0,2.0,東,1.0,https://boatraceraid.jp/exhibition/?opdt=2026-09-10&rcoursecd=01&rno=10
20260910,桐生,10,6,3681,山谷 央,B1,6.8,18.7,4.71,7.33,6.0,-0.01,-0.5,,,曇り,20.0,23.0,2.0,東,1.0,https://boatraceraid.jp/exhibition/?opdt=2026-09-10&rcoursecd=01&rno=10
20260910,桐生,11,1,4232,笠 雅雄,B1,6.62,18.39,4.62,7.42,1.0,0.17,0.0,,,曇り,19.0,23.0,2.0,東,1.0,https://boatraceraid.jp/exhibition/?opdt=2026-09-10&rcoursecd=01&rno=11
20260910,桐生,11,2,5228,若林 樹蘭,A2,6.65,18.42,4.58,7.42,2.0,0.09,-0.5,,,曇り,19.0,23.0,2.0,東,1.0,https://boatraceraid.jp/exhibition/?opdt=2026-09-10&rcoursecd=01&rno=11
20260910,桐生,11,3,4040,廣瀬 将亨,A2,6.66,18.51,4.61,7.29,3.0,0.06,-0.5,,,曇り,19.0,23.0,2.0,東,1.0,https://boatraceraid.jp/exhibition/?opdt=2026-09-10&rcoursecd=01&rno=11
20260910,桐生,11,4,3277,齋藤 勇,B1,6.7,18.89,4.73,7.37,4.0,0.11,-0.5,,,曇り,19.0,23.0,2.0,東,1.0,https://boatraceraid.jp/exhibition/?opdt=2026-09-10&rcoursecd=01&rno=11
20260910,桐生,11,5,4513,河野 真也,A2,6.76,18.82,4.82,7.31,5.0,0.17,-0.5,,,曇り,19.0,23.0,2.0,東,1.0,https://boatraceraid.jp/exhibition/?opdt=2026-09-10&rcoursecd=01&rno=11
20260910,桐生,11,6,4033,伊藤 将吉,A2,6.74,18.98,5.05,7.3,6.0,0.17,-0.5,,,曇り,19.0,23.0,2.0,東,1.0,https://boatraceraid.jp/exhibition/?opdt=2026-09-10&rcoursecd=01&rno=11
20260910,桐生,12,1,3874,山本 寛久,A2,6.69,18.46,4.54,7.39,1.0,0.01,-0.5,,,曇り,19.0,23.0,2.0,東,1.0,https://boatraceraid.jp/exhibition/?opdt=2026-09-10&rcoursecd=01&rno=12
20260910,桐生,12,2,4028,田村 隆信,A1,6.65,18.54,4.66,7.48,2.0,0.09,0.0,,,曇り,19.0,23.0,2.0,東,1.0,https://boatraceraid.jp/exhibition/?opdt=2026-09-10&rcoursecd=01&rno=12
20260910,桐生,12,3,4025,山本 隆幸,A1,6.77,18.59,4.7,7.39,3.0,0.17,-0.5,,,曇り,19.0,23.0,2.0,東,1.0,https://boatraceraid.jp/exhibition/?opdt=2026-09-10&rcoursecd=01&rno=12
20260910,桐生,12,4,4342,谷野 錬志,A2,6.85,18.7,4.66,7.43,4.0,-0.05,-0.5,,,曇り,19.0,23.0,2.0,東,1.0,https://boatraceraid.jp/exhibition/?opdt=2026-09-10&rcoursecd=01&rno=12
20260910,桐生,12,5,3946,赤岩 善生,A1,6.79,18.51,4.67,7.37,5.0,0.04,-0.5,,,曇り,19.0,23.0,2.0,東,1.0,https://boatraceraid.jp/exhibition/?opdt=2026-09-10&rcoursecd=01&rno=12
20260910,桐生,12,6,4019,笠原 亮,A1,6.81,18.44,4.56,7.3,6.0,0.04,0.0,,,曇り,19.0,23.0,2.0,東,1.0,https://boatraceraid.jp/exhibition/?opdt=2026-09-10&rcoursecd=01&rno=12
20260926,戸田,1,1,3277,齋藤 勇,B1,6.65,37.22,5.53,6.93,1.0,0.07,0.0,,,雨,19.0,24.0,2.0,北,1.0,https://boatraceraid.jp/exhibition/?opdt=2026-09-26&rcoursecd=02&rno=01
20260926,戸田,1,2,3463,乙津 康志,B1,6.6,37.58,5.51,7.03,2.0,0.14,-0.5,,,雨,19.0,24.0,2.0,北,1.0,https://boatraceraid.jp/exhibition/?opdt=2026-09-26&rcoursecd=02&rno=01
20260926,戸田,1,3,5003,来田 衣織,B1,6.59,37.63,5.6,6.97,3.0,0.21,-0.5,,,雨,19.0,24.0,2.0,北,1.0,https://boatraceraid.jp/exhibition/?opdt=2026-09-26&rcoursecd=02&rno=01
20260926,戸田,1,4,4982,中村 将隆,B1,6.74,37.39,5.4,7.03,4.0,0.07,-0.5,,,雨,19.0,24.0,2.0,北,1.0,https://boatraceraid.jp/exhibition/?opdt=2026-09-26&rcoursecd=02&rno=01
20260926,戸田,1,5,3873,別府 昌樹,B1,6.65,36.97,5.11,7.03,5.0,0.07,0.0,,,雨,19.0,24.0,2.0,北,1.0,https://boatraceraid.jp/exhibition/?opdt=2026-09-26&rcoursecd=02&rno=01
20260926,戸田,1,6,5445,一ノ木 匠,B2,6.67,36.94,5.47,6.93,6.0,0.15,0.0,,,雨,19.0,24.0,2.0,北,1.0,https://boatraceraid.jp/exhibition/?opdt=2026-09-26&rcoursecd=02&rno=01
20260926,戸田,2,1,5226,藤田 俊祐,B1,6.62,36.62,5.44,6.98,1.0,0.08,0.0,,,雨,19.0,24.0,2.0,北東,1.0,https://boatraceraid.jp/exhibition/?opdt=2026-09-26&rcoursecd=02&rno=02
20260926,戸田,2,2,4342,谷野 錬志,A2,6.69,37.77,5.53,7.02,2.0,0.05,-0.5,,,雨,19.0,24.0,2.0,北東,1.0,https://boatraceraid.jp/exhibition/?opdt=2026-09-26&rcoursecd=02&rno=02
20260926,戸田,2,3,4587,木田 峰由季,A1,6.62,37.33,5.6,7.11,3.0,-0.09,-0.5,,,雨,19.0,24.0,2.0,北東,1.0,https://boatraceraid.jp/exhibition/?opdt=2026-09-26&rcoursecd=02&rno=02
20260926,戸田,2,4,5203,神里 琴音,B1,6.64,37.58,5.39,6.97,4.0,-0.03,-0.5,,,雨,19.0,24.0,2.0,北東,1.0,https://boatraceraid.jp/exhibition/?opdt=2026-09-26&rcoursecd=02&rno=02
20260926,戸田,2,5,5258,仲本 舜,B1,6.65,38.06,5.43,7.03,5.0,0.08,-0.5,,,雨,19.0,24.0,2.0,北東,1.0,https://boatraceraid.jp/exhibition/?opdt=2026-09-26&rcoursecd=02&rno=02
20260926,戸田,2,6,5433,米本 圭佑,B2,6.64,37.64,6.03,6.87,6.0,0.17,-0.5,,,雨,19.0,24.0,2.0,北東,1.0,https://boatraceraid.jp/exhibition/?opdt=2026-09-26&rcoursecd=02&rno=02
20260926,戸田,3,1,3857,阿波 勝哉,B1,6.65,36.8,5.47,6.95,1.0,0.06,-0.5,,,雨,19.0,24.0,2.0,北,1.0,https://boatraceraid.jp/exhibition/?opdt=2026-09-26&rcoursecd=02&rno=03
20260926,戸田,3,2,4734,安河内 将,A1,6.74,37.2,5.53,6.97,2.0,0.09,0.0,,,雨,19.0,24.0,2.0,北,1.0,https://boatraceraid.jp/exhibition/?opdt=2026-09-26&rcoursecd=02&rno=03
20260926,戸田,3,3,4462,夏山 亮平,B1,6.64,38.17,5.67,7.11,3.0,0.01,-0.5,,,雨,19.0,24.0,2.0,北,1.0,https://boatraceraid.jp/exhibition/?opdt=2026-09-26&rcoursecd=02&rno=03
20260926,戸田,3,4,3747,國崎 良春,A2,6.55,37.29,5.56,7.02,4.0,0.11,0.0,,,雨,19.0,24.0,2.0,北,1.0,https://boatraceraid.jp/exhibition/?opdt=2026-09-26&rcoursecd=02&rno=03
20260926,戸田,3,5,5277,井上 未都,B1,6.67,36.88,5.87,6.83,5.0,0.08,0.0,,,雨,19.0,24.0,2.0,北,1.0,https://boatraceraid.jp/exhibition/?opdt=2026-09-26&rcoursecd=02&rno=03
20260926,戸田,3,6,3800,牧 宏次,A2,6.69,37.12,5.71,6.9,6.0,0.14,-0.5,,,雨,19.0,24.0,2.0,北,1.0,https://boatraceraid.jp/exhibition/?opdt=2026-09-26&rcoursecd=02&rno=03
20260926,戸田,4,1,4183,宇野 弥生,B1,6.65,37.06,5.8,6.82,1.0,0.19,-0.5,,,雨,19.0,24.0,2.0,北,1.0,https://boatraceraid.jp/exhibition/?opdt=2026-09-26&rcoursecd=02&rno=04
20260926,戸田,4,2,2538,高橋 二朗,B1,6.63,37.01,5.52,7.01,2.0,0.13,0.0,,,雨,19.0,24.0,2.0,北,1.0,https://boatraceraid.jp/exhibition/?opdt=2026-09-26&rcoursecd=02&rno=04
20260926,戸田,4,3,5246,楠 将太郎,A2,6.64,38.63,5.67,6.77,3.0,0.24,-0.5,,,雨,19.0,24.0,2.0,北,1.0,https://boatraceraid.jp/exhibition/?opdt=2026-09-26&rcoursecd=02&rno=04
20260926,戸田,4,4,4640,山ノ内 雅人,A2,6.63,37.15,5.65,6.9,4.0,0.28,0.0,,,雨,19.0,24.0,2.0,北,1.0,https://boatraceraid.jp/exhibition/?opdt=2026-09-26&rcoursecd=02&rno=04
20260926,戸田,4,5,5389,恵良 琴美,B1,6.6,37.62,5.77,6.77,5.0,0.25,0.0,,,雨,19.0,24.0,2.0,北,1.0,https://boatraceraid.jp/exhibition/?opdt=2026-09-26&rcoursecd=02&rno=04
20260926,戸田,4,6,4500,山田 康二,A1,6.6,37.12,5.43,7.03,6.0,0.08,0.0,,,雨,19.0,24.0,2.0,北,1.0,https://boatraceraid.jp/exhibition/?opdt=2026-09-26&rcoursecd=02&rno=04
20260926,戸田,5,1,3661,柳瀬 興志,A2,6.63,36.95,5.84,6.94,1.0,0.02,-0.5,,,雨,19.0,24.0,2.0,北東,1.0,https://boatraceraid.jp/exhibition/?opdt=2026-09-26&rcoursecd=02&rno=05
20260926,戸田,5,2,3539,金子 順一,B1,6.65,37.9,5.87,7.1,2.0,-0.13,-0.5,,,雨,19.0,24.0,2.0,北東,1.0,https://boatraceraid.jp/exhibition/?opdt=2026-09-26&rcoursecd=02&rno=05
20260926,戸田,5,3,3277,齋藤 勇,B1,6.61,37.89,5.88,7.01,3.0,-0.07,0.0,,,雨,19.0,24.0,2.0,北東,1.0,https://boatraceraid.jp/exhibition/?opdt=2026-09-26&rcoursecd=02&rno=05
20260926,戸田,5,4,4524,深谷 知博,A1,6.67,36.71,5.52,6.93,4.0,-0.02,0.0,,,雨,19.0,24.0,2.0,北東,1.0,https://boatraceraid.jp/exhibition/?opdt=2026-09-26&rcoursecd=02&rno=05
20260926,戸田,5,5,3748,小黒 竜吾,B1,6.62,37.46,5.75,7.1,5.0,0.26,0.0,,,雨,19.0,24.0,2.0,北東,1.0,https://boatraceraid.jp/exhibition/?opdt=2026-09-26&rcoursecd=02&rno=05
20260926,戸田,5,6,5410,今泉 澪,B2,6.61,39.21,5.64,7.02,6.0,-0.04,-0.5,,,雨,19.0,24.0,2.0,北東,1.0,https://boatraceraid.jp/exhibition/?opdt=2026-09-26&rcoursecd=02&rno=05
20260926,戸田,6,1,5258,仲本 舜,B1,6.65,37.63,5.21,6.95,1.0,-0.12,-0.5,,,雨,19.0,24.0,2.0,北,1.0,https://boatraceraid.jp/exhibition/?opdt=2026-09-26&rcoursecd=02&rno=06
20260926,戸田,6,2,4982,中村 将隆,B1,6.67,37.5,5.27,7.04,2.0,0.11,0.0,,,雨,19.0,24.0,2.0,北,1.0,https://boatraceraid.jp/exhibition/?opdt=2026-09-26&rcoursecd=02&rno=06
20260926,戸田,6,3,4906,鈴木 雅希,A2,6.67,37.37,5.26,7.07,3.0,0.11,0.0,,,雨,19.0,24.0,2.0,北,1.0,https://boatraceraid.jp/exhibition/?opdt=2026-09-26&rcoursecd=02&rno=06
20260926,戸田,6,4,4145,小澤 学,B1,6.62,37.69,5.32,7.07,4.0,0.05,-0.5,,,雨,19.0,24.0,2.0,北,1.0,https://boatraceraid.jp/exhibition/?opdt=2026-09-26&rcoursecd=02&rno=06
20260926,戸田,6,5,4356,長岡 良也,A2,6.68,37.2,5.37,7.03,5.0,-0.12,0.0,,,雨,19.0,24.0,2.0,北,1.0,https://boatraceraid.jp/exhibition/?opdt=2026-09-26&rcoursecd=02&rno=06
20260926,戸田,6,6,3737,上平 真二,A1,6.64,36.4,5.43,6.95,6.0,-0.12,0.0,,,雨,19.0,24.0,2.0,北,1.0,https://boatraceraid.jp/exhibition/?opdt=2026-09-26&rcoursecd=02&rno=06
20260926,戸田,7,1,4832,権藤 俊光,A1,6.62,36.74,5.16,6.93,1.0,-0.12,0.0,,,雨,19.0,24.0,1.0,北,1.0,https://boatraceraid.jp/exhibition/?opdt=2026-09-26&rcoursecd=02&rno=07
20260926,戸田,7,2,3381,滝沢 芳行,B1,6.61,37.18,5.35,7.07,2.0,-0.06,0.0,,,雨,19.0,24.0,1.0,北,1.0,https://boatraceraid.jp/exhibition/?opdt=2026-09-26&rcoursecd=02&rno=07
20260926,戸田,7,3,3463,乙津 康志,B1,6.72,37.83,5.6,7.21,3.0,0.19,-0.5,,,雨,19.0,24.0,1.0,北,1.0,https://boatraceraid.jp/exhibition/?opdt=2026-09-26&rcoursecd=02&rno=07
20260926,戸田,7,4,4340,土性 雅也,B2,6.69,37.17,5.47,7.18,4.0,0.08,0.0,,,雨,19.0,24.0,1.0,北,1.0,https://boatraceraid.jp/exhibition/?opdt=2026-09-26&rcoursecd=02&rno=07
20260926,戸田,7,5,3857,阿波 勝哉,B1,6.67,36.95,5.75,6.9,5.0,0.15,-0.5,,,雨,19.0,24.0,1.0,北,1.0,https://boatraceraid.jp/exhibition/?opdt=2026-09-26&rcoursecd=02&rno=07
20260926,戸田,7,6,4876,梅木 敬太,B1,6.73,37.7,5.55,7.1,6.0,0.07,0.0,,,雨,19.0,24.0,1.0,北,1.0,https://boatraceraid.jp/exhibition/?opdt=2026-09-26&rcoursecd=02&rno=07
20260926,戸田,8,1,5003,来田 衣織,B1,6.68,37.16,5.44,6.96,1.0,0.07,-0.5,,,雨,19.0,24.0,2.0,北,1.0,https://boatraceraid.jp/exhibition/?opdt=2026-09-26&rcoursecd=02&rno=08
20260926,戸田,8,2,5277,井上 未都,B1,6.69,37.08,5.34,6.96,2.0,0.07,0.0,,,雨,19.0,24.0,2.0,北,1.0,https://boatraceraid.jp/exhibition/?opdt=2026-09-26&rcoursecd=02&rno=08
20260926,戸田,8,3,4183,宇野 弥生,B1,6.63,37.07,5.46,7.07,3.0,0.02,-0.5,,,雨,19.0,24.0,2.0,北,1.0,https://boatraceraid.jp/exhibition/?opdt=2026-09-26&rcoursecd=02&rno=08
20260926,戸田,8,4,3801,五反田 忍,B1,6.77,37.93,5.77,7.08,4.0,-0.08,-0.5,,,雨,19.0,24.0,2.0,北,1.0,https://boatraceraid.jp/exhibition/?opdt=2026-09-26&rcoursecd=02&rno=08
20260926,戸田,8,5,5203,神里 琴音,B1,6.81,37.36,5.9,7.0,5.0,-0.03,-0.5,,,雨,19.0,24.0,2.0,北,1.0,https://boatraceraid.jp/exhibition/?opdt=2026-09-26&rcoursecd=02&rno=08
20260926,戸田,8,6,5151,山下 奈緒,B1,6.63,37.54,5.53,7.0,6.0,-0.09,0.0,,,雨,19.0,24.0,2.0,北,1.0,https://boatraceraid.jp/exhibition/?opdt=2026-09-26&rcoursecd=02&rno=08
20260926,戸田,9,1,4640,山ノ内 雅人,A2,6.56,36.93,5.57,6.88,1.0,0.05,0.0,,,雨,19.0,24.0,0.0,南南西,0.0,https://boatraceraid.jp/exhibition/?opdt=2026-09-26&rcoursecd=02&rno=09
20260926,戸田,9,2,4012,中村 有裕,A2,6.68,37.08,5.57,6.93,2.0,0.16,-0.5,,,雨,19.0,24.0,0.0,南南西,0.0,https://boatraceraid.jp/exhibition/?opdt=2026-09-26&rcoursecd=02&rno=09
20260926,戸田,9,3,3661,柳瀬 興志,A2,6.73,36.95,5.67,7.13,3.0,0.08,-0.5,,,雨,19.0,24.0,0.0,南南西,0.0,https://boatraceraid.jp/exhibition/?opdt=2026-09-26&rcoursecd=02&rno=09
20260926,戸田,9,4,3873,別府 昌樹,B1,6.72,36.84,5.23,7.18,4.0,0.11,0.0,,,雨,19.0,24.0,0.0,南南西,0.0,https://boatraceraid.jp/exhibition/?opdt=2026-09-26&rcoursecd=02&rno=09
20260926,戸田,9,5,5096,上原 崚,A2,6.68,37.02,5.45,7.1,5.0,0.24,0.0,,,雨,19.0,24.0,0.0,南南西,0.0,https://boatraceraid.jp/exhibition/?opdt=2026-09-26&rcoursecd=02&rno=09
20260926,戸田,9,6,4462,夏山 亮平,B1,6.7,38.08,5.58,7.1,6.0,0.07,-0.5,,,雨,19.0,24.0,0.0,南南西,0.0,https://boatraceraid.jp/exhibition/?opdt=2026-09-26&rcoursecd=02&rno=09
20260926,戸田,10,1,5246,楠 将太郎,A2,6.69,36.76,5.14,6.97,1.0,0.07,-0.5,,,雨,18.0,24.0,1.0,北,1.0,https://boatraceraid.jp/exhibition/?opdt=2026-09-26&rcoursecd=02&rno=10
20260926,戸田,10,2,3747,國崎 良春,A2,6.69,36.9,5.51,6.97,2.0,-0.05,0.0,,,雨,18.0,24.0,1.0,北,1.0,https://boatraceraid.jp/exhibition/?opdt=2026-09-26&rcoursecd=02&rno=10
20260926,戸田,10,3,3507,藤井 徹,B1,6.7,38.02,5.64,7.07,3.0,-0.01,-0.5,,,雨,18.0,24.0,1.0,北,1.0,https://boatraceraid.jp/exhibition/?opdt=2026-09-26&rcoursecd=02&rno=10
20260926,戸田,10,4,5226,藤田 俊祐,B1,6.73,38.07,5.57,7.07,4.0,0.27,0.0,,,雨,18.0,24.0,1.0,北,1.0,https://boatraceraid.jp/exhibition/?opdt=2026-09-26&rcoursecd=02&rno=10
20260926,戸田,10,5,4906,鈴木 雅希,A2,6.7,37.5,5.47,7.03,5.0,0.09,0.0,,,雨,18.0,24.0,1.0,北,1.0,https://boatraceraid.jp/exhibition/?opdt=2026-09-26&rcoursecd=02&rno=10
20260926,戸田,10,6,4526,池田 雄祐,A2,6.65,36.97,5.44,7.05,6.0,0.17,0.0,,,雨,18.0,24.0,1.0,北,1.0,https://boatraceraid.jp/exhibition/?opdt=2026-09-26&rcoursecd=02&rno=10
20260926,戸田,11,1,4356,長岡 良也,A2,6.68,36.98,5.42,6.87,1.0,-0.05,0.0,,,雨,18.0,24.0,1.0,北,1.0,https://boatraceraid.jp/exhibition/?opdt=2026-09-26&rcoursecd=02&rno=11
20260926,戸田,11,2,4876,梅木 敬太,B1,6.73,37.17,5.53,7.03,2.0,-0.03,0.0,,,雨,18.0,24.0,1.0,北,1.0,https://boatraceraid.jp/exhibition/?opdt=2026-09-26&rcoursecd=02&rno=11
20260926,戸田,11,3,4466,南 佑典,A2,6.69,37.68,5.55,7.14,3.0,0.07,0.0,,,雨,18.0,24.0,1.0,北,1.0,https://boatraceraid.jp/exhibition/?opdt=2026-09-26&rcoursecd=02&rno=11
20260926,戸田,11,4,3539,金子 順一,B1,6.69,37.61,6.23,6.97,4.0,0.22,-0.5,,,雨,18.0,24.0,1.0,北,1.0,https://boatraceraid.jp/exhibition/?opdt=2026-09-26&rcoursecd=02&rno=11
20260926,戸田,11,5,4342,谷野 錬志,A2,6.79,38.27,5.6,7.07,5.0,0.28,-0.5,,,雨,18.0,24.0,1.0,北,1.0,https://boatraceraid.jp/exhibition/?opdt=2026-09-26&rcoursecd=02&rno=11
20260926,戸田,11,6,5002,上田 健太,A2,6.68,37.92,5.83,7.1,6.0,0.21,0.0,,,雨,18.0,24.0,1.0,北,1.0,https://boatraceraid.jp/exhibition/?opdt=2026-09-26&rcoursecd=02&rno=11
20260926,戸田,12,1,4524,深谷 知博,A1,6.65,36.27,5.43,6.87,1.0,0.11,0.0,,,曇り,18.0,24.0,1.0,北,1.0,https://boatraceraid.jp/exhibition/?opdt=2026-09-26&rcoursecd=02&rno=12
20260926,戸田,12,2,3737,上平 真二,A1,6.63,37.02,5.53,6.93,2.0,0.05,0.0,,,曇り,18.0,24.0,1.0,北,1.0,https://boatraceraid.jp/exhibition/?opdt=2026-09-26&rcoursecd=02&rno=12
20260926,戸田,12,3,4500,山田 康二,A1,6.6,36.82,5.5,7.0,3.0,-0.08,0.0,,,曇り,18.0,24.0,1.0,北,1.0,https://boatraceraid.jp/exhibition/?opdt=2026-09-26&rcoursecd=02&rno=12
20260926,戸田,12,4,4832,権藤 俊光,A1,6.66,36.66,5.43,7.0,4.0,-0.1,0.0,,,曇り,18.0,24.0,1.0,北,1.0,https://boatraceraid.jp/exhibition/?opdt=2026-09-26&rcoursecd=02&rno=12
20260926,戸田,12,5,4734,安河内 将,A1,6.74,37.27,5.67,7.0,5.0,-0.05,0.0,,,曇り,18.0,24.0,1.0,北,1.0,https://boatraceraid.jp/exhibition/?opdt=2026-09-26&rcoursecd=02&rno=12
20260926,戸田,12,6,4587,木田 峰由季,A1,6.76,37.23,5.3,7.03,6.0,0.06,0.0,,,曇り,18.0,24.0,1.0,北,1.0,https://boatraceraid.jp/exhibition/?opdt=2026-09-26&rcoursecd=02&rno=12
20260927,戸田,1,1,3748,小黒 竜吾,B1,6.65,36.48,5.44,6.94,1.0,0.22,0.0,,,曇り,20.0,23.0,1.0,北,1.0,https://boatraceraid.jp/exhibition/?opdt=2026-09-27&rcoursecd=02&rno=01
20260927,戸田,1,2,4145,小澤 学,B1,6.69,36.38,5.62,6.85,2.0,0.12,-0.5,,,曇り,20.0,23.0,1.0,北,1.0,https://boatraceraid.jp/exhibition/?opdt=2026-09-27&rcoursecd=02&rno=01
20260927,戸田,1,3,4340,土性 雅也,B2,6.79,37.01,5.29,7.1,3.0,0.24,-0.5,,,曇り,20.0,23.0,1.0,北,1.0,https://boatraceraid.jp/exhibition/?opdt=2026-09-27&rcoursecd=02&rno=01
20260927,戸田,1,4,2538,高橋 二朗,B1,6.7,37.13,6.0,6.97,4.0,0.15,0.0,,,曇り,20.0,23.0,1.0,北,1.0,https://boatraceraid.jp/exhibition/?opdt=2026-09-27&rcoursecd=02&rno=01
20260927,戸田,1,5,3801,五反田 忍,B1,6.75,38.0,5.47,7.1,5.0,0.08,-0.5,,,曇り,20.0,23.0,1.0,北,1.0,https://boatraceraid.jp/exhibition/?opdt=2026-09-27&rcoursecd=02&rno=01
20260927,戸田,1,6,5445,一ノ木 匠,B2,6.72,37.27,5.9,7.03,6.0,0.02,0.0,,,曇り,20.0,23.0,1.0,北,1.0,https://boatraceraid.jp/exhibition/?opdt=2026-09-27&rcoursecd=02&rno=01
20260927,戸田,2,1,4982,中村 将隆,B1,6.67,37.4,5.59,7.13,1.0,0.07,0.0,,,曇り,20.0,23.0,1.0,北,1.0,https://boatraceraid.jp/exhibition/?opdt=2026-09-27&rcoursecd=02&rno=02
20260927,戸田,2,2,5096,上原 崚,A2,6.75,36.57,6.0,6.94,2.0,-0.02,0.0,,,曇り,20.0,23.0,1.0,北,1.0,https://boatraceraid.jp/exhibition/?opdt=2026-09-27&rcoursecd=02&rno=02
20260927,戸田,2,3,4832,権藤 俊光,A1,6.65,37.37,5.66,7.1,3.0,0.03,0.0,,,曇り,20.0,23.0,1.0,北,1.0,https://boatraceraid.jp/exhibition/?opdt=2026-09-27&rcoursecd=02&rno=02
20260927,戸田,2,4,3507,藤井 徹,B1,6.68,37.67,6.07,6.97,4.0,0.19,-0.5,,,曇り,20.0,23.0,1.0,北,1.0,https://boatraceraid.jp/exhibition/?opdt=2026-09-27&rcoursecd=02&rno=02
20260927,戸田,2,5,3747,國崎 良春,A2,6.74,37.56,5.76,6.97,5.0,0.05,-0.5,,,曇り,20.0,23.0,1.0,北,1.0,https://boatraceraid.jp/exhibition/?opdt=2026-09-27&rcoursecd=02&rno=02
20260927,戸田,2,6,5389,恵良 琴美,B1,6.68,38.03,5.47,7.01,6.0,0.06,0.0,,,曇り,20.0,23.0,1.0,北,1.0,https://boatraceraid.jp/exhibition/?opdt=2026-09-27&rcoursecd=02&rno=02
20260927,戸田,3,1,5203,神里 琴音,B1,6.75,37.37,5.73,6.95,1.0,-0.09,-0.5,,,曇り,21.0,23.0,1.0,北,1.0,https://boatraceraid.jp/exhibition/?opdt=2026-09-27&rcoursecd=02&rno=03
20260927,戸田,3,2,3873,別府 昌樹,B1,6.76,36.85,5.26,7.07,2.0,-0.05,0.0,,,曇り,21.0,23.0,1.0,北,1.0,https://boatraceraid.jp/exhibition/?opdt=2026-09-27&rcoursecd=02&rno=03
20260927,戸田,3,3,4524,深谷 知博,A1,6.64,36.56,5.24,6.96,3.0,-0.15,0.0,,,曇り,21.0,23.0,1.0,北,1.0,https://boatraceraid.jp/exhibition/?opdt=2026-09-27&rcoursecd=02&rno=03
20260927,戸田,3,4,5433,米本 圭佑,B2,6.69,37.37,5.52,7.05,4.0,-0.11,-0.5,,,曇り,21.0,23.0,1.0,北,1.0,https://boatraceraid.jp/exhibition/?opdt=2026-09-27&rcoursecd=02&rno=03
20260927,戸田,3,5,3539,金子 順一,B1,6.74,37.47,5.83,7.08,5.0,-0.08,0.0,,,曇り,21.0,23.0,1.0,北,1.0,https://boatraceraid.jp/exhibition/?opdt=2026-09-27&rcoursecd=02&rno=03
20260927,戸田,3,6,4466,南 佑典,A2,6.75,37.83,5.5,7.18,6.0,0.01,0.0,,,曇り,21.0,23.0,1.0,北,1.0,https://boatraceraid.jp/exhibition/?opdt=2026-09-27&rcoursecd=02&rno=03
20260927,戸田,4,1,5151,山下 奈緒,B1,6.63,36.5,5.43,6.97,1.0,0.33,0.0,,,曇り,21.0,23.0,1.0,北西,1.0,https://boatraceraid.jp/exhibition/?opdt=2026-09-27&rcoursecd=02&rno=04
20260927,戸田,4,2,3800,牧 宏次,A2,6.77,37.07,5.83,6.87,2.0,-0.02,-0.5,,,曇り,21.0,23.0,1.0,北西,1.0,https://boatraceraid.jp/exhibition/?opdt=2026-09-27&rcoursecd=02&rno=04
20260927,戸田,4,3,4876,梅木 敬太,B1,6.79,37.33,5.6,7.11,3.0,-0.11,0.0,,,曇り,21.0,23.0,1.0,北西,1.0,https://boatraceraid.jp/exhibition/?opdt=2026-09-27&rcoursecd=02&rno=04
20260927,戸田,4,4,5246,楠 将太郎,A2,6.74,37.26,5.33,7.06,4.0,0.04,-0.5,,,曇り,21.0,23.0,1.0,北西,1.0,https://boatraceraid.jp/exhibition/?opdt=2026-09-27&rcoursecd=02&rno=04
20260927,戸田,4,5,4587,木田 峰由季,A1,6.79,37.51,5.36,7.07,5.0,0.13,-0.5,,,曇り,21.0,23.0,1.0,北西,1.0,https://boatraceraid.jp/exhibition/?opdt=2026-09-27&rcoursecd=02&rno=04
20260927,戸田,4,6,5258,仲本 舜,B1,6.72,37.39,5.5,7.01,6.0,0.05,-0.5,,,曇り,21.0,23.0,1.0,北西,1.0,https://boatraceraid.jp/exhibition/?opdt=2026-09-27&rcoursecd=02&rno=04
20260927,戸田,5,1,4012,中村 有裕,A2,6.75,36.87,5.33,7.01,1.0,0.11,-0.5,,,曇り,22.0,23.0,1.0,北,1.0,https://boatraceraid.jp/exhibition/?opdt=2026-09-27&rcoursecd=02&rno=05
20260927,戸田,5,2,3857,阿波 勝哉,B1,6.72,37.11,5.53,7.08,2.0,0.07,-0.5,,,曇り,22.0,23.0,1.0,北,1.0,https://boatraceraid.jp/exhibition/?opdt=2026-09-27&rcoursecd=02&rno=05
20260927,戸田,5,3,4145,小澤 学,B1,6.7,37.16,5.68,6.97,3.0,0.06,-0.5,,,曇り,22.0,23.0,1.0,北,1.0,https://boatraceraid.jp/exhibition/?opdt=2026-09-27&rcoursecd=02&rno=05
20260927,戸田,5,4,4500,山田 康二,A1,6.72,37.67,5.73,7.11,4.0,0.08,0.0,,,曇り,22.0,23.0,1.0,北,1.0,https://boatraceraid.jp/exhibition/?opdt=2026-09-27&rcoursecd=02&rno=05
20260927,戸田,5,5,3381,滝沢 芳行,B1,6.66,37.52,5.7,7.24,5.0,0.09,0.0,,,曇り,22.0,23.0,1.0,北,1.0,https://boatraceraid.jp/exhibition/?opdt=2026-09-27&rcoursecd=02&rno=05
20260927,戸田,5,6,5277,井上 未都,B1,6.62,37.33,5.83,7.04,6.0,0.04,0.0,,,曇り,22.0,23.0,1.0,北,1.0,https://boatraceraid.jp/exhibition/?opdt=2026-09-27&rcoursecd=02&rno=05
20260927,戸田,6,1,3463,乙津 康志,B1,6.65,37.6,5.6,7.15,1.0,0.01,-0.5,,,曇り,22.0,23.0,2.0,北西,1.0,https://boatraceraid.jp/exhibition/?opdt=2026-09-27&rcoursecd=02&rno=06
20260927,戸田,6,2,4526,池田 雄祐,A2,6.69,37.03,5.53,7.03,2.0,0.02,-0.5,,,曇り,22.0,23.0,2.0,北西,1.0,https://boatraceraid.jp/exhibition/?opdt=2026-09-27&rcoursecd=02&rno=06
20260927,戸田,6,3,4734,安河内 将,A1,6.78,37.5,5.42,7.13,3.0,-0.02,0.0,,,曇り,22.0,23.0,2.0,北西,1.0,https://boatraceraid.jp/exhibition/?opdt=2026-09-27&rcoursecd=02&rno=06
20260927,戸田,6,4,5389,恵良 琴美,B1,6.67,37.55,5.32,7.0,4.0,-0.01,0.0,,,曇り,22.0,23.0,2.0,北西,1.0,https://boatraceraid.jp/exhibition/?opdt=2026-09-27&rcoursecd=02&rno=06
20260927,戸田,6,5,5002,上田 健太,A2,6.74,38.22,5.55,7.1,5.0,-0.07,0.0,,,曇り,22.0,23.0,2.0,北西,1.0,https://boatraceraid.jp/exhibition/?opdt=2026-09-27&rcoursecd=02&rno=06
20260927,戸田,6,6,5445,一ノ木 匠,B2,6.74,37.24,6.8,6.87,6.0,0.04,0.0,,,曇り,22.0,23.0,2.0,北西,1.0,https://boatraceraid.jp/exhibition/?opdt=2026-09-27&rcoursecd=02&rno=06
20260927,戸田,7,1,3737,上平 真二,A1,6.75,37.5,6.2,6.74,1.0,-0.02,0.0,,,曇り,22.0,23.0,2.0,北西,1.0,https://boatraceraid.jp/exhibition/?opdt=2026-09-27&rcoursecd=02&rno=07
20260927,戸田,7,2,4462,夏山 亮平,B1,6.72,37.53,6.0,7.13,2.0,-0.01,-0.5,,,曇り,22.0,23.0,2.0,北西,1.0,https://boatraceraid.jp/exhibition/?opdt=2026-09-27&rcoursecd=02&rno=07
20260927,戸田,7,3,2538,高橋 二朗,B1,6.81,37.33,5.95,7.07,3.0,0.06,0.0,,,曇り,22.0,23.0,2.0,北西,1.0,https://boatraceraid.jp/exhibition/?opdt=2026-09-27&rcoursecd=02&rno=07
20260927,戸田,7,4,3277,齋藤 勇,B1,6.78,37.93,5.97,7.03,4.0,-0.04,0.0,,,曇り,22.0,23.0,2.0,北西,1.0,https://boatraceraid.jp/exhibition/?opdt=2026-09-27&rcoursecd=02&rno=07
20260927,戸田,7,5,5003,来田 衣織,B1,6.76,37.57,6.07,6.9,5.0,0.12,0.0,,,曇り,22.0,23.0,2.0,北西,1.0,https://boatraceraid.jp/exhibition/?opdt=2026-09-27&rcoursecd=02&rno=07
20260927,戸田,7,6,5410,今泉 澪,B2,6.77,37.81,5.77,7.07,6.0,0.02,-0.5,,,曇り,22.0,23.0,2.0,北西,1.0,https://boatraceraid.jp/exhibition/?opdt=2026-09-27&rcoursecd=02&rno=07
20260927,戸田,8,1,3507,藤井 徹,B1,6.7,37.36,5.49,7.06,1.0,-0.02,-0.5,,,曇り,22.0,23.0,2.0,北西,1.0,https://boatraceraid.jp/exhibition/?opdt=2026-09-27&rcoursecd=02&rno=08
20260927,戸田,8,2,4587,木田 峰由季,A1,6.63,37.67,5.37,7.13,2.0,0.02,-0.5,,,曇り,22.0,23.0,2.0,北西,1.0,https://boatraceraid.jp/exhibition/?opdt=2026-09-27&rcoursecd=02&rno=08
20260927,戸田,8,3,4356,長岡 良也,A2,6.63,37.2,5.53,7.03,3.0,0.08,0.0,,,曇り,22.0,23.0,2.0,北西,1.0,https://boatraceraid.jp/exhibition/?opdt=2026-09-27&rcoursecd=02&rno=08
20260927,戸田,8,4,4340,土性 雅也,B2,6.77,37.37,5.23,7.2,4.0,0.04,0.0,,,曇り,22.0,23.0,2.0,北西,1.0,https://boatraceraid.jp/exhibition/?opdt=2026-09-27&rcoursecd=02&rno=08
20260927,戸田,8,5,4640,山ノ内 雅人,A2,6.69,37.94,5.39,7.13,5.0,0.31,0.0,,,曇り,22.0,23.0,2.0,北西,1.0,https://boatraceraid.jp/exhibition/?opdt=2026-09-27&rcoursecd=02&rno=08
20260927,戸田,8,6,4183,宇野 弥生,B1,6.62,37.47,5.7,7.03,6.0,0.07,-0.5,,,曇り,22.0,23.0,2.0,北西,1.0,https://boatraceraid.jp/exhibition/?opdt=2026-09-27&rcoursecd=02&rno=08
20260927,戸田,9,1,3747,國崎 良春,A2,6.64,37.21,5.87,6.93,1.0,0.05,0.0,,,曇り,22.0,23.0,1.0,北西,1.0,https://boatraceraid.jp/exhibition/?opdt=2026-09-27&rcoursecd=02&rno=09
20260927,戸田,9,2,5226,藤田 俊祐,B1,6.66,37.28,5.4,7.07,2.0,0.25,0.0,,,曇り,22.0,23.0,1.0,北西,1.0,https://boatraceraid.jp/exhibition/?opdt=2026-09-27&rcoursecd=02&rno=09
20260927,戸田,9,3,3801,五反田 忍,B1,6.73,37.81,5.7,7.11,3.0,0.16,-0.5,,,曇り,22.0,23.0,1.0,北西,1.0,https://boatraceraid.jp/exhibition/?opdt=2026-09-27&rcoursecd=02&rno=09
20260927,戸田,9,4,3800,牧 宏次,A2,6.76,37.03,5.87,6.9,4.0,0.14,-0.5,,,曇り,22.0,23.0,1.0,北西,1.0,https://boatraceraid.jp/exhibition/?opdt=2026-09-27&rcoursecd=02&rno=09
20260927,戸田,9,5,4524,深谷 知博,A1,6.66,36.93,5.17,7.1,5.0,0.17,0.0,,,曇り,22.0,23.0,1.0,北西,1.0,https://boatraceraid.jp/exhibition/?opdt=2026-09-27&rcoursecd=02&rno=09
20260927,戸田,9,6,4012,中村 有裕,A2,6.82,37.38,6.17,6.97,6.0,0.16,-0.5,,,曇り,22.0,23.0,1.0,北西,1.0,https://boatraceraid.jp/exhibition/?opdt=2026-09-27&rcoursecd=02&rno=09
20260927,戸田,10,1,4906,鈴木 雅希,A2,6.75,37.16,5.5,6.93,1.0,0.06,0.0,,,曇り,23.0,23.0,0.0,南南西,0.0,https://boatraceraid.jp/exhibition/?opdt=2026-09-27&rcoursecd=02&rno=10
20260927,戸田,10,2,3661,柳瀬 興志,A2,6.64,37.32,5.6,7.17,2.0,0.18,-0.5,,,曇り,23.0,23.0,0.0,南南西,0.0,https://boatraceraid.jp/exhibition/?opdt=2026-09-27&rcoursecd=02&rno=10
20260927,戸田,10,3,5002,上田 健太,A2,6.76,37.77,5.8,6.97,3.0,0.05,0.0,,,曇り,23.0,23.0,0.0,南南西,0.0,https://boatraceraid.jp/exhibition/?opdt=2026-09-27&rcoursecd=02&rno=10
20260927,戸田,10,4,3748,小黒 竜吾,B1,6.7,37.38,5.67,7.1,4.0,0.01,0.0,,,曇り,23.0,23.0,0.0,南南西,0.0,https://boatraceraid.jp/exhibition/?opdt=2026-09-27&rcoursecd=02&rno=10
20260927,戸田,10,5,5433,米本 圭佑,B2,6.73,37.5,5.79,6.9,5.0,-0.06,-0.5,,,曇り,23.0,23.0,0.0,南南西,0.0,https://boatraceraid.jp/exhibition/?opdt=2026-09-27&rcoursecd=02&rno=10
20260927,戸田,10,6,4832,権藤 俊光,A1,6.65,37.0,5.47,6.97,6.0,-0.13,0.0,,,曇り,23.0,23.0,0.0,南南西,0.0,https://boatraceraid.jp/exhibition/?opdt=2026-09-27&rcoursecd=02&rno=10
20260927,戸田,11,1,5096,上原 崚,A2,6.78,36.53,5.83,6.93,1.0,-0.04,0.0,,,曇り,23.0,23.0,0.0,南南西,0.0,https://boatraceraid.jp/exhibition/?opdt=2026-09-27&rcoursecd=02&rno=11
20260927,戸田,11,2,5246,楠 将太郎,A2,6.83,36.78,5.92,6.87,2.0,0.08,-0.5,,,曇り,23.0,23.0,0.0,南南西,0.0,https://boatraceraid.jp/exhibition/?opdt=2026-09-27&rcoursecd=02&rno=11
20260927,戸田,11,3,3381,滝沢 芳行,B1,6.63,37.23,5.7,7.17,3.0,0.01,0.0,,,曇り,23.0,23.0,0.0,南南西,0.0,https://boatraceraid.jp/exhibition/?opdt=2026-09-27&rcoursecd=02&rno=11
20260927,戸田,11,4,5410,今泉 澪,B2,6.69,37.53,5.69,7.13,4.0,0.14,-0.5,,,曇り,23.0,23.0,0.0,南南西,0.0,https://boatraceraid.jp/exhibition/?opdt=2026-09-27&rcoursecd=02&rno=11
20260927,戸田,11,5,4466,南 佑典,A2,6.86,37.6,5.3,7.17,5.0,0.03,0.0,,,曇り,23.0,23.0,0.0,南南西,0.0,https://boatraceraid.jp/exhibition/?opdt=2026-09-27&rcoursecd=02&rno=11
20260927,戸田,11,6,4734,安河内 将,A1,6.8,37.3,5.62,7.07,6.0,-0.01,-0.5,,,曇り,23.0,23.0,0.0,南南西,0.0,https://boatraceraid.jp/exhibition/?opdt=2026-09-27&rcoursecd=02&rno=11
20260927,戸田,12,1,4500,山田 康二,A1,6.65,36.91,5.66,7.04,1.0,0.01,0.0,,,曇り,23.0,23.0,1.0,北西,1.0,https://boatraceraid.jp/exhibition/?opdt=2026-09-27&rcoursecd=02&rno=12
20260927,戸田,12,2,4356,長岡 良也,A2,6.66,37.27,5.5,6.93,2.0,-0.03,0.0,,,曇り,23.0,23.0,1.0,北西,1.0,https://boatraceraid.jp/exhibition/?opdt=2026-09-27&rcoursecd=02&rno=12
20260927,戸田,12,3,3737,上平 真二,A1,6.74,37.13,5.53,6.97,3.0,-0.03,0.0,,,曇り,23.0,23.0,1.0,北西,1.0,https://boatraceraid.jp/exhibition/?opdt=2026-09-27&rcoursecd=02&rno=12
20260927,戸田,12,4,5151,山下 奈緒,B1,6.79,37.63,5.67,7.13,4.0,0.14,0.0,,,曇り,23.0,23.0,1.0,北西,1.0,https://boatraceraid.jp/exhibition/?opdt=2026-09-27&rcoursecd=02&rno=12
20260927,戸田,12,5,4526,池田 雄祐,A2,6.61,37.09,5.4,7.07,5.0,0.11,-0.5,,,曇り,23.0,23.0,1.0,北西,1.0,https://boatraceraid.jp/exhibition/?opdt=2026-09-27&rcoursecd=02&rno=12
20260927,戸田,12,6,3873,別府 昌樹,B1,6.76,37.44,5.13,7.07,6.0,0.27,0.0,,,曇り,23.0,23.0,1.0,北西,1.0,https://boatraceraid.jp/exhibition/?opdt=2026-09-27&rcoursecd=02&rno=12
20260928,戸田,1,1,3381,滝沢 芳行,B1,6.62,37.09,5.4,7.0,1.0,-0.07,0.0,,,雨,21.0,23.0,1.0,北,1.0,https://boatraceraid.jp/exhibition/?opdt=2026-09-28&rcoursecd=02&rno=01
20260928,戸田,1,2,5258,仲本 舜,B1,6.73,37.77,5.6,7.03,2.0,0.01,-0.5,,,雨,21.0,23.0,1.0,北,1.0,https://boatraceraid.jp/exhibition/?opdt=2026-09-28&rcoursecd=02&rno=01
20260928,戸田,1,3,3463,乙津 康志,B1,6.72,38.58,5.73,7.17,3.0,0.09,-0.5,,,雨,21.0,23.0,1.0,北,1.0,https://boatraceraid.jp/exhibition/?opdt=2026-09-28&rcoursecd=02&rno=01
20260928,戸田,1,4,5003,来田 衣織,B1,6.61,37.44,5.8,6.93,4.0,0.32,0.0,,,雨,21.0,23.0,1.0,北,1.0,https://boatraceraid.jp/exhibition/?opdt=2026-09-28&rcoursecd=02&rno=01
20260928,戸田,1,5,4982,中村 将隆,B1,6.78,37.45,5.56,7.07,5.0,0.09,0.0,,,雨,21.0,23.0,1.0,北,1.0,https://boatraceraid.jp/exhibition/?opdt=2026-09-28&rcoursecd=02&rno=01
20260928,戸田,1,6,5203,神里 琴音,B1,6.8,37.43,5.33,7.0,6.0,0.09,-0.5,,,雨,21.0,23.0,1.0,北,1.0,https://boatraceraid.jp/exhibition/?opdt=2026-09-28&rcoursecd=02&rno=01
20260928,戸田,2,1,5277,井上 未都,B1,6.61,36.77,5.59,7.0,1.0,-0.16,0.0,,,雨,21.0,23.0,1.0,北,1.0,https://boatraceraid.jp/exhibition/?opdt=2026-09-28&rcoursecd=02&rno=02
20260928,戸田,2,2,4500,山田 康二,A1,6.62,37.16,5.8,7.03,2.0,-0.04,0.0,,,雨,21.0,23.0,1.0,北,1.0,https://boatraceraid.jp/exhibition/?opdt=2026-09-28&rcoursecd=02&rno=02
20260928,戸田,2,3,5096,上原 崚,A2,6.74,37.27,5.67,7.03,3.0,-0.04,0.0,,,雨,21.0,23.0,1.0,北,1.0,https://boatraceraid.jp/exhibition/?opdt=2026-09-28&rcoursecd=02&rno=02
20260928,戸田,2,4,5389,恵良 琴美,B1,6.68,37.59,5.43,6.93,4.0,0.06,0.0,,,雨,21.0,23.0,1.0,北,1.0,https://boatraceraid.jp/exhibition/?opdt=2026-09-28&rcoursecd=02&rno=02
20260928,戸田,2,5,4183,宇野 弥生,B1,6.73,37.31,5.47,7.03,5.0,0.13,-0.5,,,雨,21.0,23.0,1.0,北,1.0,https://boatraceraid.jp/exhibition/?opdt=2026-09-28&rcoursecd=02&rno=02
20260928,戸田,2,6,4906,鈴木 雅希,A2,6.8,37.5,5.27,7.07,6.0,0.03,0.0,,,雨,21.0,23.0,1.0,北,1.0,https://boatraceraid.jp/exhibition/?opdt=2026-09-28&rcoursecd=02&rno=02
20260928,戸田,3,1,4876,梅木 敬太,B1,6.73,37.24,5.62,6.97,1.0,-0.15,0.0,,,雨,21.0,23.0,0.0,南南西,0.0,https://boatraceraid.jp/exhibition/?opdt=2026-09-28&rcoursecd=02&rno=03
20260928,戸田,3,2,3539,金子 順一,B1,6.79,38.03,5.84,7.07,2.0,-0.05,0.0,,,雨,21.0,23.0,0.0,南南西,0.0,https://boatraceraid.jp/exhibition/?opdt=2026-09-28&rcoursecd=02&rno=03
20260928,戸田,3,3,4832,権藤 俊光,A1,6.83,37.33,5.47,7.03,3.0,0.09,0.0,,,雨,21.0,23.0,0.0,南南西,0.0,https://boatraceraid.jp/exhibition/?opdt=2026-09-28&rcoursecd=02&rno=03
20260928,戸田,3,4,4012,中村 有裕,A2,6.72,37.66,5.54,7.07,4.0,0.16,-0.5,,,雨,21.0,23.0,0.0,南南西,0.0,https://boatraceraid.jp/exhibition/?opdt=2026-09-28&rcoursecd=02&rno=03
20260928,戸田,3,5,5410,今泉 澪,B2,6.7,39.02,5.81,6.95,5.0,0.02,-0.5,,,雨,21.0,23.0,0.0,南南西,0.0,https://boatraceraid.jp/exhibition/?opdt=2026-09-28&rcoursecd=02&rno=03
20260928,戸田,3,6,4145,小澤 学,B1,6.65,37.63,5.9,6.93,6.0,0.07,-0.5,,,雨,21.0,23.0,0.0,南南西,0.0,https://boatraceraid.jp/exhibition/?opdt=2026-09-28&rcoursecd=02&rno=03
20260928,戸田,4,1,4462,夏山 亮平,B1,6.8,37.76,5.9,7.01,1.0,0.06,0.0,,,雨,21.0,23.0,0.0,南南西,0.0,https://boatraceraid.jp/exhibition/?opdt=2026-09-28&rcoursecd=02&rno=04
20260928,戸田,4,2,4640,山ノ内 雅人,A2,6.73,37.17,5.66,6.97,2.0,0.05,-0.5,,,雨,21.0,23.0,0.0,南南西,0.0,https://boatraceraid.jp/exhibition/?opdt=2026-09-28&rcoursecd=02&rno=04
20260928,戸田,4,3,4524,深谷 知博,A1,6.67,36.78,5.55,6.93,3.0,0.14,0.0,,,雨,21.0,23.0,0.0,南南西,0.0,https://boatraceraid.jp/exhibition/?opdt=2026-09-28&rcoursecd=02&rno=04
20260928,戸田,4,4,2538,高橋 二朗,B1,6.79,37.55,6.04,6.97,4.0,0.07,0.0,,,雨,21.0,23.0,0.0,南南西,0.0,https://boatraceraid.jp/exhibition/?opdt=2026-09-28&rcoursecd=02&rno=04
20260928,戸田,4,5,5226,藤田 俊祐,B1,6.77,37.59,6.0,6.93,5.0,0.04,0.0,,,雨,21.0,23.0,0.0,南南西,0.0,https://boatraceraid.jp/exhibition/?opdt=2026-09-28&rcoursecd=02&rno=04
20260928,戸田,4,6,3661,柳瀬 興志,A2,6.75,37.26,5.77,7.1,6.0,0.08,-0.5,,,雨,21.0,23.0,0.0,南南西,0.0,https://boatraceraid.jp/exhibition/?opdt=2026-09-28&rcoursecd=02&rno=04
20260928,戸田,5,1,4526,池田 雄祐,A2,6.67,36.63,5.33,7.03,1.0,-0.01,-0.5,,,曇り,21.0,23.0,1.0,北西,1.0,https://boatraceraid.jp/exhibition/?opdt=2026-09-28&rcoursecd=02&rno=05
20260928,戸田,5,2,5203,神里 琴音,B1,6.77,37.1,5.63,6.97,2.0,0.08,-0.5,,,曇り,21.0,23.0,1.0,北西,1.0,https://boatraceraid.jp/exhibition/?opdt=2026-09-28&rcoursecd=02&rno=05
20260928,戸田,5,3,3748,小黒 竜吾,B1,6.63,37.11,5.76,7.0,3.0,0.09,0.0,,,曇り,21.0,23.0,1.0,北西,1.0,https://boatraceraid.jp/exhibition/?opdt=2026-09-28&rcoursecd=02&rno=05
20260928,戸田,5,4,3737,上平 真二,A1,6.67,36.69,5.62,6.96,4.0,-0.05,0.0,,,曇り,21.0,23.0,1.0,北西,1.0,https://boatraceraid.jp/exhibition/?opdt=2026-09-28&rcoursecd=02&rno=05
20260928,戸田,5,5,3277,齋藤 勇,B1,6.81,37.9,5.76,6.97,5.0,0.02,0.0,,,曇り,21.0,23.0,1.0,北西,1.0,https://boatraceraid.jp/exhibition/?opdt=2026-09-28&rcoursecd=02&rno=05
20260928,戸田,5,6,5445,一ノ木 匠,B2,6.72,37.54,5.47,7.05,6.0,0.09,0.0,,,曇り,21.0,23.0,1.0,北西,1.0,https://boatraceraid.jp/exhibition/?opdt=2026-09-28&rcoursecd=02&rno=05
20260928,戸田,6,1,3801,五反田 忍,B1,6.72,37.91,5.79,7.01,1.0,0.08,0.0,,,曇り,21.0,23.0,0.0,南南西,0.0,https://boatraceraid.jp/exhibition/?opdt=2026-09-28&rcoursecd=02&rno=06
20260928,戸田,6,2,5002,上田 健太,A2,6.72,37.65,5.83,6.94,2.0,0.05,0.0,,,曇り,21.0,23.0,0.0,南南西,0.0,https://boatraceraid.jp/exhibition/?opdt=2026-09-28&rcoursecd=02&rno=06
20260928,戸田,6,3,3800,牧 宏次,A2,6.81,36.97,5.63,7.01,3.0,0.11,-0.5,,,曇り,21.0,23.0,0.0,南南西,0.0,https://boatraceraid.jp/exhibition/?opdt=2026-09-28&rcoursecd=02&rno=06
20260928,戸田,6,4,4734,安河内 将,A1,6.73,37.05,5.68,7.04,4.0,0.06,0.0,,,曇り,21.0,23.0,0.0,南南西,0.0,https://boatraceraid.jp/exhibition/?opdt=2026-09-28&rcoursecd=02&rno=06
20260928,戸田,6,5,3507,藤井 徹,B1,6.82,38.16,5.7,7.12,5.0,-0.01,-0.5,,,曇り,21.0,23.0,0.0,南南西,0.0,https://boatraceraid.jp/exhibition/?opdt=2026-09-28&rcoursecd=02&rno=06
20260928,戸田,6,6,3857,阿波 勝哉,B1,6.64,38.34,6.0,7.31,6.0,0.12,0.5,,,曇り,21.0,23.0,0.0,南南西,0.0,https://boatraceraid.jp/exhibition/?opdt=2026-09-28&rcoursecd=02&rno=06
20260928,戸田,7,1,4587,木田 峰由季,A1,6.72,37.69,5.38,7.13,1.0,0.06,-0.5,,,曇り,21.0,23.0,1.0,北西,1.0,https://boatraceraid.jp/exhibition/?opdt=2026-09-28&rcoursecd=02&rno=07
20260928,戸田,7,2,4340,土性 雅也,B2,6.7,37.3,5.77,7.0,2.0,0.26,0.0,,,曇り,21.0,23.0,1.0,北西,1.0,https://boatraceraid.jp/exhibition/?opdt=2026-09-28&rcoursecd=02&rno=07
20260928,戸田,7,3,4145,小澤 学,B1,6.68,37.4,5.83,6.93,3.0,0.17,-0.5,,,曇り,21.0,23.0,1.0,北西,1.0,https://boatraceraid.jp/exhibition/?opdt=2026-09-28&rcoursecd=02&rno=07
20260928,戸田,7,4,5433,米本 圭佑,B2,6.7,37.42,5.81,7.03,4.0,0.29,0.0,,,曇り,21.0,23.0,1.0,北西,1.0,https://boatraceraid.jp/exhibition/?opdt=2026-09-28&rcoursecd=02&rno=07
20260928,戸田,7,5,5389,恵良 琴美,B1,6.73,37.72,5.58,7.03,5.0,0.29,0.0,,,曇り,21.0,23.0,1.0,北西,1.0,https://boatraceraid.jp/exhibition/?opdt=2026-09-28&rcoursecd=02&rno=07
20260928,戸田,7,6,4982,中村 将隆,B1,6.72,37.11,5.59,7.17,6.0,0.19,0.0,,,曇り,21.0,23.0,1.0,北西,1.0,https://boatraceraid.jp/exhibition/?opdt=2026-09-28&rcoursecd=02&rno=07
20260928,戸田,8,1,4466,南 佑典,A2,6.78,37.47,5.23,7.04,1.0,0.08,0.0,,,曇り,22.0,23.0,0.0,南南西,0.0,https://boatraceraid.jp/exhibition/?opdt=2026-09-28&rcoursecd=02&rno=08
20260928,戸田,8,2,4183,宇野 弥生,B1,6.72,37.22,5.69,6.97,2.0,0.29,-0.5,,,曇り,22.0,23.0,0.0,南南西,0.0,https://boatraceraid.jp/exhibition/?opdt=2026-09-28&rcoursecd=02&rno=08
20260928,戸田,8,3,5003,来田 衣織,B1,6.6,37.45,5.56,6.93,3.0,0.14,0.0,,,曇り,22.0,23.0,0.0,南南西,0.0,https://boatraceraid.jp/exhibition/?opdt=2026-09-28&rcoursecd=02&rno=08
20260928,戸田,8,4,3661,柳瀬 興志,A2,6.75,37.32,5.64,7.15,4.0,0.07,-0.5,,,曇り,22.0,23.0,0.0,南南西,0.0,https://boatraceraid.jp/exhibition/?opdt=2026-09-28&rcoursecd=02&rno=08
20260928,戸田,8,5,4832,権藤 俊光,A1,6.74,37.35,5.48,7.04,5.0,-0.06,0.0,,,曇り,22.0,23.0,0.0,南南西,0.0,https://boatraceraid.jp/exhibition/?opdt=2026-09-28&rcoursecd=02&rno=08
20260928,戸田,8,6,4356,長岡 良也,A2,6.74,37.38,5.34,7.08,6.0,-0.03,0.0,,,曇り,22.0,23.0,0.0,南南西,0.0,https://boatraceraid.jp/exhibition/?opdt=2026-09-28&rcoursecd=02&rno=08
20260928,戸田,9,1,3873,別府 昌樹,B1,6.84,36.92,5.51,7.02,1.0,-0.02,0.0,,,曇り,22.0,23.0,0.0,南南西,0.0,https://boatraceraid.jp/exhibition/?opdt=2026-09-28&rcoursecd=02&rno=09
20260928,戸田,9,2,4906,鈴木 雅希,A2,6.78,37.31,5.56,6.97,2.0,0.03,0.0,,,曇り,22.0,23.0,0.0,南南西,0.0,https://boatraceraid.jp/exhibition/?opdt=2026-09-28&rcoursecd=02&rno=09
20260928,戸田,9,3,3737,上平 真二,A1,6.71,37.02,5.57,6.93,3.0,0.01,0.0,,,曇り,22.0,23.0,0.0,南南西,0.0,https://boatraceraid.jp/exhibition/?opdt=2026-09-28&rcoursecd=02&rno=09
20260928,戸田,9,4,3539,金子 順一,B1,6.79,38.0,5.64,7.13,4.0,-0.07,0.0,,,曇り,22.0,23.0,0.0,南南西,0.0,https://boatraceraid.jp/exhibition/?opdt=2026-09-28&rcoursecd=02&rno=09
20260928,戸田,9,5,3463,乙津 康志,B1,6.74,38.1,5.73,7.2,5.0,0.01,-0.5,,,曇り,22.0,23.0,0.0,南南西,0.0,https://boatraceraid.jp/exhibition/?opdt=2026-09-28&rcoursecd=02&rno=09
20260928,戸田,9,6,3747,國崎 良春,A2,6.71,37.6,5.97,7.08,6.0,-0.02,0.0,,,曇り,22.0,23.0,0.0,南南西,0.0,https://boatraceraid.jp/exhibition/?opdt=2026-09-28&rcoursecd=02&rno=09
20260928,戸田,10,1,3800,牧 宏次,A2,6.86,37.15,5.6,6.99,1.0,0.01,-0.5,,,曇り,22.0,23.0,2.0,北西,1.0,https://boatraceraid.jp/exhibition/?opdt=2026-09-28&rcoursecd=02&rno=10
20260928,戸田,10,2,4524,深谷 知博,A1,6.84,36.5,5.38,7.03,2.0,0.02,0.0,,,曇り,22.0,23.0,2.0,北西,1.0,https://boatraceraid.jp/exhibition/?opdt=2026-09-28&rcoursecd=02&rno=10
20260928,戸田,10,3,4526,池田 雄祐,A2,6.75,37.1,5.53,7.1,3.0,0.04,-0.5,,,曇り,22.0,23.0,2.0,北西,1.0,https://boatraceraid.jp/exhibition/?opdt=2026-09-28&rcoursecd=02&rno=10
20260928,戸田,10,4,3381,滝沢 芳行,B1,6.71,37.74,5.64,7.2,4.0,-0.03,0.0,,,曇り,22.0,23.0,2.0,北西,1.0,https://boatraceraid.jp/exhibition/?opdt=2026-09-28&rcoursecd=02&rno=10
20260928,戸田,10,5,4876,梅木 敬太,B1,6.81,37.9,6.13,7.13,5.0,0.09,0.0,,,曇り,22.0,23.0,2.0,北西,1.0,https://boatraceraid.jp/exhibition/?opdt=2026-09-28&rcoursecd=02&rno=10
20260928,戸田,10,6,5096,上原 崚,A2,6.87,36.9,5.6,7.03,6.0,-0.01,0.0,,,曇り,22.0,23.0,2.0,北西,1.0,https://boatraceraid.jp/exhibition/?opdt=2026-09-28&rcoursecd=02&rno=10
20260928,戸田,11,1,5002,上田 健太,A2,6.71,37.11,5.72,6.88,1.0,-0.02,0.0,,,曇り,22.0,23.0,2.0,北西,1.0,https://boatraceraid.jp/exhibition/?opdt=2026-09-28&rcoursecd=02&rno=11
20260928,戸田,11,2,3277,齋藤 勇,B1,6.81,37.57,5.86,6.97,2.0,-0.02,0.0,,,曇り,22.0,23.0,2.0,北西,1.0,https://boatraceraid.jp/exhibition/?opdt=2026-09-28&rcoursecd=02&rno=11
20260928,戸田,11,3,5277,井上 未都,B1,6.72,37.5,5.8,6.97,3.0,0.08,0.0,,,曇り,22.0,23.0,2.0,北西,1.0,https://boatraceraid.jp/exhibition/?opdt=2026-09-28&rcoursecd=02&rno=11
20260928,戸田,11,4,4587,木田 峰由季,A1,6.79,37.74,5.42,7.27,4.0,0.02,-0.5,,,曇り,22.0,23.0,2.0,北西,1.0,https://boatraceraid.jp/exhibition/?opdt=2026-09-28&rcoursecd=02&rno=11
20260928,戸田,11,5,5246,楠 将太郎,A2,6.76,37.81,5.66,7.06,5.0,0.01,0.5,,,曇り,22.0,23.0,2.0,北西,1.0,https://boatraceraid.jp/exhibition/?opdt=2026-09-28&rcoursecd=02&rno=11
20260928,戸田,11,6,4640,山ノ内 雅人,A2,6.73,37.09,5.67,7.03,6.0,0.19,-0.5,,,曇り,22.0,23.0,2.0,北西,1.0,https://boatraceraid.jp/exhibition/?opdt=2026-09-28&rcoursecd=02&rno=11
20260928,戸田,12,1,4734,安河内 将,A1,6.75,37.61,5.96,6.9,1.0,-0.09,0.0,,,曇り,22.0,23.0,0.0,南南西,0.0,https://boatraceraid.jp/exhibition/?opdt=2026-09-28&rcoursecd=02&rno=12
20260928,戸田,12,2,4466,南 佑典,A2,6.83,37.83,5.4,7.1,2.0,-0.02,0.0,,,曇り,22.0,23.0,0.0,南南西,0.0,https://boatraceraid.jp/exhibition/?opdt=2026-09-28&rcoursecd=02&rno=12
20260928,戸田,12,3,4012,中村 有裕,A2,6.71,37.87,5.73,7.0,3.0,-0.07,-0.5,,,曇り,22.0,23.0,0.0,南南西,0.0,https://boatraceraid.jp/exhibition/?opdt=2026-09-28&rcoursecd=02&rno=12
20260928,戸田,12,4,3748,小黒 竜吾,B1,6.76,37.5,5.57,7.09,4.0,0.07,0.0,,,曇り,22.0,23.0,0.0,南南西,0.0,https://boatraceraid.jp/exhibition/?opdt=2026-09-28&rcoursecd=02&rno=12
20260928,戸田,12,5,4500,山田 康二,A1,6.68,37.68,5.54,7.19,5.0,0.01,0.0,,,曇り,22.0,23.0,0.0,南南西,0.0,https://boatraceraid.jp/exhibition/?opdt=2026-09-28&rcoursecd=02&rno=12
20260928,戸田,12,6,5226,藤田 俊祐,B1,6.75,37.26,5.6,7.1,6.0,0.11,0.0,,,曇り,22.0,23.0,0.0,南南西,0.0,https://boatraceraid.jp/exhibition/?opdt=2026-09-28&rcoursecd=02&rno=12
20260929,戸田,1,1,2538,高橋 二朗,B1,6.7,36.93,5.54,7.02,1.0,0.14,0.0,,,曇り,21.0,23.0,0.0,南南西,0.0,https://boatraceraid.jp/exhibition/?opdt=2026-09-29&rcoursecd=02&rno=01
20260929,戸田,1,2,3801,五反田 忍,B1,6.72,38.63,5.6,6.93,2.0,0.08,0.0,,,曇り,21.0,23.0,0.0,南南西,0.0,https://boatraceraid.jp/exhibition/?opdt=2026-09-29&rcoursecd=02&rno=01
20260929,戸田,1,3,4982,中村 将隆,B1,6.67,37.5,5.63,7.03,3.0,0.11,0.0,,,曇り,21.0,23.0,0.0,南南西,0.0,https://boatraceraid.jp/exhibition/?opdt=2026-09-29&rcoursecd=02&rno=01
20260929,戸田,1,4,5258,仲本 舜,B1,6.83,38.33,5.8,7.1,4.0,0.09,-0.5,,,曇り,21.0,23.0,0.0,南南西,0.0,https://boatraceraid.jp/exhibition/?opdt=2026-09-29&rcoursecd=02&rno=01
20260929,戸田,1,5,5433,米本 圭佑,B2,6.71,37.43,5.97,6.85,5.0,0.04,0.0,,,曇り,21.0,23.0,0.0,南南西,0.0,https://boatraceraid.jp/exhibition/?opdt=2026-09-29&rcoursecd=02&rno=01
20260929,戸田,1,6,5445,一ノ木 匠,B2,6.72,36.99,5.89,7.0,6.0,0.06,0.0,,,曇り,21.0,23.0,0.0,南南西,0.0,https://boatraceraid.jp/exhibition/?opdt=2026-09-29&rcoursecd=02&rno=01
20260929,戸田,2,1,4340,土性 雅也,B2,6.64,36.88,5.41,6.92,1.0,0.13,0.0,,,曇り,21.0,23.0,0.0,南南西,0.0,https://boatraceraid.jp/exhibition/?opdt=2026-09-29&rcoursecd=02&rno=02
20260929,戸田,2,2,4466,南 佑典,A2,6.79,37.57,5.77,6.98,2.0,0.03,-0.5,,,曇り,21.0,23.0,0.0,南南西,0.0,https://boatraceraid.jp/exhibition/?opdt=2026-09-29&rcoursecd=02&rno=02
20260929,戸田,2,3,5226,藤田 俊祐,B1,6.63,37.1,5.7,6.97,3.0,0.04,0.0,,,曇り,21.0,23.0,0.0,南南西,0.0,https://boatraceraid.jp/exhibition/?opdt=2026-09-29&rcoursecd=02&rno=02
20260929,戸田,2,4,5002,上田 健太,A2,6.65,37.57,5.46,6.95,4.0,0.15,0.0,,,曇り,21.0,23.0,0.0,南南西,0.0,https://boatraceraid.jp/exhibition/?opdt=2026-09-29&rcoursecd=02&rno=02
20260929,戸田,2,5,3800,牧 宏次,A2,6.81,36.97,5.5,6.98,5.0,0.11,-0.5,,,曇り,21.0,23.0,0.0,南南西,0.0,https://boatraceraid.jp/exhibition/?opdt=2026-09-29&rcoursecd=02&rno=02
20260929,戸田,2,6,5410,今泉 澪,B2,6.72,38.41,5.72,6.87,6.0,0.01,-0.5,,,曇り,21.0,23.0,0.0,南南西,0.0,https://boatraceraid.jp/exhibition/?opdt=2026-09-29&rcoursecd=02&rno=02
20260929,戸田,3,1,3539,金子 順一,B1,6.71,37.31,5.73,7.01,1.0,0.08,0.0,,,雨,21.0,23.0,1.0,南,1.0,https://boatraceraid.jp/exhibition/?opdt=2026-09-29&rcoursecd=02&rno=03
20260929,戸田,3,2,5003,来田 衣織,B1,6.78,37.53,5.64,7.01,2.0,0.18,0.0,,,雨,21.0,23.0,1.0,南,1.0,https://boatraceraid.jp/exhibition/?opdt=2026-09-29&rcoursecd=02&rno=03
20260929,戸田,3,3,4640,山ノ内 雅人,A2,6.65,37.17,5.73,6.97,3.0,0.11,-0.5,,,雨,21.0,23.0,1.0,南,1.0,https://boatraceraid.jp/exhibition/?opdt=2026-09-29&rcoursecd=02&rno=03
20260929,戸田,3,4,4462,夏山 亮平,B1,6.8,38.03,5.73,7.13,4.0,0.18,0.0,,,雨,21.0,23.0,1.0,南,1.0,https://boatraceraid.jp/exhibition/?opdt=2026-09-29&rcoursecd=02&rno=03
20260929,戸田,3,5,4500,山田 康二,A1,6.59,37.07,5.79,7.2,5.0,0.02,0.0,,,雨,21.0,23.0,1.0,南,1.0,https://boatraceraid.jp/exhibition/?opdt=2026-09-29&rcoursecd=02&rno=03
20260929,戸田,3,6,3857,阿波 勝哉,B1,6.58,38.27,6.03,7.27,6.0,0.14,0.5,,,雨,21.0,23.0,1.0,南,1.0,https://boatraceraid.jp/exhibition/?opdt=2026-09-29&rcoursecd=02&rno=03
20260929,戸田,4,1,4145,小澤 学,B1,6.7,36.89,5.7,6.9,1.0,0.04,-0.5,,,雨,21.0,23.0,1.0,南,1.0,https://boatraceraid.jp/exhibition/?opdt=2026-09-29&rcoursecd=02&rno=04
20260929,戸田,4,2,4876,梅木 敬太,B1,6.75,37.27,5.77,6.96,2.0,0.13,0.0,,,雨,21.0,23.0,1.0,南,1.0,https://boatraceraid.jp/exhibition/?opdt=2026-09-29&rcoursecd=02&rno=04
20260929,戸田,4,3,3661,柳瀬 興志,A2,6.68,37.32,5.7,7.12,3.0,0.07,-0.5,,,雨,21.0,23.0,1.0,南,1.0,https://boatraceraid.jp/exhibition/?opdt=2026-09-29&rcoursecd=02&rno=04
20260929,戸田,4,4,4906,鈴木 雅希,A2,6.79,37.5,5.57,6.96,4.0,0.11,0.0,,,雨,21.0,23.0,1.0,南,1.0,https://boatraceraid.jp/exhibition/?opdt=2026-09-29&rcoursecd=02&rno=04
20260929,戸田,4,5,4356,長岡 良也,A2,6.69,37.43,5.47,6.99,5.0,0.11,0.0,,,雨,21.0,23.0,1.0,南,1.0,https://boatraceraid.jp/exhibition/?opdt=2026-09-29&rcoursecd=02&rno=04
20260929,戸田,4,6,3873,別府 昌樹,B1,6.79,36.66,5.17,7.14,6.0,0.19,0.0,,,雨,21.0,23.0,1.0,南,1.0,https://boatraceraid.jp/exhibition/?opdt=2026-09-29&rcoursecd=02&rno=04
20260929,戸田,5,1,4524,深谷 知博,A1,6.68,36.92,5.31,6.93,1.0,0.06,0.0,,,雨,21.0,23.0,2.0,南,1.0,https://boatraceraid.jp/exhibition/?opdt=2026-09-29&rcoursecd=02&rno=05
20260929,戸田,5,2,3747,國崎 良春,A2,6.79,38.43,5.7,6.93,2.0,0.06,-0.5,,,雨,21.0,23.0,2.0,南,1.0,https://boatraceraid.jp/exhibition/?opdt=2026-09-29&rcoursecd=02&rno=05
20260929,戸田,5,3,5203,神里 琴音,B1,6.85,37.63,5.73,6.93,3.0,0.01,-0.5,,,雨,21.0,23.0,2.0,南,1.0,https://boatraceraid.jp/exhibition/?opdt=2026-09-29&rcoursecd=02&rno=05
20260929,戸田,5,4,5246,楠 将太郎,A2,6.8,37.4,5.57,6.87,4.0,-0.01,-0.5,,,雨,21.0,23.0,2.0,南,1.0,https://boatraceraid.jp/exhibition/?opdt=2026-09-29&rcoursecd=02&rno=05
20260929,戸田,5,5,3381,滝沢 芳行,B1,6.6,37.59,5.67,7.1,5.0,0.0,0.0,,,雨,21.0,23.0,2.0,南,1.0,https://boatraceraid.jp/exhibition/?opdt=2026-09-29&rcoursecd=02&rno=05
20260929,戸田,5,6,5445,一ノ木 匠,B2,6.8,37.22,5.95,7.03,6.0,0.24,0.0,,,雨,21.0,23.0,2.0,南,1.0,https://boatraceraid.jp/exhibition/?opdt=2026-09-29&rcoursecd=02&rno=05
20260929,戸田,6,1,3800,牧 宏次,A2,6.74,36.55,5.51,6.8,1.0,0.14,-0.5,,,雨,21.0,23.0,0.0,南南西,0.0,https://boatraceraid.jp/exhibition/?opdt=2026-09-29&rcoursecd=02&rno=06
20260929,戸田,6,2,4734,安河内 将,A1,6.7,37.05,5.5,6.87,2.0,0.21,0.0,,,雨,21.0,23.0,0.0,南南西,0.0,https://boatraceraid.jp/exhibition/?opdt=2026-09-29&rcoursecd=02&rno=06
20260929,戸田,6,3,5277,井上 未都,B1,6.71,37.1,5.44,6.87,3.0,0.23,0.0,,,雨,21.0,23.0,0.0,南南西,0.0,https://boatraceraid.jp/exhibition/?opdt=2026-09-29&rcoursecd=02&rno=06
20260929,戸田,6,4,4340,土性 雅也,B2,6.73,37.11,5.25,7.07,4.0,0.22,0.0,,,雨,21.0,23.0,0.0,南南西,0.0,https://boatraceraid.jp/exhibition/?opdt=2026-09-29&rcoursecd=02&rno=06
20260929,戸田,6,5,4012,中村 有裕,A2,6.75,37.15,5.33,7.07,5.0,0.27,-0.5,,,雨,21.0,23.0,0.0,南南西,0.0,https://boatraceraid.jp/exhibition/?opdt=2026-09-29&rcoursecd=02&rno=06
20260929,戸田,6,6,5433,米本 圭佑,B2,6.68,37.39,5.92,6.85,6.0,0.18,0.0,,,雨,21.0,23.0,0.0,南南西,0.0,https://boatraceraid.jp/exhibition/?opdt=2026-09-29&rcoursecd=02&rno=06
20260929,戸田,7,1,3737,上平 真二,A1,6.68,36.81,5.59,6.77,1.0,0.03,0.0,,,雨,21.0,23.0,0.0,南南西,0.0,https://boatraceraid.jp/exhibition/?opdt=2026-09-29&rcoursecd=02&rno=07
20260929,戸田,7,2,5096,上原 崚,A2,6.75,36.93,5.63,6.9,2.0,0.11,0.0,,,雨,21.0,23.0,0.0,南南西,0.0,https://boatraceraid.jp/exhibition/?opdt=2026-09-29&rcoursecd=02&rno=07
20260929,戸田,7,3,3507,藤井 徹,B1,6.68,38.04,5.62,7.03,3.0,0.02,-0.5,,,雨,21.0,23.0,0.0,南南西,0.0,https://boatraceraid.jp/exhibition/?opdt=2026-09-29&rcoursecd=02&rno=07
20260929,戸田,7,4,4462,夏山 亮平,B1,6.73,37.72,5.85,6.98,4.0,0.01,0.0,,,雨,21.0,23.0,0.0,南南西,0.0,https://boatraceraid.jp/exhibition/?opdt=2026-09-29&rcoursecd=02&rno=07
20260929,戸田,7,5,5410,今泉 澪,B2,6.73,38.07,6.13,6.72,5.0,0.06,-0.5,,,雨,21.0,23.0,0.0,南南西,0.0,https://boatraceraid.jp/exhibition/?opdt=2026-09-29&rcoursecd=02&rno=07
20260929,戸田,7,6,3857,阿波 勝哉,B1,6.58,37.69,5.86,7.23,6.0,0.25,0.5,,,雨,21.0,23.0,0.0,南南西,0.0,https://boatraceraid.jp/exhibition/?opdt=2026-09-29&rcoursecd=02&rno=07
20260929,戸田,8,1,4640,山ノ内 雅人,A2,6.64,37.28,5.62,6.94,1.0,0.29,-0.5,,,雨,21.0,23.0,0.0,南南西,0.0,https://boatraceraid.jp/exhibition/?opdt=2026-09-29&rcoursecd=02&rno=08
20260929,戸田,8,2,3748,小黒 竜吾,B1,6.62,37.26,5.6,7.0,2.0,0.14,0.0,,,雨,21.0,23.0,0.0,南南西,0.0,https://boatraceraid.jp/exhibition/?opdt=2026-09-29&rcoursecd=02&rno=08
20260929,戸田,8,3,4906,鈴木 雅希,A2,6.66,37.95,5.52,7.07,3.0,0.08,0.0,,,雨,21.0,23.0,0.0,南南西,0.0,https://boatraceraid.jp/exhibition/?opdt=2026-09-29&rcoursecd=02&rno=08
20260929,戸田,8,4,4526,池田 雄祐,A2,6.64,37.35,5.34,7.02,4.0,0.06,-0.5,,,雨,21.0,23.0,0.0,南南西,0.0,https://boatraceraid.jp/exhibition/?opdt=2026-09-29&rcoursecd=02&rno=08
20260929,戸田,8,5,2538,高橋 二朗,B1,6.69,36.97,6.33,6.81,5.0,0.07,0.0,,,雨,21.0,23.0,0.0,南南西,0.0,https://boatraceraid.jp/exhibition/?opdt=2026-09-29&rcoursecd=02&rno=08
20260929,戸田,8,6,5389,恵良 琴美,B1,6.62,37.4,5.73,6.87,6.0,0.05,0.0,,,雨,21.0,23.0,0.0,南南西,0.0,https://boatraceraid.jp/exhibition/?opdt=2026-09-29&rcoursecd=02&rno=08
20260929,戸田,9,1,5002,上田 健太,A2,6.7,36.92,5.4,6.9,1.0,0.03,0.0,,,雨,20.0,23.0,0.0,南南西,0.0,https://boatraceraid.jp/exhibition/?opdt=2026-09-29&rcoursecd=02&rno=09
20260929,戸田,9,2,4832,権藤 俊光,A1,6.68,37.2,5.6,7.0,2.0,0.04,0.0,,,雨,20.0,23.0,0.0,南南西,0.0,https://boatraceraid.jp/exhibition/?opdt=2026-09-29&rcoursecd=02&rno=09
20260929,戸田,9,3,5258,仲本 舜,B1,6.79,37.89,5.67,7.05,3.0,-0.04,-0.5,,,雨,20.0,23.0,0.0,南南西,0.0,https://boatraceraid.jp/exhibition/?opdt=2026-09-29&rcoursecd=02&rno=09
20260929,戸田,9,4,4466,南 佑典,A2,6.76,37.74,5.57,7.07,4.0,-0.11,-0.5,,,雨,20.0,23.0,0.0,南南西,0.0,https://boatraceraid.jp/exhibition/?opdt=2026-09-29&rcoursecd=02&rno=09
20260929,戸田,9,5,3801,五反田 忍,B1,6.81,38.11,6.25,6.98,5.0,-0.08,0.0,,,雨,20.0,23.0,0.0,南南西,0.0,https://boatraceraid.jp/exhibition/?opdt=2026-09-29&rcoursecd=02&rno=09
20260929,戸田,9,6,3463,乙津 康志,B1,6.67,38.4,5.87,7.17,6.0,0.2,-0.5,,,雨,20.0,23.0,0.0,南南西,0.0,https://boatraceraid.jp/exhibition/?opdt=2026-09-29&rcoursecd=02&rno=09
20260929,戸田,10,1,4587,木田 峰由季,A1,6.8,37.19,5.46,7.1,1.0,-0.11,-0.5,,,雨,20.0,23.0,0.0,南南西,0.0,https://boatraceraid.jp/exhibition/?opdt=2026-09-29&rcoursecd=02&rno=10
20260929,戸田,10,2,4145,小澤 学,B1,6.69,36.93,5.63,6.93,2.0,-0.02,-0.5,,,雨,20.0,23.0,0.0,南南西,0.0,https://boatraceraid.jp/exhibition/?opdt=2026-09-29&rcoursecd=02&rno=10
20260929,戸田,10,3,3747,國崎 良春,A2,6.74,38.1,6.03,6.93,3.0,0.08,-0.5,,,雨,20.0,23.0,0.0,南南西,0.0,https://boatraceraid.jp/exhibition/?opdt=2026-09-29&rcoursecd=02&rno=10
20260929,戸田,10,4,4183,宇野 弥生,B1,6.74,37.37,5.73,7.0,4.0,0.21,-0.5,,,雨,20.0,23.0,0.0,南南西,0.0,https://boatraceraid.jp/exhibition/?opdt=2026-09-29&rcoursecd=02&rno=10
20260929,戸田,10,5,3661,柳瀬 興志,A2,6.7,37.18,5.38,7.13,5.0,0.04,-0.5,,,雨,20.0,23.0,0.0,南南西,0.0,https://boatraceraid.jp/exhibition/?opdt=2026-09-29&rcoursecd=02&rno=10
20260929,戸田,10,6,3277,齋藤 勇,B1,6.72,37.63,5.4,7.03,6.0,0.15,0.0,,,雨,20.0,23.0,0.0,南南西,0.0,https://boatraceraid.jp/exhibition/?opdt=2026-09-29&rcoursecd=02&rno=10
20260929,戸田,11,1,3873,別府 昌樹,B1,6.72,36.49,5.77,6.79,1.0,0.09,0.0,,,雨,20.0,23.0,0.0,南南西,0.0,https://boatraceraid.jp/exhibition/?opdt=2026-09-29&rcoursecd=02&rno=11
20260929,戸田,11,2,4012,中村 有裕,A2,6.65,37.5,5.43,7.0,2.0,-0.07,-0.5,,,雨,20.0,23.0,0.0,南南西,0.0,https://boatraceraid.jp/exhibition/?opdt=2026-09-29&rcoursecd=02&rno=11
20260929,戸田,11,3,5246,楠 将太郎,A2,6.73,37.26,5.53,6.97,3.0,-0.04,-0.5,,,雨,20.0,23.0,0.0,南南西,0.0,https://boatraceraid.jp/exhibition/?opdt=2026-09-29&rcoursecd=02&rno=11
20260929,戸田,11,4,5226,藤田 俊祐,B1,6.71,37.23,5.63,7.01,4.0,0.11,0.0,,,雨,20.0,23.0,0.0,南南西,0.0,https://boatraceraid.jp/exhibition/?opdt=2026-09-29&rcoursecd=02&rno=11
20260929,戸田,11,5,5096,上原 崚,A2,6.69,36.97,5.73,7.1,5.0,0.11,0.0,,,雨,20.0,23.0,0.0,南南西,0.0,https://boatraceraid.jp/exhibition/?opdt=2026-09-29&rcoursecd=02&rno=11
20260929,戸田,11,6,3737,上平 真二,A1,6.71,36.98,5.39,6.95,6.0,0.24,0.0,,,雨,20.0,23.0,0.0,南南西,0.0,https://boatraceraid.jp/exhibition/?opdt=2026-09-29&rcoursecd=02&rno=11
20260929,戸田,12,1,4500,山田 康二,A1,6.59,37.03,5.63,6.98,1.0,-0.01,0.0,,,雨,20.0,23.0,0.0,南南西,0.0,https://boatraceraid.jp/exhibition/?opdt=2026-09-29&rcoursecd=02&rno=12
20260929,戸田,12,2,4356,長岡 良也,A2,6.69,37.66,5.7,6.82,2.0,0.29,0.0,,,雨,20.0,23.0,0.0,南南西,0.0,https://boatraceraid.jp/exhibition/?opdt=2026-09-29&rcoursecd=02&rno=12
20260929,戸田,12,3,4526,池田 雄祐,A2,6.66,37.47,5.63,6.97,3.0,0.09,-0.5,,,雨,20.0,23.0,0.0,南南西,0.0,https://boatraceraid.jp/exhibition/?opdt=2026-09-29&rcoursecd=02&rno=12
20260929,戸田,12,4,5277,井上 未都,B1,6.72,37.78,5.8,7.0,4.0,0.06,0.0,,,雨,20.0,23.0,0.0,南南西,0.0,https://boatraceraid.jp/exhibition/?opdt=2026-09-29&rcoursecd=02&rno=12
20260929,戸田,12,5,4876,梅木 敬太,B1,6.78,37.18,5.94,7.1,5.0,0.14,-0.5,,,雨,20.0,23.0,0.0,南南西,0.0,https://boatraceraid.jp/exhibition/?opdt=2026-09-29&rcoursecd=02&rno=12
20260929,戸田,12,6,4524,深谷 知博,A1,6.72,36.96,5.55,6.93,6.0,0.03,0.0,,,雨,20.0,23.0,0.0,南南西,0.0,https://boatraceraid.jp/exhibition/?opdt=2026-09-29&rcoursecd=02&rno=12
20260930,戸田,1,1,3381,滝沢 芳行,B1,6.7,36.95,5.5,6.95,1.0,0.08,-0.5,,,曇り,18.0,22.0,0.0,南南西,0.0,https://boatraceraid.jp/exhibition/?opdt=2026-09-30&rcoursecd=02&rno=01
20260930,戸田,1,2,3463,乙津 康志,B1,6.71,37.71,5.69,7.03,2.0,0.11,-0.5,,,曇り,18.0,22.0,0.0,南南西,0.0,https://boatraceraid.jp/exhibition/?opdt=2026-09-30&rcoursecd=02&rno=01
20260930,戸田,1,3,4183,宇野 弥生,B1,6.71,37.8,5.63,6.83,3.0,0.07,-0.5,,,曇り,18.0,22.0,0.0,南南西,0.0,https://boatraceraid.jp/exhibition/?opdt=2026-09-30&rcoursecd=02&rno=01
20260930,戸田,1,4,4145,小澤 学,B1,6.72,36.77,5.83,6.8,4.0,0.14,-0.5,,,曇り,18.0,22.0,0.0,南南西,0.0,https://boatraceraid.jp/exhibition/?opdt=2026-09-30&rcoursecd=02&rno=01
20260930,戸田,1,5,5433,米本 圭佑,B2,6.67,36.84,5.76,6.91,5.0,0.11,0.0,,,曇り,18.0,22.0,0.0,南南西,0.0,https://boatraceraid.jp/exhibition/?opdt=2026-09-30&rcoursecd=02&rno=01
20260930,戸田,1,6,4340,土性 雅也,B2,6.76,37.4,5.26,6.99,6.0,0.18,0.0,,,曇り,18.0,22.0,0.0,南南西,0.0,https://boatraceraid.jp/exhibition/?opdt=2026-09-30&rcoursecd=02&rno=01
20260930,戸田,2,1,3748,小黒 竜吾,B1,6.68,37.34,5.73,6.87,1.0,0.18,0.0,,,曇り,20.0,22.0,1.0,北東,1.0,https://boatraceraid.jp/exhibition/?opdt=2026-09-30&rcoursecd=02&rno=02
20260930,戸田,2,2,3800,牧 宏次,A2,6.74,36.86,5.54,6.93,2.0,0.08,-0.5,,,曇り,20.0,22.0,1.0,北東,1.0,https://boatraceraid.jp/exhibition/?opdt=2026-09-30&rcoursecd=02&rno=02
20260930,戸田,2,3,3277,齋藤 勇,B1,6.65,37.74,5.7,6.83,3.0,0.07,0.0,,,曇り,20.0,22.0,1.0,北東,1.0,https://boatraceraid.jp/exhibition/?opdt=2026-09-30&rcoursecd=02&rno=02
20260930,戸田,2,4,3801,五反田 忍,B1,6.64,38.01,5.53,6.9,4.0,-0.03,0.0,,,曇り,20.0,22.0,1.0,北東,1.0,https://boatraceraid.jp/exhibition/?opdt=2026-09-30&rcoursecd=02&rno=02
20260930,戸田,2,5,5096,上原 崚,A2,6.69,36.84,5.53,6.9,5.0,-0.05,0.0,,,曇り,20.0,22.0,1.0,北東,1.0,https://boatraceraid.jp/exhibition/?opdt=2026-09-30&rcoursecd=02&rno=02
20260930,戸田,2,6,5203,神里 琴音,B1,6.67,36.86,5.9,6.83,6.0,0.03,-0.5,,,曇り,20.0,22.0,1.0,北東,1.0,https://boatraceraid.jp/exhibition/?opdt=2026-09-30&rcoursecd=02&rno=02
20260930,戸田,3,1,5258,仲本 舜,B1,6.73,37.39,5.63,6.9,1.0,0.06,-0.5,,,曇り,20.0,22.0,1.0,北東,1.0,https://boatraceraid.jp/exhibition/?opdt=2026-09-30&rcoursecd=02&rno=03
20260930,戸田,3,2,4462,夏山 亮平,B1,6.61,37.78,5.65,7.07,2.0,0.07,0.0,,,曇り,20.0,22.0,1.0,北東,1.0,https://boatraceraid.jp/exhibition/?opdt=2026-09-30&rcoursecd=02&rno=03
20260930,戸田,3,3,5002,上田 健太,A2,6.61,37.5,5.26,7.0,3.0,0.01,0.0,,,曇り,20.0,22.0,1.0,北東,1.0,https://boatraceraid.jp/exhibition/?opdt=2026-09-30&rcoursecd=02&rno=03
20260930,戸田,3,4,3661,柳瀬 興志,A2,6.73,37.24,5.43,7.1,4.0,-0.01,-0.5,,,曇り,20.0,22.0,1.0,北東,1.0,https://boatraceraid.jp/exhibition/?opdt=2026-09-30&rcoursecd=02&rno=03
20260930,戸田,3,5,5389,恵良 琴美,B1,6.66,37.3,5.73,6.9,5.0,0.06,0.0,,,曇り,20.0,22.0,1.0,北東,1.0,https://boatraceraid.jp/exhibition/?opdt=2026-09-30&rcoursecd=02&rno=03
20260930,戸田,3,6,2538,高橋 二朗,B1,6.68,36.95,5.92,6.9,6.0,0.04,0.0,,,曇り,20.0,22.0,1.0,北東,1.0,https://boatraceraid.jp/exhibition/?opdt=2026-09-30&rcoursecd=02&rno=03
20260930,戸田,4,1,5003,来田 衣織,B1,6.51,37.23,5.6,6.9,1.0,0.15,0.0,,,曇り,21.0,22.0,1.0,北,1.0,https://boatraceraid.jp/exhibition/?opdt=2026-09-30&rcoursecd=02&rno=04
20260930,戸田,4,2,4640,山ノ内 雅人,A2,6.64,37.23,5.43,6.93,2.0,0.16,-0.5,,,曇り,21.0,22.0,1.0,北,1.0,https://boatraceraid.jp/exhibition/?opdt=2026-09-30&rcoursecd=02&rno=04
20260930,戸田,4,3,4982,中村 将隆,B1,6.64,37.03,5.27,7.1,3.0,0.14,0.0,,,曇り,21.0,22.0,1.0,北,1.0,https://boatraceraid.jp/exhibition/?opdt=2026-09-30&rcoursecd=02&rno=04
20260930,戸田,4,4,5226,藤田 俊祐,B1,6.63,37.26,5.34,7.03,4.0,0.05,0.0,,,曇り,21.0,22.0,1.0,北,1.0,https://boatraceraid.jp/exhibition/?opdt=2026-09-30&rcoursecd=02&rno=04
20260930,戸田,4,5,4832,権藤 俊光,A1,6.59,36.89,5.17,6.97,5.0,0.02,0.0,,,曇り,21.0,22.0,1.0,北,1.0,https://boatraceraid.jp/exhibition/?opdt=2026-09-30&rcoursecd=02&rno=04
20260930,戸田,4,6,5445,一ノ木 匠,B2,6.7,37.51,5.23,7.07,6.0,0.06,0.0,,,曇り,21.0,22.0,1.0,北,1.0,https://boatraceraid.jp/exhibition/?opdt=2026-09-30&rcoursecd=02&rno=04
20260930,戸田,5,1,3747,國崎 良春,A2,6.73,37.78,5.76,6.83,1.0,0.05,-0.5,,,曇り,21.0,23.0,3.0,東,2.0,https://boatraceraid.jp/exhibition/?opdt=2026-09-30&rcoursecd=02&rno=05
20260930,戸田,5,2,4340,土性 雅也,B2,6.72,37.52,5.35,6.97,2.0,0.12,0.0,,,曇り,21.0,23.0,3.0,東,2.0,https://boatraceraid.jp/exhibition/?opdt=2026-09-30&rcoursecd=02&rno=05
20260930,戸田,5,3,3463,乙津 康志,B1,6.66,37.85,5.79,7.07,3.0,0.06,-0.5,,,曇り,21.0,23.0,3.0,東,2.0,https://boatraceraid.jp/exhibition/?opdt=2026-09-30&rcoursecd=02&rno=05
20260930,戸田,5,4,4526,池田 雄祐,A2,6.69,37.16,5.67,6.9,4.0,0.21,-0.5,,,曇り,21.0,23.0,3.0,東,2.0,https://boatraceraid.jp/exhibition/?opdt=2026-09-30&rcoursecd=02&rno=05
20260930,戸田,5,5,3539,金子 順一,B1,6.8,37.89,5.6,7.1,5.0,0.01,0.0,,,曇り,21.0,23.0,3.0,東,2.0,https://boatraceraid.jp/exhibition/?opdt=2026-09-30&rcoursecd=02&rno=05
20260930,戸田,5,6,3857,阿波 勝哉,B1,6.61,38.0,5.87,7.17,6.0,0.02,0.5,,,曇り,21.0,23.0,3.0,東,2.0,https://boatraceraid.jp/exhibition/?opdt=2026-09-30&rcoursecd=02&rno=05
20260930,戸田,6,1,4906,鈴木 雅希,A2,6.69,36.99,5.37,6.83,1.0,0.13,0.0,,,曇り,21.0,23.0,1.0,北東,1.0,https://boatraceraid.jp/exhibition/?opdt=2026-09-30&rcoursecd=02&rno=06
20260930,戸田,6,2,4587,木田 峰由季,A1,6.81,37.27,5.23,7.08,2.0,0.04,-0.5,,,曇り,21.0,23.0,1.0,北東,1.0,https://boatraceraid.jp/exhibition/?opdt=2026-09-30&rcoursecd=02&rno=06
20260930,戸田,6,3,3381,滝沢 芳行,B1,6.76,36.87,5.43,7.03,3.0,0.0,-0.5,,,曇り,21.0,23.0,1.0,北東,1.0,https://boatraceraid.jp/exhibition/?opdt=2026-09-30&rcoursecd=02&rno=06
20260930,戸田,6,4,5277,井上 未都,B1,6.69,37.31,5.42,7.03,4.0,-0.01,0.0,,,曇り,21.0,23.0,1.0,北東,1.0,https://boatraceraid.jp/exhibition/?opdt=2026-09-30&rcoursecd=02&rno=06
20260930,戸田,6,5,4524,深谷 知博,A1,6.72,36.64,5.3,7.01,5.0,-0.04,0.0,,,曇り,21.0,23.0,1.0,北東,1.0,https://boatraceraid.jp/exhibition/?opdt=2026-09-30&rcoursecd=02&rno=06
20260930,戸田,6,6,3748,小黒 竜吾,B1,6.74,37.43,5.73,7.03,6.0,0.25,-0.5,,,曇り,21.0,23.0,1.0,北東,1.0,https://boatraceraid.jp/exhibition/?opdt=2026-09-30&rcoursecd=02&rno=06
20260930,戸田,7,1,4734,安河内 将,A1,6.73,36.59,5.8,6.88,1.0,0.01,0.0,,,曇り,20.0,23.0,1.0,北東,1.0,https://boatraceraid.jp/exhibition/?opdt=2026-09-30&rcoursecd=02&rno=07
20260930,戸田,7,2,3277,齋藤 勇,B1,6.77,37.23,5.66,6.97,2.0,-0.12,0.0,,,曇り,20.0,23.0,1.0,北東,1.0,https://boatraceraid.jp/exhibition/?opdt=2026-09-30&rcoursecd=02&rno=07
20260930,戸田,7,3,5258,仲本 舜,B1,6.84,37.79,5.77,7.0,3.0,-0.09,-0.5,,,曇り,20.0,23.0,1.0,北東,1.0,https://boatraceraid.jp/exhibition/?opdt=2026-09-30&rcoursecd=02&rno=07
20260930,戸田,7,4,3873,別府 昌樹,B1,6.82,37.03,5.32,7.0,4.0,-0.03,0.0,,,曇り,20.0,23.0,1.0,北東,1.0,https://boatraceraid.jp/exhibition/?opdt=2026-09-30&rcoursecd=02&rno=07
20260930,戸田,7,5,4462,夏山 亮平,B1,6.85,37.97,5.63,7.07,5.0,0.16,0.0,,,曇り,20.0,23.0,1.0,北東,1.0,https://boatraceraid.jp/exhibition/?opdt=2026-09-30&rcoursecd=02&rno=07
20260930,戸田,7,6,5433,米本 圭佑,B2,6.78,37.24,5.67,6.97,6.0,-0.05,0.0,,,曇り,20.0,23.0,1.0,北東,1.0,https://boatraceraid.jp/exhibition/?opdt=2026-09-30&rcoursecd=02&rno=07
20260930,戸田,8,1,5203,神里 琴音,B1,6.84,37.37,5.23,6.9,1.0,0.06,-0.5,,,曇り,21.0,23.0,1.0,北東,1.0,https://boatraceraid.jp/exhibition/?opdt=2026-09-30&rcoursecd=02&rno=08
20260930,戸田,8,2,4183,宇野 弥生,B1,6.7,37.57,5.68,6.87,2.0,0.16,-0.5,,,曇り,21.0,23.0,1.0,北東,1.0,https://boatraceraid.jp/exhibition/?opdt=2026-09-30&rcoursecd=02&rno=08
20260930,戸田,8,3,3801,五反田 忍,B1,6.8,37.58,6.38,6.95,3.0,0.14,0.0,,,曇り,21.0,23.0,1.0,北東,1.0,https://boatraceraid.jp/exhibition/?opdt=2026-09-30&rcoursecd=02&rno=08
20260930,戸田,8,4,5389,恵良 琴美,B1,6.76,37.9,5.37,6.97,4.0,0.05,0.0,,,曇り,21.0,23.0,1.0,北東,1.0,https://boatraceraid.jp/exhibition/?opdt=2026-09-30&rcoursecd=02&rno=08
20260930,戸田,8,5,5003,来田 衣織,B1,6.67,37.64,5.8,6.93,5.0,0.19,0.0,,,曇り,21.0,23.0,1.0,北東,1.0,https://boatraceraid.jp/exhibition/?opdt=2026-09-30&rcoursecd=02&rno=08
20260930,戸田,8,6,5410,今泉 澪,B2,6.78,38.57,5.66,6.93,6.0,0.17,-0.5,,,曇り,21.0,23.0,1.0,北東,1.0,https://boatraceraid.jp/exhibition/?opdt=2026-09-30&rcoursecd=02&rno=08
20260930,戸田,9,1,4832,権藤 俊光,A1,6.71,36.57,5.43,6.88,1.0,0.01,0.0,,,曇り,21.0,23.0,1.0,北東,1.0,https://boatraceraid.jp/exhibition/?opdt=2026-09-30&rcoursecd=02&rno=09
20260930,戸田,9,2,4982,中村 将隆,B1,6.79,36.96,5.47,6.95,2.0,0.05,0.0,,,曇り,21.0,23.0,1.0,北東,1.0,https://boatraceraid.jp/exhibition/?opdt=2026-09-30&rcoursecd=02&rno=09
20260930,戸田,9,3,2538,高橋 二朗,B1,6.77,37.19,6.4,6.8,3.0,0.15,-0.5,,,曇り,21.0,23.0,1.0,北東,1.0,https://boatraceraid.jp/exhibition/?opdt=2026-09-30&rcoursecd=02&rno=09
20260930,戸田,9,4,4466,南 佑典,A2,6.82,37.6,5.7,6.97,4.0,0.04,-0.5,,,曇り,21.0,23.0,1.0,北東,1.0,https://boatraceraid.jp/exhibition/?opdt=2026-09-30&rcoursecd=02&rno=09
20260930,戸田,9,5,3747,國崎 良春,A2,6.76,37.14,5.9,6.96,5.0,0.02,-0.5,,,曇り,21.0,23.0,1.0,北東,1.0,https://boatraceraid.jp/exhibition/?opdt=2026-09-30&rcoursecd=02&rno=09
20260930,戸田,9,6,3857,阿波 勝哉,B1,6.71,37.89,6.2,7.06,6.0,0.01,0.5,,,曇り,21.0,23.0,1.0,北東,1.0,https://boatraceraid.jp/exhibition/?opdt=2026-09-30&rcoursecd=02&rno=09
20260930,戸田,10,1,5096,上原 崚,A2,6.77,36.83,5.38,6.87,1.0,-0.02,0.0,,,晴,21.0,23.0,3.0,東,2.0,https://boatraceraid.jp/exhibition/?opdt=2026-09-30&rcoursecd=02&rno=10
20260930,戸田,10,2,5277,井上 未都,B1,6.69,37.63,5.8,6.87,2.0,0.09,0.0,,,晴,21.0,23.0,3.0,東,2.0,https://boatraceraid.jp/exhibition/?opdt=2026-09-30&rcoursecd=02&rno=10
20260930,戸田,10,3,5226,藤田 俊祐,B1,6.73,37.61,5.63,6.9,3.0,-0.01,0.0,,,晴,21.0,23.0,3.0,東,2.0,https://boatraceraid.jp/exhibition/?opdt=2026-09-30&rcoursecd=02&rno=10
20260930,戸田,10,4,5002,上田 健太,A2,6.76,38.17,5.67,7.0,4.0,0.18,0.0,,,晴,21.0,23.0,3.0,東,2.0,https://boatraceraid.jp/exhibition/?opdt=2026-09-30&rcoursecd=02&rno=10
20260930,戸田,10,5,4587,木田 峰由季,A1,6.77,38.03,5.4,7.15,5.0,0.11,-0.5,,,晴,21.0,23.0,3.0,東,2.0,https://boatraceraid.jp/exhibition/?opdt=2026-09-30&rcoursecd=02&rno=10
20260930,戸田,10,6,3800,牧 宏次,A2,6.82,37.0,6.4,6.7,6.0,0.09,-0.5,,,晴,21.0,23.0,3.0,東,2.0,https://boatraceraid.jp/exhibition/?opdt=2026-09-30&rcoursecd=02&rno=10
20260930,戸田,11,1,4524,深谷 知博,A1,6.75,36.4,5.53,6.77,1.0,-0.05,0.0,,,曇り,21.0,23.0,1.0,北東,1.0,https://boatraceraid.jp/exhibition/?opdt=2026-09-30&rcoursecd=02&rno=11
20260930,戸田,11,2,3873,別府 昌樹,B1,6.79,36.64,5.32,6.97,2.0,0.05,0.0,,,曇り,21.0,23.0,1.0,北東,1.0,https://boatraceraid.jp/exhibition/?opdt=2026-09-30&rcoursecd=02&rno=11
20260930,戸田,11,3,4526,池田 雄祐,A2,6.72,37.17,5.4,6.9,3.0,-0.01,-0.5,,,曇り,21.0,23.0,1.0,北東,1.0,https://boatraceraid.jp/exhibition/?opdt=2026-09-30&rcoursecd=02&rno=11
20260930,戸田,11,4,4906,鈴木 雅希,A2,6.81,37.53,5.42,7.0,4.0,-0.06,0.0,,,曇り,21.0,23.0,1.0,北東,1.0,https://boatraceraid.jp/exhibition/?opdt=2026-09-30&rcoursecd=02&rno=11
20260930,戸田,11,5,4640,山ノ内 雅人,A2,6.74,37.57,5.43,6.93,5.0,0.09,-0.5,,,曇り,21.0,23.0,1.0,北東,1.0,https://boatraceraid.jp/exhibition/?opdt=2026-09-30&rcoursecd=02&rno=11
20260930,戸田,11,6,4734,安河内 将,A1,6.77,36.91,5.5,6.93,6.0,0.02,0.5,,,曇り,21.0,23.0,1.0,北東,1.0,https://boatraceraid.jp/exhibition/?opdt=2026-09-30&rcoursecd=02&rno=11
20260930,戸田,12,1,4500,山田 康二,A1,6.69,36.84,5.63,6.83,1.0,-0.09,0.0,,,曇り,21.0,23.0,1.0,北東,1.0,https://boatraceraid.jp/exhibition/?opdt=2026-09-30&rcoursecd=02&rno=12
20260930,戸田,12,2,5246,楠 将太郎,A2,6.83,36.9,5.63,6.88,2.0,0.14,-0.5,,,曇り,21.0,23.0,1.0,北東,1.0,https://boatraceraid.jp/exhibition/?opdt=2026-09-30&rcoursecd=02&rno=12
20260930,戸田,12,3,4012,中村 有裕,A2,6.79,37.14,5.4,7.04,3.0,0.04,-0.5,,,曇り,21.0,23.0,1.0,北東,1.0,https://boatraceraid.jp/exhibition/?opdt=2026-09-30&rcoursecd=02&rno=12
20260930,戸田,12,4,4356,長岡 良也,A2,6.79,37.1,5.23,6.91,4.0,0.08,0.0,,,曇り,21.0,23.0,1.0,北東,1.0,https://boatraceraid.jp/exhibition/?opdt=2026-09-30&rcoursecd=02&rno=12
20260930,戸田,12,5,4876,梅木 敬太,B1,6.88,38.31,5.37,7.1,5.0,0.05,0.0,,,曇り,21.0,23.0,1.0,北東,1.0,https://boatraceraid.jp/exhibition/?opdt=2026-09-30&rcoursecd=02&rno=12
20260930,戸田,12,6,3737,上平 真二,A1,6.78,37.0,5.36,7.07,6.0,0.03,0.0,,,曇り,21.0,23.0,1.0,北東,1.0,https://boatraceraid.jp/exhibition/?opdt=2026-09-30&rcoursecd=02&rno=12
20260914,平和島,1,1,3432,宮迫 暢彦,B1,6.92,37.07,5.71,7.53,1.0,-0.07,0.0,,,晴,30.0,26.0,5.0,南,3.0,https://boatraceraid.jp/exhibition/?opdt=2026-09-14&rcoursecd=04&rno=01
20260914,平和島,1,2,4367,山口 修路,B1,6.91,37.49,5.81,7.6,2.0,0.07,0.0,,,晴,30.0,26.0,5.0,南,3.0,https://boatraceraid.jp/exhibition/?opdt=2026-09-14&rcoursecd=04&rno=01
20260914,平和島,1,3,5023,久永 祥平,A2,6.94,37.51,5.92,7.54,3.0,0.05,-0.5,,,晴,30.0,26.0,5.0,南,3.0,https://boatraceraid.jp/exhibition/?opdt=2026-09-14&rcoursecd=04&rno=01
20260914,平和島,1,4,3313,本吉 正樹,B1,7.02,38.14,6.33,7.5,4.0,0.01,0.0,,,晴,30.0,26.0,5.0,南,3.0,https://boatraceraid.jp/exhibition/?opdt=2026-09-14&rcoursecd=04&rno=01
20260914,平和島,1,5,4697,國弘 翔平,B1,6.97,37.93,6.4,7.57,5.0,0.03,-0.5,,,晴,30.0,26.0,5.0,南,3.0,https://boatraceraid.jp/exhibition/?opdt=2026-09-14&rcoursecd=04&rno=01
20260914,平和島,1,6,5393,藤原 駿,B2,7.11,37.47,6.22,7.43,6.0,0.06,-0.5,,,晴,30.0,26.0,5.0,南,3.0,https://boatraceraid.jp/exhibition/?opdt=2026-09-14&rcoursecd=04&rno=01
20260914,平和島,2,1,4880,澤崎 雄哉,B1,7.05,38.22,6.05,7.73,1.0,0.03,0.0,,,晴,30.0,26.0,5.0,南,3.0,https://boatraceraid.jp/exhibition/?opdt=2026-09-14&rcoursecd=04&rno=02
20260914,平和島,2,2,5105,富田 恕生,B1,7.05,38.0,5.7,7.63,2.0,0.07,0.0,,,晴,30.0,26.0,5.0,南,3.0,https://boatraceraid.jp/exhibition/?opdt=2026-09-14&rcoursecd=04&rno=02
20260914,平和島,2,3,4659,木下 翔太,A1,7.04,38.07,5.99,7.77,3.0,0.02,0.0,,,晴,30.0,26.0,5.0,南,3.0,https://boatraceraid.jp/exhibition/?opdt=2026-09-14&rcoursecd=04&rno=02
20260914,平和島,2,4,5081,篠原 飛翔,A2,6.98,37.8,6.21,7.67,4.0,0.04,0.0,,,晴,30.0,26.0,5.0,南,3.0,https://boatraceraid.jp/exhibition/?opdt=2026-09-14&rcoursecd=04&rno=02
20260914,平和島,2,5,4863,三浦 裕貴,B1,6.99,37.5,6.05,7.76,5.0,0.04,0.0,,,晴,30.0,26.0,5.0,南,3.0,https://boatraceraid.jp/exhibition/?opdt=2026-09-14&rcoursecd=04&rno=02
20260914,平和島,2,6,3951,石川 吉鎬,B1,6.97,38.03,6.18,7.73,6.0,-0.09,0.0,,,晴,30.0,26.0,5.0,南,3.0,https://boatraceraid.jp/exhibition/?opdt=2026-09-14&rcoursecd=04&rno=02
20260914,平和島,3,1,3107,平岡 重典,B1,7.08,38.37,6.63,7.8,1.0,0.21,0.0,,,晴,31.0,26.0,4.0,南,3.0,https://boatraceraid.jp/exhibition/?opdt=2026-09-14&rcoursecd=04&rno=03
20260914,平和島,3,2,3771,折下 寛法,B1,7.0,37.8,6.37,7.43,2.0,-0.06,0.0,,,晴,31.0,26.0,4.0,南,3.0,https://boatraceraid.jp/exhibition/?opdt=2026-09-14&rcoursecd=04&rno=03
20260914,平和島,3,3,3747,國崎 良春,A2,7.03,38.24,6.01,7.63,3.0,-0.01,0.0,,,晴,31.0,26.0,4.0,南,3.0,https://boatraceraid.jp/exhibition/?opdt=2026-09-14&rcoursecd=04&rno=03
20260914,平和島,3,4,4200,早川 尚人,B1,6.96,38.13,5.97,7.69,4.0,0.25,0.0,,,晴,31.0,26.0,4.0,南,3.0,https://boatraceraid.jp/exhibition/?opdt=2026-09-14&rcoursecd=04&rno=03
20260914,平和島,3,5,4769,馬場 剛,A1,7.0,38.31,6.03,7.67,5.0,0.01,0.0,,,晴,31.0,26.0,4.0,南,3.0,https://boatraceraid.jp/exhibition/?opdt=2026-09-14&rcoursecd=04&rno=03
20260914,平和島,3,6,5031,渡辺 空依,B1,7.12,37.88,5.83,7.7,6.0,-0.08,0.0,,,晴,31.0,26.0,4.0,南,3.0,https://boatraceraid.jp/exhibition/?opdt=2026-09-14&rcoursecd=04&rno=03
20260914,平和島,4,1,4421,森作 広大,B1,7.06,38.1,5.83,7.7,1.0,0.08,-0.5,,,晴,30.0,26.0,7.0,南,4.0,https://boatraceraid.jp/exhibition/?opdt=2026-09-14&rcoursecd=04&rno=04
20260914,平和島,4,2,4272,大場 広孝,B1,6.93,38.8,5.83,7.64,2.0,0.28,-0.5,,,晴,30.0,26.0,7.0,南,4.0,https://boatraceraid.jp/exhibition/?opdt=2026-09-14&rcoursecd=04&rno=04
20260914,平和島,4,3,3105,内山 文典,B1,7.08,38.69,5.87,7.69,3.0,0.28,0.0,,,晴,30.0,26.0,7.0,南,4.0,https://boatraceraid.jp/exhibition/?opdt=2026-09-14&rcoursecd=04&rno=04
20260914,平和島,4,4,4508,野間 大樹,A2,7.1,38.03,5.8,7.71,4.0,0.16,-0.5,,,晴,30.0,26.0,7.0,南,4.0,https://boatraceraid.jp/exhibition/?opdt=2026-09-14&rcoursecd=04&rno=04
20260914,平和島,4,5,5237,永松 良教,B2,7.18,37.64,5.6,7.62,5.0,0.09,0.0,,,晴,30.0,26.0,7.0,南,4.0,https://boatraceraid.jp/exhibition/?opdt=2026-09-14&rcoursecd=04&rno=04
20260914,平和島,4,6,3439,大平 誉史明,A1,7.21,38.45,5.96,7.69,6.0,0.1,0.0,,,晴,30.0,26.0,7.0,南,4.0,https://boatraceraid.jp/exhibition/?opdt=2026-09-14&rcoursecd=04&rno=04
20260914,平和島,5,1,3564,桑原 啓,B1,7.03,37.65,5.9,7.66,1.0,0.0,0.0,,,晴,30.0,26.0,4.0,南,3.0,https://boatraceraid.jp/exhibition/?opdt=2026-09-14&rcoursecd=04&rno=05
20260914,平和島,5,2,4976,金山 立樹,B1,7.08,37.83,5.87,7.74,2.0,0.13,0.0,,,晴,30.0,26.0,4.0,南,3.0,https://boatraceraid.jp/exhibition/?opdt=2026-09-14&rcoursecd=04&rno=05
20260914,平和島,5,3,3857,阿波 勝哉,B1,6.97,37.65,6.17,7.7,3.0,0.02,0.0,,,晴,30.0,26.0,4.0,南,3.0,https://boatraceraid.jp/exhibition/?opdt=2026-09-14&rcoursecd=04&rno=05
20260914,平和島,5,4,4377,濱本 優一,A1,7.12,37.93,5.98,7.74,4.0,0.2,-0.5,,,晴,30.0,26.0,4.0,南,3.0,https://boatraceraid.jp/exhibition/?opdt=2026-09-14&rcoursecd=04&rno=05
20260914,平和島,5,5,3915,繁野谷 圭介,A2,7.08,37.8,6.0,7.77,5.0,0.02,0.0,,,晴,30.0,26.0,4.0,南,3.0,https://boatraceraid.jp/exhibition/?opdt=2026-09-14&rcoursecd=04&rno=05
20260914,平和島,5,6,3876,中辻 崇人,A1,7.03,37.37,5.7,7.77,6.0,-0.04,0.5,,,晴,30.0,26.0,4.0,南,3.0,https://boatraceraid.jp/exhibition/?opdt=2026-09-14&rcoursecd=04&rno=05
20260914,平和島,6,1,4651,佐藤 大騎,B1,7.04,37.97,6.0,7.7,1.0,0.22,0.0,,,晴,30.0,26.0,6.0,南,4.0,https://boatraceraid.jp/exhibition/?opdt=2026-09-14&rcoursecd=04&rno=06
20260914,平和島,6,2,4053,芦澤 望,A2,7.01,38.07,6.07,7.83,2.0,0.12,0.0,,,晴,30.0,26.0,6.0,南,4.0,https://boatraceraid.jp/exhibition/?opdt=2026-09-14&rcoursecd=04&rno=06
20260914,平和島,6,3,3904,森 貴洋,B1,6.92,37.6,6.1,7.67,3.0,0.12,0.0,,,晴,30.0,26.0,6.0,南,4.0,https://boatraceraid.jp/exhibition/?opdt=2026-09-14&rcoursecd=04&rno=06
20260914,平和島,6,4,4367,山口 修路,B1,6.91,37.79,5.84,7.73,4.0,0.08,0.0,,,晴,30.0,26.0,6.0,南,4.0,https://boatraceraid.jp/exhibition/?opdt=2026-09-14&rcoursecd=04&rno=06
20260914,平和島,6,5,4104,木下 陽介,B1,6.93,38.37,6.0,7.73,5.0,0.05,0.0,,,晴,30.0,26.0,6.0,南,4.0,https://boatraceraid.jp/exhibition/?opdt=2026-09-14&rcoursecd=04&rno=06
20260914,平和島,6,6,4932,新開 航,A1,6.91,37.83,5.9,7.67,6.0,0.05,0.0,,,晴,30.0,26.0,6.0,南,4.0,https://boatraceraid.jp/exhibition/?opdt=2026-09-14&rcoursecd=04&rno=06
20260914,平和島,7,1,4180,上野 秀和,A2,6.89,37.06,5.54,7.55,1.0,-0.07,0.0,,,晴,30.0,26.0,6.0,南,4.0,https://boatraceraid.jp/exhibition/?opdt=2026-09-14&rcoursecd=04&rno=07
20260914,平和島,7,2,3432,宮迫 暢彦,B1,6.99,37.46,5.54,7.63,2.0,-0.01,0.0,,,晴,30.0,26.0,6.0,南,4.0,https://boatraceraid.jp/exhibition/?opdt=2026-09-14&rcoursecd=04&rno=07
20260914,平和島,7,3,4610,佐藤 大佑,A1,7.03,37.7,5.83,7.67,3.0,0.04,-0.5,,,晴,30.0,26.0,6.0,南,4.0,https://boatraceraid.jp/exhibition/?opdt=2026-09-14&rcoursecd=04&rno=07
20260914,平和島,7,4,5022,伊藤 尚汰,B1,7.01,37.77,5.7,7.64,4.0,0.09,0.0,,,晴,30.0,26.0,6.0,南,4.0,https://boatraceraid.jp/exhibition/?opdt=2026-09-14&rcoursecd=04&rno=07
20260914,平和島,7,5,4082,濱崎 誠,B1,7.04,37.66,5.81,7.64,5.0,0.19,0.0,,,晴,30.0,26.0,6.0,南,4.0,https://boatraceraid.jp/exhibition/?opdt=2026-09-14&rcoursecd=04&rno=07
20260914,平和島,7,6,5424,熊倉 幹太,B2,7.06,37.63,5.87,7.63,6.0,0.17,-0.5,,,晴,30.0,26.0,6.0,南,4.0,https://boatraceraid.jp/exhibition/?opdt=2026-09-14&rcoursecd=04&rno=07
20260914,平和島,8,1,5023,久永 祥平,A2,7.0,37.8,5.8,7.65,1.0,0.12,-0.5,,,晴,30.0,26.0,7.0,南,5.0,https://boatraceraid.jp/exhibition/?opdt=2026-09-14&rcoursecd=04&rno=08
20260914,平和島,8,2,4422,永井 亮次,B1,7.01,38.2,6.63,7.53,2.0,0.03,-0.5,,,晴,30.0,26.0,7.0,南,5.0,https://boatraceraid.jp/exhibition/?opdt=2026-09-14&rcoursecd=04&rno=08
20260914,平和島,8,3,3963,原田 秀弥,A2,6.93,37.86,6.31,7.7,3.0,-0.08,-0.5,,,晴,30.0,26.0,7.0,南,5.0,https://boatraceraid.jp/exhibition/?opdt=2026-09-14&rcoursecd=04&rno=08
20260914,平和島,8,4,3771,折下 寛法,B1,6.92,38.43,6.6,7.43,4.0,-0.08,0.0,,,晴,30.0,26.0,7.0,南,5.0,https://boatraceraid.jp/exhibition/?opdt=2026-09-14&rcoursecd=04&rno=08
20260914,平和島,8,5,5081,篠原 飛翔,A2,6.98,37.93,6.07,7.67,5.0,-0.01,0.0,,,晴,30.0,26.0,7.0,南,5.0,https://boatraceraid.jp/exhibition/?opdt=2026-09-14&rcoursecd=04&rno=08
20260914,平和島,8,6,5209,小野 京平,B1,7.13,38.3,7.27,7.63,6.0,-0.04,0.0,,,晴,30.0,26.0,7.0,南,5.0,https://boatraceraid.jp/exhibition/?opdt=2026-09-14&rcoursecd=04&rno=08
20260914,平和島,9,1,5104,山田 丈,A2,6.96,37.53,5.7,7.5,1.0,-0.05,0.0,,,晴,30.0,26.0,7.0,南,5.0,https://boatraceraid.jp/exhibition/?opdt=2026-09-14&rcoursecd=04&rno=09
20260914,平和島,9,2,3800,牧 宏次,A2,7.04,37.73,5.63,7.63,2.0,0.01,-0.5,,,晴,30.0,26.0,7.0,南,5.0,https://boatraceraid.jp/exhibition/?opdt=2026-09-14&rcoursecd=04&rno=09
20260914,平和島,9,3,3107,平岡 重典,B1,7.04,37.83,5.63,7.7,3.0,0.07,0.0,,,晴,30.0,26.0,7.0,南,5.0,https://boatraceraid.jp/exhibition/?opdt=2026-09-14&rcoursecd=04&rno=09
20260914,平和島,9,4,4697,國弘 翔平,B1,6.99,38.7,5.87,7.63,4.0,-0.03,-0.5,,,晴,30.0,26.0,7.0,南,5.0,https://boatraceraid.jp/exhibition/?opdt=2026-09-14&rcoursecd=04&rno=09
20260914,平和島,9,5,4508,野間 大樹,A2,7.04,37.97,5.63,7.67,5.0,-0.03,-0.5,,,晴,30.0,26.0,7.0,南,5.0,https://boatraceraid.jp/exhibition/?opdt=2026-09-14&rcoursecd=04&rno=09
20260914,平和島,9,6,4863,三浦 裕貴,B1,7.09,37.1,5.47,7.67,6.0,-0.04,0.0,,,晴,30.0,26.0,7.0,南,5.0,https://boatraceraid.jp/exhibition/?opdt=2026-09-14&rcoursecd=04&rno=09
20260914,平和島,10,1,4377,濱本 優一,A1,6.98,37.6,5.7,7.6,1.0,0.14,0.0,,,曇り,30.0,26.0,7.0,南,5.0,https://boatraceraid.jp/exhibition/?opdt=2026-09-14&rcoursecd=04&rno=10
20260914,平和島,10,2,3747,國崎 良春,A2,6.97,38.0,5.87,7.63,2.0,-0.01,0.0,,,曇り,30.0,26.0,7.0,南,5.0,https://boatraceraid.jp/exhibition/?opdt=2026-09-14&rcoursecd=04&rno=10
20260914,平和島,10,3,4272,大場 広孝,B1,6.83,38.33,5.97,7.57,3.0,-0.05,-0.5,,,曇り,30.0,26.0,7.0,南,5.0,https://boatraceraid.jp/exhibition/?opdt=2026-09-14&rcoursecd=04&rno=10
20260914,平和島,10,4,3385,渡邉 睦広,A2,6.81,38.3,5.97,7.6,4.0,0.12,-0.5,,,曇り,30.0,26.0,7.0,南,5.0,https://boatraceraid.jp/exhibition/?opdt=2026-09-14&rcoursecd=04&rno=10
20260914,平和島,10,5,3951,石川 吉鎬,B1,6.81,38.27,6.1,7.8,5.0,-0.06,0.0,,,曇り,30.0,26.0,7.0,南,5.0,https://boatraceraid.jp/exhibition/?opdt=2026-09-14&rcoursecd=04&rno=10
20260914,平和島,10,6,3313,本吉 正樹,B1,7.16,38.47,6.5,7.8,6.0,-0.01,-0.5,,,曇り,30.0,26.0,7.0,南,5.0,https://boatraceraid.jp/exhibition/?opdt=2026-09-14&rcoursecd=04&rno=10
20260914,平和島,11,1,4288,永田 啓二,A1,6.99,37.4,5.97,7.63,1.0,0.01,0.5,,,曇り,29.0,26.0,6.0,南,5.0,https://boatraceraid.jp/exhibition/?opdt=2026-09-14&rcoursecd=04&rno=11
20260914,平和島,11,2,3915,繁野谷 圭介,A2,7.05,37.7,6.5,7.47,2.0,0.06,0.0,,,曇り,29.0,26.0,6.0,南,5.0,https://boatraceraid.jp/exhibition/?opdt=2026-09-14&rcoursecd=04&rno=11
20260914,平和島,11,3,5031,渡辺 空依,B1,7.09,37.53,5.87,7.67,3.0,0.09,0.0,,,曇り,29.0,26.0,6.0,南,5.0,https://boatraceraid.jp/exhibition/?opdt=2026-09-14&rcoursecd=04&rno=11
20260914,平和島,11,4,5004,河野 主樹,A2,6.89,36.93,5.8,7.57,4.0,0.06,-0.5,,,曇り,29.0,26.0,6.0,南,5.0,https://boatraceraid.jp/exhibition/?opdt=2026-09-14&rcoursecd=04&rno=11
20260914,平和島,11,5,4880,澤崎 雄哉,B1,6.98,37.77,5.8,7.67,5.0,0.07,0.0,,,曇り,29.0,26.0,6.0,南,5.0,https://boatraceraid.jp/exhibition/?opdt=2026-09-14&rcoursecd=04&rno=11
20260914,平和島,11,6,4053,芦澤 望,A2,6.99,38.07,6.4,7.53,6.0,0.25,0.0,,,曇り,29.0,26.0,6.0,南,5.0,https://boatraceraid.jp/exhibition/?opdt=2026-09-14&rcoursecd=04&rno=11
20260914,平和島,12,1,4610,佐藤 大佑,A1,6.94,38.17,6.07,7.7,1.0,0.13,-0.5,,,晴,29.0,26.0,8.0,南,5.0,https://boatraceraid.jp/exhibition/?opdt=2026-09-14&rcoursecd=04&rno=12
20260914,平和島,12,2,3439,大平 誉史明,A1,7.12,38.23,5.97,7.87,2.0,0.1,0.0,,,晴,29.0,26.0,8.0,南,5.0,https://boatraceraid.jp/exhibition/?opdt=2026-09-14&rcoursecd=04&rno=12
20260914,平和島,12,3,3876,中辻 崇人,A1,6.95,37.34,5.95,7.6,3.0,0.15,0.5,,,晴,29.0,26.0,8.0,南,5.0,https://boatraceraid.jp/exhibition/?opdt=2026-09-14&rcoursecd=04&rno=12
20260914,平和島,12,4,4769,馬場 剛,A1,7.04,38.43,6.3,7.6,4.0,0.14,0.0,,,晴,29.0,26.0,8.0,南,5.0,https://boatraceraid.jp/exhibition/?opdt=2026-09-14&rcoursecd=04&rno=12
20260914,平和島,12,5,4932,新開 航,A1,7.03,38.4,6.23,7.9,5.0,0.11,0.0,,,晴,29.0,26.0,8.0,南,5.0,https://boatraceraid.jp/exhibition/?opdt=2026-09-14&rcoursecd=04&rno=12
20260914,平和島,12,6,4659,木下 翔太,A1,6.99,38.55,5.97,7.83,6.0,0.06,0.0,,,晴,29.0,26.0,8.0,南,5.0,https://boatraceraid.jp/exhibition/?opdt=2026-09-14&rcoursecd=04&rno=12
20260915,平和島,1,1,5105,富田 恕生,B1,6.88,36.9,5.4,7.54,1.0,0.22,0.0,,,雨,28.0,26.0,2.0,南,3.0,https://boatraceraid.jp/exhibition/?opdt=2026-09-15&rcoursecd=04&rno=01
20260915,平和島,1,2,3105,内山 文典,B1,6.79,37.26,5.64,7.57,2.0,0.01,-0.5,,,雨,28.0,26.0,2.0,南,3.0,https://boatraceraid.jp/exhibition/?opdt=2026-09-15&rcoursecd=04&rno=01
20260915,平和島,1,3,5004,河野 主樹,A2,6.87,36.96,5.6,7.57,3.0,0.05,-0.5,,,雨,28.0,26.0,2.0,南,3.0,https://boatraceraid.jp/exhibition/?opdt=2026-09-15&rcoursecd=04&rno=01
20260915,平和島,1,4,5424,熊倉 幹太,B2,6.84,37.76,5.9,7.61,4.0,0.48,0.0,,,雨,28.0,26.0,2.0,南,3.0,https://boatraceraid.jp/exhibition/?opdt=2026-09-15&rcoursecd=04&rno=01
20260915,平和島,1,5,3564,桑原 啓,B1,6.8,37.19,5.69,7.6,5.0,0.05,0.0,,,雨,28.0,26.0,2.0,南,3.0,https://boatraceraid.jp/exhibition/?opdt=2026-09-15&rcoursecd=04&rno=01
20260915,平和島,1,6,3904,森 貴洋,B1,6.71,37.26,5.8,7.57,6.0,0.06,0.0,,,雨,28.0,26.0,2.0,南,3.0,https://boatraceraid.jp/exhibition/?opdt=2026-09-15&rcoursecd=04&rno=01
20260915,平和島,2,1,4422,永井 亮次,B1,6.83,37.94,5.76,7.56,1.0,0.03,0.0,,,雨,28.0,26.0,2.0,南,3.0,https://boatraceraid.jp/exhibition/?opdt=2026-09-15&rcoursecd=04&rno=02
20260915,平和島,2,2,5031,渡辺 空依,B1,6.79,37.63,5.69,7.53,2.0,0.13,0.0,,,雨,28.0,26.0,2.0,南,3.0,https://boatraceraid.jp/exhibition/?opdt=2026-09-15&rcoursecd=04&rno=02
20260915,平和島,2,3,3800,牧 宏次,A2,6.87,37.45,5.89,7.53,3.0,0.16,-0.5,,,雨,28.0,26.0,2.0,南,3.0,https://boatraceraid.jp/exhibition/?opdt=2026-09-15&rcoursecd=04&rno=02
20260915,平和島,2,4,3857,阿波 勝哉,B1,6.92,37.6,6.0,7.53,4.0,-0.03,0.0,,,雨,28.0,26.0,2.0,南,3.0,https://boatraceraid.jp/exhibition/?opdt=2026-09-15&rcoursecd=04&rno=02
20260915,平和島,2,5,3439,大平 誉史明,A1,6.93,38.99,5.97,7.73,5.0,-0.01,0.0,,,雨,28.0,26.0,2.0,南,3.0,https://boatraceraid.jp/exhibition/?opdt=2026-09-15&rcoursecd=04&rno=02
20260915,平和島,2,6,4367,山口 修路,B1,6.72,37.58,5.67,7.6,6.0,0.15,0.0,,,雨,28.0,26.0,2.0,南,3.0,https://boatraceraid.jp/exhibition/?opdt=2026-09-15&rcoursecd=04&rno=02
20260915,平和島,3,1,3107,平岡 重典,B1,6.94,37.87,5.8,7.71,1.0,0.27,0.0,,,曇り,27.0,26.0,1.0,南,3.0,https://boatraceraid.jp/exhibition/?opdt=2026-09-15&rcoursecd=04&rno=03
20260915,平和島,3,2,4288,永田 啓二,A1,6.85,38.04,5.86,7.67,2.0,0.21,0.5,,,曇り,27.0,26.0,1.0,南,3.0,https://boatraceraid.jp/exhibition/?opdt=2026-09-15&rcoursecd=04&rno=03
20260915,平和島,3,3,5393,藤原 駿,B2,6.89,37.99,5.93,7.57,3.0,0.07,-0.5,,,曇り,27.0,26.0,1.0,南,3.0,https://boatraceraid.jp/exhibition/?opdt=2026-09-15&rcoursecd=04&rno=03
20260915,平和島,3,4,4421,森作 広大,B1,6.88,38.2,5.81,7.6,4.0,0.05,-0.5,,,曇り,27.0,26.0,1.0,南,3.0,https://boatraceraid.jp/exhibition/?opdt=2026-09-15&rcoursecd=04&rno=03
20260915,平和島,3,5,4180,上野 秀和,A2,6.79,37.43,5.73,7.5,5.0,-0.02,0.0,,,曇り,27.0,26.0,1.0,南,3.0,https://boatraceraid.jp/exhibition/?opdt=2026-09-15&rcoursecd=04&rno=03
20260915,平和島,3,6,4104,木下 陽介,B1,,,,,,,,,,曇り,27.0,26.0,1.0,南,3.0,https://boatraceraid.jp/exhibition/?opdt=2026-09-15&rcoursecd=04&rno=03
20260915,平和島,4,1,5209,小野 京平,B1,6.95,37.51,5.71,7.65,1.0,0.26,0.0,,,曇り,27.0,26.0,2.0,南,3.0,https://boatraceraid.jp/exhibition/?opdt=2026-09-15&rcoursecd=04&rno=04
20260915,平和島,4,2,4200,早川 尚人,B1,6.79,37.86,5.74,7.57,2.0,0.16,0.0,,,曇り,27.0,26.0,2.0,南,3.0,https://boatraceraid.jp/exhibition/?opdt=2026-09-15&rcoursecd=04&rno=04
20260915,平和島,4,3,4880,澤崎 雄哉,B1,6.82,38.3,5.9,7.73,3.0,0.26,0.0,,,曇り,27.0,26.0,2.0,南,3.0,https://boatraceraid.jp/exhibition/?opdt=2026-09-15&rcoursecd=04&rno=04
20260915,平和島,4,4,4082,濱崎 誠,B1,6.87,38.39,5.87,7.77,4.0,0.22,-0.5,,,曇り,27.0,26.0,2.0,南,3.0,https://boatraceraid.jp/exhibition/?opdt=2026-09-15&rcoursecd=04&rno=04
20260915,平和島,4,5,3876,中辻 崇人,A1,6.8,37.16,5.54,7.67,5.0,0.1,0.5,,,曇り,27.0,26.0,2.0,南,3.0,https://boatraceraid.jp/exhibition/?opdt=2026-09-15&rcoursecd=04&rno=04
20260915,平和島,4,6,3385,渡邉 睦広,A2,6.66,38.2,5.63,7.73,6.0,0.15,-0.5,,,曇り,27.0,26.0,2.0,南,3.0,https://boatraceraid.jp/exhibition/?opdt=2026-09-15&rcoursecd=04&rno=04
20260915,平和島,5,1,4697,國弘 翔平,B1,6.87,38.3,5.93,7.67,1.0,0.19,-0.5,,,曇り,27.0,26.0,2.0,南,3.0,https://boatraceraid.jp/exhibition/?opdt=2026-09-15&rcoursecd=04&rno=05
20260915,平和島,5,2,4769,馬場 剛,A1,6.91,38.57,5.93,7.6,2.0,0.26,0.0,,,曇り,27.0,26.0,2.0,南,3.0,https://boatraceraid.jp/exhibition/?opdt=2026-09-15&rcoursecd=04&rno=05
20260915,平和島,5,3,4976,金山 立樹,B1,6.87,38.2,5.87,7.67,3.0,0.16,0.0,,,曇り,27.0,26.0,2.0,南,3.0,https://boatraceraid.jp/exhibition/?opdt=2026-09-15&rcoursecd=04&rno=05
20260915,平和島,5,4,3963,原田 秀弥,A2,6.77,37.89,5.84,7.63,4.0,0.08,0.0,,,曇り,27.0,26.0,2.0,南,3.0,https://boatraceraid.jp/exhibition/?opdt=2026-09-15&rcoursecd=04&rno=05
20260915,平和島,5,5,3432,宮迫 暢彦,B1,6.79,37.59,5.8,7.64,5.0,0.01,0.0,,,曇り,27.0,26.0,2.0,南,3.0,https://boatraceraid.jp/exhibition/?opdt=2026-09-15&rcoursecd=04&rno=05
20260915,平和島,5,6,4272,大場 広孝,B1,6.73,37.52,5.74,7.63,6.0,0.11,0.0,,,曇り,27.0,26.0,2.0,南,3.0,https://boatraceraid.jp/exhibition/?opdt=2026-09-15&rcoursecd=04&rno=05
20260915,平和島,6,1,3771,折下 寛法,B1,6.8,37.1,5.78,7.53,1.0,-0.03,0.0,,,曇り,27.0,26.0,3.0,南,3.0,https://boatraceraid.jp/exhibition/?opdt=2026-09-15&rcoursecd=04&rno=06
20260915,平和島,6,2,5104,山田 丈,A2,6.84,37.71,5.63,7.55,2.0,0.11,0.0,,,曇り,27.0,26.0,3.0,南,3.0,https://boatraceraid.jp/exhibition/?opdt=2026-09-15&rcoursecd=04&rno=06
20260915,平和島,6,3,3313,本吉 正樹,B1,6.91,38.0,6.17,7.51,3.0,0.05,-0.5,,,曇り,27.0,26.0,3.0,南,3.0,https://boatraceraid.jp/exhibition/?opdt=2026-09-15&rcoursecd=04&rno=06
20260915,平和島,6,4,3904,森 貴洋,B1,6.75,37.67,6.2,7.55,4.0,0.17,0.0,,,曇り,27.0,26.0,3.0,南,3.0,https://boatraceraid.jp/exhibition/?opdt=2026-09-15&rcoursecd=04&rno=06
20260915,平和島,6,5,4659,木下 翔太,A1,6.69,37.9,6.4,7.64,5.0,0.14,0.0,,,曇り,27.0,26.0,3.0,南,3.0,https://boatraceraid.jp/exhibition/?opdt=2026-09-15&rcoursecd=04&rno=06
20260915,平和島,6,6,5237,永松 良教,B2,6.91,37.2,5.88,7.65,6.0,0.14,0.0,,,曇り,27.0,26.0,3.0,南,3.0,https://boatraceraid.jp/exhibition/?opdt=2026-09-15&rcoursecd=04&rno=06
20260915,平和島,7,1,3915,繁野谷 圭介,A2,6.86,37.57,5.87,7.54,1.0,0.03,0.0,,,曇り,27.0,26.0,1.0,南,3.0,https://boatraceraid.jp/exhibition/?opdt=2026-09-15&rcoursecd=04&rno=07
20260915,平和島,7,2,5022,伊藤 尚汰,B1,6.77,37.87,5.87,7.67,2.0,0.09,-0.5,,,曇り,27.0,26.0,1.0,南,3.0,https://boatraceraid.jp/exhibition/?opdt=2026-09-15&rcoursecd=04&rno=07
20260915,平和島,7,3,4932,新開 航,A1,6.84,37.88,5.74,7.6,3.0,0.19,0.0,,,曇り,27.0,26.0,1.0,南,3.0,https://boatraceraid.jp/exhibition/?opdt=2026-09-15&rcoursecd=04&rno=07
20260915,平和島,7,4,4863,三浦 裕貴,B1,6.94,37.21,5.54,7.57,4.0,0.14,0.0,,,曇り,27.0,26.0,1.0,南,3.0,https://boatraceraid.jp/exhibition/?opdt=2026-09-15&rcoursecd=04&rno=07
20260915,平和島,7,5,4422,永井 亮次,B1,6.92,38.32,5.87,7.63,5.0,0.09,0.0,,,曇り,27.0,26.0,1.0,南,3.0,https://boatraceraid.jp/exhibition/?opdt=2026-09-15&rcoursecd=04&rno=07
20260915,平和島,7,6,3105,内山 文典,B1,6.81,37.27,5.63,7.53,6.0,0.16,-0.5,,,曇り,27.0,26.0,1.0,南,3.0,https://boatraceraid.jp/exhibition/?opdt=2026-09-15&rcoursecd=04&rno=07
20260915,平和島,8,1,4508,野間 大樹,A2,6.79,37.53,5.67,7.57,1.0,0.05,-0.5,,,曇り,27.0,26.0,2.0,南,3.0,https://boatraceraid.jp/exhibition/?opdt=2026-09-15&rcoursecd=04&rno=08
20260915,平和島,8,2,3951,石川 吉鎬,B1,6.91,37.97,5.67,7.7,2.0,0.06,0.0,,,曇り,27.0,26.0,2.0,南,3.0,https://boatraceraid.jp/exhibition/?opdt=2026-09-15&rcoursecd=04&rno=08
20260915,平和島,8,3,3564,桑原 啓,B1,6.67,37.7,5.9,7.5,3.0,-0.14,0.0,,,曇り,27.0,26.0,2.0,南,3.0,https://boatraceraid.jp/exhibition/?opdt=2026-09-15&rcoursecd=04&rno=08
20260915,平和島,8,4,5209,小野 京平,B1,6.82,37.77,5.6,7.6,4.0,-0.15,0.0,,,曇り,27.0,26.0,2.0,南,3.0,https://boatraceraid.jp/exhibition/?opdt=2026-09-15&rcoursecd=04&rno=08
20260915,平和島,8,5,4610,佐藤 大佑,A1,6.75,38.27,5.9,7.7,5.0,-0.17,0.0,,,曇り,27.0,26.0,2.0,南,3.0,https://boatraceraid.jp/exhibition/?opdt=2026-09-15&rcoursecd=04&rno=08
20260915,平和島,8,6,4104,木下 陽介,B1,,,,,,,,,,曇り,27.0,26.0,2.0,南,3.0,https://boatraceraid.jp/exhibition/?opdt=2026-09-15&rcoursecd=04&rno=08
20260915,平和島,9,1,4053,芦澤 望,A2,6.85,37.4,5.61,7.6,1.0,0.19,0.0,,,曇り,27.0,26.0,0.0,東,3.0,https://boatraceraid.jp/exhibition/?opdt=2026-09-15&rcoursecd=04&rno=09
20260915,平和島,9,2,5081,篠原 飛翔,A2,6.83,37.5,5.7,7.57,2.0,0.21,0.0,,,曇り,27.0,26.0,0.0,東,3.0,https://boatraceraid.jp/exhibition/?opdt=2026-09-15&rcoursecd=04&rno=09
20260915,平和島,9,3,3439,大平 誉史明,A1,6.93,38.33,5.83,7.63,3.0,0.19,0.0,,,曇り,27.0,26.0,0.0,東,3.0,https://boatraceraid.jp/exhibition/?opdt=2026-09-15&rcoursecd=04&rno=09
20260915,平和島,9,4,4180,上野 秀和,A2,6.77,37.5,5.73,7.5,4.0,-0.01,0.0,,,曇り,27.0,26.0,0.0,東,3.0,https://boatraceraid.jp/exhibition/?opdt=2026-09-15&rcoursecd=04&rno=09
20260915,平和島,9,5,4976,金山 立樹,B1,6.79,38.1,5.7,7.53,5.0,-0.04,0.0,,,曇り,27.0,26.0,0.0,東,3.0,https://boatraceraid.jp/exhibition/?opdt=2026-09-15&rcoursecd=04&rno=09
20260915,平和島,9,6,4200,早川 尚人,B1,6.77,37.6,5.77,7.53,6.0,0.05,0.0,,,曇り,27.0,26.0,0.0,東,3.0,https://boatraceraid.jp/exhibition/?opdt=2026-09-15&rcoursecd=04&rno=09
20260915,平和島,10,1,3876,中辻 崇人,A1,6.86,37.26,5.56,7.6,1.0,0.03,0.5,,,曇り,27.0,26.0,0.0,東,3.0,https://boatraceraid.jp/exhibition/?opdt=2026-09-15&rcoursecd=04&rno=10
20260915,平和島,10,2,5004,河野 主樹,A2,6.7,37.44,5.76,7.5,2.0,0.09,-0.5,,,曇り,27.0,26.0,0.0,東,3.0,https://boatraceraid.jp/exhibition/?opdt=2026-09-15&rcoursecd=04&rno=10
20260915,平和島,10,3,4651,佐藤 大騎,B1,6.79,38.7,6.14,7.6,3.0,0.28,0.0,,,曇り,27.0,26.0,0.0,東,3.0,https://boatraceraid.jp/exhibition/?opdt=2026-09-15&rcoursecd=04&rno=10
20260915,平和島,10,4,3747,國崎 良春,A2,6.79,37.83,6.14,7.66,4.0,0.03,0.0,,,曇り,27.0,26.0,0.0,東,3.0,https://boatraceraid.jp/exhibition/?opdt=2026-09-15&rcoursecd=04&rno=10
20260915,平和島,10,5,3800,牧 宏次,A2,6.86,37.93,5.78,7.67,5.0,0.05,-0.5,,,曇り,27.0,26.0,0.0,東,3.0,https://boatraceraid.jp/exhibition/?opdt=2026-09-15&rcoursecd=04&rno=10
20260915,平和島,10,6,4421,森作 広大,B1,6.99,38.08,5.77,7.7,6.0,0.1,-0.5,,,曇り,27.0,26.0,0.0,東,3.0,https://boatraceraid.jp/exhibition/?opdt=2026-09-15&rcoursecd=04&rno=10
20260915,平和島,11,1,4769,馬場 剛,A1,6.86,38.12,6.07,7.57,1.0,0.01,0.0,,,曇り,27.0,26.0,3.0,南,3.0,https://boatraceraid.jp/exhibition/?opdt=2026-09-15&rcoursecd=04&rno=11
20260915,平和島,11,2,4082,濱崎 誠,B1,6.83,38.13,5.93,7.6,2.0,0.27,0.0,,,曇り,27.0,26.0,3.0,南,3.0,https://boatraceraid.jp/exhibition/?opdt=2026-09-15&rcoursecd=04&rno=11
20260915,平和島,11,3,5105,富田 恕生,B1,6.79,38.0,6.17,7.5,3.0,0.18,0.0,,,曇り,27.0,26.0,3.0,南,3.0,https://boatraceraid.jp/exhibition/?opdt=2026-09-15&rcoursecd=04&rno=11
20260915,平和島,11,4,5023,久永 祥平,A2,6.77,37.6,6.04,7.7,4.0,0.04,0.0,,,曇り,27.0,26.0,3.0,南,3.0,https://boatraceraid.jp/exhibition/?opdt=2026-09-15&rcoursecd=04&rno=11
20260915,平和島,11,5,5104,山田 丈,A2,6.68,37.69,5.81,7.49,5.0,-0.01,0.0,,,曇り,27.0,26.0,3.0,南,3.0,https://boatraceraid.jp/exhibition/?opdt=2026-09-15&rcoursecd=04&rno=11
20260915,平和島,11,6,4377,濱本 優一,A1,6.74,37.75,5.6,7.53,6.0,0.18,0.0,,,曇り,27.0,26.0,3.0,南,3.0,https://boatraceraid.jp/exhibition/?opdt=2026-09-15&rcoursecd=04&rno=11
20260915,平和島,12,1,4659,木下 翔太,A1,6.7,37.47,5.63,7.53,1.0,0.1,0.0,,,曇り,27.0,26.0,2.0,南,3.0,https://boatraceraid.jp/exhibition/?opdt=2026-09-15&rcoursecd=04&rno=12
20260915,平和島,12,2,3385,渡邉 睦広,A2,6.59,37.83,5.9,7.53,2.0,0.18,-0.5,,,曇り,27.0,26.0,2.0,南,3.0,https://boatraceraid.jp/exhibition/?opdt=2026-09-15&rcoursecd=04&rno=12
20260915,平和島,12,3,5022,伊藤 尚汰,B1,6.73,38.0,5.73,7.53,3.0,0.19,0.0,,,曇り,27.0,26.0,2.0,南,3.0,https://boatraceraid.jp/exhibition/?opdt=2026-09-15&rcoursecd=04&rno=12
20260915,平和島,12,4,4288,永田 啓二,A1,6.86,37.6,5.63,7.57,4.0,0.02,0.5,,,曇り,27.0,26.0,2.0,南,3.0,https://boatraceraid.jp/exhibition/?opdt=2026-09-15&rcoursecd=04&rno=12
20260915,平和島,12,5,3963,原田 秀弥,A2,6.72,37.85,5.81,7.67,5.0,0.28,-0.5,,,曇り,27.0,26.0,2.0,南,3.0,https://boatraceraid.jp/exhibition/?opdt=2026-09-15&rcoursecd=04&rno=12
20260915,平和島,12,6,3857,阿波 勝哉,B1,6.74,38.23,6.37,7.7,6.0,0.24,2.0,,,曇り,27.0,26.0,2.0,南,3.0,https://boatraceraid.jp/exhibition/?opdt=2026-09-15&rcoursecd=04&rno=12
20260916,平和島,1,1,4976,金山 立樹,B1,6.75,37.1,5.67,7.41,1.0,0.05,-0.5,,,雨,22.0,26.0,3.0,北,3.0,https://boatraceraid.jp/exhibition/?opdt=2026-09-16&rcoursecd=04&rno=01
20260916,平和島,1,2,3951,石川 吉鎬,B1,6.85,37.56,5.67,7.5,2.0,0.11,0.0,,,雨,22.0,26.0,3.0,北,3.0,https://boatraceraid.jp/exhibition/?opdt=2026-09-16&rcoursecd=04&rno=01
20260916,平和島,1,3,5081,篠原 飛翔,A2,6.81,37.5,5.54,7.51,3.0,0.07,0.0,,,雨,22.0,26.0,3.0,北,3.0,https://boatraceraid.jp/exhibition/?opdt=2026-09-16&rcoursecd=04&rno=01
20260916,平和島,1,4,4880,澤崎 雄哉,B1,6.73,38.51,5.76,7.58,4.0,-0.02,0.0,,,雨,22.0,26.0,3.0,北,3.0,https://boatraceraid.jp/exhibition/?opdt=2026-09-16&rcoursecd=04&rno=01
20260916,平和島,1,5,3747,國崎 良春,A2,6.69,37.18,5.63,7.48,5.0,-0.07,0.0,,,雨,22.0,26.0,3.0,北,3.0,https://boatraceraid.jp/exhibition/?opdt=2026-09-16&rcoursecd=04&rno=01
20260916,平和島,1,6,4651,佐藤 大騎,B1,6.7,37.55,5.66,7.47,6.0,0.06,0.0,,,雨,22.0,26.0,3.0,北,3.0,https://boatraceraid.jp/exhibition/?opdt=2026-09-16&rcoursecd=04&rno=01
20260916,平和島,2,1,4272,大場 広孝,B1,6.72,37.1,5.56,7.5,1.0,0.14,0.0,,,雨,22.0,26.0,3.0,北,3.0,https://boatraceraid.jp/exhibition/?opdt=2026-09-16&rcoursecd=04&rno=02
20260916,平和島,2,2,4610,佐藤 大佑,A1,6.64,38.25,5.83,7.43,2.0,0.27,0.0,,,雨,22.0,26.0,3.0,北,3.0,https://boatraceraid.jp/exhibition/?opdt=2026-09-16&rcoursecd=04&rno=02
20260916,平和島,2,3,3385,渡邉 睦広,A2,6.58,37.35,5.75,7.43,3.0,0.14,-0.5,,,雨,22.0,26.0,3.0,北,3.0,https://boatraceraid.jp/exhibition/?opdt=2026-09-16&rcoursecd=04&rno=02
20260916,平和島,2,4,5393,藤原 駿,B2,6.82,38.06,5.57,7.44,4.0,0.1,-0.5,,,雨,22.0,26.0,3.0,北,3.0,https://boatraceraid.jp/exhibition/?opdt=2026-09-16&rcoursecd=04&rno=02
20260916,平和島,2,5,4200,早川 尚人,B1,6.7,37.56,5.7,7.47,5.0,-0.07,0.0,,,雨,22.0,26.0,3.0,北,3.0,https://boatraceraid.jp/exhibition/?opdt=2026-09-16&rcoursecd=04&rno=02
20260916,平和島,2,6,5022,伊藤 尚汰,B1,6.65,37.86,5.97,7.4,6.0,0.19,0.5,,,雨,22.0,26.0,3.0,北,3.0,https://boatraceraid.jp/exhibition/?opdt=2026-09-16&rcoursecd=04&rno=02
20260916,平和島,3,1,5237,永松 良教,B2,6.83,36.73,5.5,7.4,1.0,0.18,0.0,,,雨,22.0,26.0,0.0,東,3.0,https://boatraceraid.jp/exhibition/?opdt=2026-09-16&rcoursecd=04&rno=03
20260916,平和島,3,2,4377,濱本 優一,A1,6.8,38.08,5.55,7.43,2.0,-0.11,0.0,,,雨,22.0,26.0,0.0,東,3.0,https://boatraceraid.jp/exhibition/?opdt=2026-09-16&rcoursecd=04&rno=03
20260916,平和島,3,3,4769,馬場 剛,A1,6.85,38.48,5.82,7.43,3.0,-0.1,0.0,,,雨,22.0,26.0,0.0,東,3.0,https://boatraceraid.jp/exhibition/?opdt=2026-09-16&rcoursecd=04&rno=03
20260916,平和島,3,4,4422,永井 亮次,B1,6.82,38.11,5.82,7.43,4.0,0.03,0.0,,,雨,22.0,26.0,0.0,東,3.0,https://boatraceraid.jp/exhibition/?opdt=2026-09-16&rcoursecd=04&rno=03
20260916,平和島,3,5,3313,本吉 正樹,B1,6.61,37.8,6.03,7.37,5.0,-0.01,0.0,,,雨,22.0,26.0,0.0,東,3.0,https://boatraceraid.jp/exhibition/?opdt=2026-09-16&rcoursecd=04&rno=03
20260916,平和島,3,6,3564,桑原 啓,B1,6.61,37.33,6.1,7.37,6.0,0.41,0.0,,,雨,22.0,26.0,0.0,東,3.0,https://boatraceraid.jp/exhibition/?opdt=2026-09-16&rcoursecd=04&rno=03
20260916,平和島,4,1,3857,阿波 勝哉,B1,6.64,36.97,5.76,7.4,1.0,-0.1,0.0,,,雨,22.0,26.0,2.0,北,3.0,https://boatraceraid.jp/exhibition/?opdt=2026-09-16&rcoursecd=04&rno=04
20260916,平和島,4,2,5209,小野 京平,B1,6.76,37.32,5.62,7.46,2.0,0.13,0.0,,,雨,22.0,26.0,2.0,北,3.0,https://boatraceraid.jp/exhibition/?opdt=2026-09-16&rcoursecd=04&rno=04
20260916,平和島,4,3,4421,森作 広大,B1,6.71,37.72,5.74,7.46,3.0,-0.08,-0.5,,,雨,22.0,26.0,2.0,北,3.0,https://boatraceraid.jp/exhibition/?opdt=2026-09-16&rcoursecd=04&rno=04
20260916,平和島,4,4,3915,繁野谷 圭介,A2,6.77,37.47,5.59,7.33,4.0,0.06,0.0,,,雨,22.0,26.0,2.0,北,3.0,https://boatraceraid.jp/exhibition/?opdt=2026-09-16&rcoursecd=04&rno=04
20260916,平和島,4,5,4288,永田 啓二,A1,6.87,37.18,5.72,7.37,5.0,0.02,0.5,,,雨,22.0,26.0,2.0,北,3.0,https://boatraceraid.jp/exhibition/?opdt=2026-09-16&rcoursecd=04&rno=04
20260916,平和島,4,6,3432,宮迫 暢彦,B1,6.8,37.5,5.57,7.39,6.0,-0.01,0.0,,,雨,22.0,26.0,2.0,北,3.0,https://boatraceraid.jp/exhibition/?opdt=2026-09-16&rcoursecd=04&rno=04
20260916,平和島,5,1,4082,濱崎 誠,B1,6.82,37.32,5.64,7.49,1.0,-0.02,0.0,,,雨,22.0,26.0,3.0,北,3.0,https://boatraceraid.jp/exhibition/?opdt=2026-09-16&rcoursecd=04&rno=05
20260916,平和島,5,2,3904,森 貴洋,B1,6.59,37.09,5.6,7.4,2.0,0.13,0.0,,,雨,22.0,26.0,3.0,北,3.0,https://boatraceraid.jp/exhibition/?opdt=2026-09-16&rcoursecd=04&rno=05
20260916,平和島,5,3,4053,芦澤 望,A2,6.71,37.8,5.77,7.47,3.0,0.01,0.0,,,雨,22.0,26.0,3.0,北,3.0,https://boatraceraid.jp/exhibition/?opdt=2026-09-16&rcoursecd=04&rno=05
20260916,平和島,5,4,4932,新開 航,A1,6.78,37.72,5.78,7.4,4.0,0.04,0.5,,,雨,22.0,26.0,3.0,北,3.0,https://boatraceraid.jp/exhibition/?opdt=2026-09-16&rcoursecd=04&rno=05
20260916,平和島,5,5,5031,渡辺 空依,B1,6.77,37.73,5.67,7.44,5.0,-0.03,0.0,,,雨,22.0,26.0,3.0,北,3.0,https://boatraceraid.jp/exhibition/?opdt=2026-09-16&rcoursecd=04&rno=05
20260916,平和島,5,6,5424,熊倉 幹太,B2,6.78,38.23,6.04,7.4,6.0,-0.01,0.0,,,雨,22.0,26.0,3.0,北,3.0,https://boatraceraid.jp/exhibition/?opdt=2026-09-16&rcoursecd=04&rno=05
20260916,平和島,6,1,3105,内山 文典,B1,6.77,37.07,5.52,7.36,1.0,0.07,-0.5,,,雨,22.0,26.0,2.0,北,3.0,https://boatraceraid.jp/exhibition/?opdt=2026-09-16&rcoursecd=04&rno=06
20260916,平和島,6,2,4697,國弘 翔平,B1,6.81,38.07,5.8,7.4,2.0,-0.03,-0.5,,,雨,22.0,26.0,2.0,北,3.0,https://boatraceraid.jp/exhibition/?opdt=2026-09-16&rcoursecd=04&rno=06
20260916,平和島,6,3,4508,野間 大樹,A2,6.76,38.17,5.57,7.43,3.0,-0.01,0.0,,,雨,22.0,26.0,2.0,北,3.0,https://boatraceraid.jp/exhibition/?opdt=2026-09-16&rcoursecd=04&rno=06
20260916,平和島,6,4,4976,金山 立樹,B1,6.76,37.51,5.67,7.43,4.0,-0.09,-0.5,,,雨,22.0,26.0,2.0,北,3.0,https://boatraceraid.jp/exhibition/?opdt=2026-09-16&rcoursecd=04&rno=06
20260916,平和島,6,5,5004,河野 主樹,A2,6.65,36.76,5.51,7.37,5.0,0.06,-0.5,,,雨,22.0,26.0,2.0,北,3.0,https://boatraceraid.jp/exhibition/?opdt=2026-09-16&rcoursecd=04&rno=06
20260916,平和島,6,6,5104,山田 丈,A2,6.65,36.97,5.67,7.47,6.0,-0.06,0.0,,,雨,22.0,26.0,2.0,北,3.0,https://boatraceraid.jp/exhibition/?opdt=2026-09-16&rcoursecd=04&rno=06
20260916,平和島,7,1,3951,石川 吉鎬,B1,6.89,37.39,5.95,7.7,1.0,0.15,0.0,,,雨,22.0,26.0,3.0,北,3.0,https://boatraceraid.jp/exhibition/?opdt=2026-09-16&rcoursecd=04&rno=07
20260916,平和島,7,2,5023,久永 祥平,A2,6.86,37.57,5.77,7.57,2.0,0.16,-0.5,,,雨,22.0,26.0,3.0,北,3.0,https://boatraceraid.jp/exhibition/?opdt=2026-09-16&rcoursecd=04&rno=07
20260916,平和島,7,3,4180,上野 秀和,A2,6.72,37.42,5.65,7.43,3.0,-0.04,0.0,,,雨,22.0,26.0,3.0,北,3.0,https://boatraceraid.jp/exhibition/?opdt=2026-09-16&rcoursecd=04&rno=07
20260916,平和島,7,4,4659,木下 翔太,A1,6.74,37.8,5.77,7.5,4.0,0.19,0.0,,,雨,22.0,26.0,3.0,北,3.0,https://boatraceraid.jp/exhibition/?opdt=2026-09-16&rcoursecd=04&rno=07
20260916,平和島,7,5,4272,大場 広孝,B1,6.68,37.5,5.57,7.57,5.0,0.18,-0.5,,,雨,22.0,26.0,3.0,北,3.0,https://boatraceraid.jp/exhibition/?opdt=2026-09-16&rcoursecd=04&rno=07
20260916,平和島,7,6,3771,折下 寛法,B1,6.7,37.77,5.56,7.43,6.0,0.12,0.0,,,雨,22.0,26.0,3.0,北,3.0,https://boatraceraid.jp/exhibition/?opdt=2026-09-16&rcoursecd=04&rno=07
20260916,平和島,8,1,3963,原田 秀弥,A2,6.78,37.11,5.66,7.52,1.0,-0.09,-0.5,,,雨,22.0,26.0,2.0,北,3.0,https://boatraceraid.jp/exhibition/?opdt=2026-09-16&rcoursecd=04&rno=08
20260916,平和島,8,2,4880,澤崎 雄哉,B1,6.73,37.4,5.8,7.68,2.0,0.08,0.0,,,雨,22.0,26.0,2.0,北,3.0,https://boatraceraid.jp/exhibition/?opdt=2026-09-16&rcoursecd=04&rno=08
20260916,平和島,8,3,4367,山口 修路,B1,6.66,37.23,5.67,7.43,3.0,-0.1,0.0,,,雨,22.0,26.0,2.0,北,3.0,https://boatraceraid.jp/exhibition/?opdt=2026-09-16&rcoursecd=04&rno=08
20260916,平和島,8,4,5105,富田 恕生,B1,6.67,37.63,5.77,7.43,4.0,0.14,0.0,,,雨,22.0,26.0,2.0,北,3.0,https://boatraceraid.jp/exhibition/?opdt=2026-09-16&rcoursecd=04&rno=08
20260916,平和島,8,5,4769,馬場 剛,A1,6.71,38.02,5.8,7.43,5.0,0.06,0.0,,,雨,22.0,26.0,2.0,北,3.0,https://boatraceraid.jp/exhibition/?opdt=2026-09-16&rcoursecd=04&rno=08
20260916,平和島,8,6,5393,藤原 駿,B2,6.7,37.56,5.53,7.42,6.0,0.17,-0.5,,,雨,22.0,26.0,2.0,北,3.0,https://boatraceraid.jp/exhibition/?opdt=2026-09-16&rcoursecd=04&rno=08
20260916,平和島,9,1,3385,渡邉 睦広,A2,6.54,36.97,5.47,7.39,1.0,0.05,-0.5,,,雨,22.0,26.0,2.0,北,3.0,https://boatraceraid.jp/exhibition/?opdt=2026-09-16&rcoursecd=04&rno=09
20260916,平和島,9,2,5237,永松 良教,B2,6.59,37.09,5.6,7.33,2.0,0.01,0.0,,,雨,22.0,26.0,2.0,北,3.0,https://boatraceraid.jp/exhibition/?opdt=2026-09-16&rcoursecd=04&rno=09
20260916,平和島,9,3,3915,繁野谷 圭介,A2,6.79,37.6,5.67,7.4,3.0,0.12,0.0,,,雨,22.0,26.0,2.0,北,3.0,https://boatraceraid.jp/exhibition/?opdt=2026-09-16&rcoursecd=04&rno=09
20260916,平和島,9,4,3876,中辻 崇人,A1,6.56,36.87,5.76,7.4,4.0,0.08,0.5,,,雨,22.0,26.0,2.0,北,3.0,https://boatraceraid.jp/exhibition/?opdt=2026-09-16&rcoursecd=04&rno=09
20260916,平和島,9,5,5424,熊倉 幹太,B2,6.67,37.63,5.83,7.4,5.0,0.14,0.0,,,雨,22.0,26.0,2.0,北,3.0,https://boatraceraid.jp/exhibition/?opdt=2026-09-16&rcoursecd=04&rno=09
20260916,平和島,9,6,3107,平岡 重典,B1,6.7,38.01,5.95,7.49,6.0,0.17,-0.5,,,雨,22.0,26.0,2.0,北,3.0,https://boatraceraid.jp/exhibition/?opdt=2026-09-16&rcoursecd=04&rno=09
20260916,平和島,10,1,3747,國崎 良春,A2,6.71,37.24,5.56,7.4,1.0,-0.07,0.0,,,雨,22.0,26.0,5.0,北,3.0,https://boatraceraid.jp/exhibition/?opdt=2026-09-16&rcoursecd=04&rno=10
20260916,平和島,10,2,3313,本吉 正樹,B1,6.57,37.66,5.87,7.43,2.0,-0.13,0.0,,,雨,22.0,26.0,5.0,北,3.0,https://boatraceraid.jp/exhibition/?opdt=2026-09-16&rcoursecd=04&rno=10
20260916,平和島,10,3,3432,宮迫 暢彦,B1,6.7,37.39,5.69,7.43,3.0,0.01,0.0,,,雨,22.0,26.0,5.0,北,3.0,https://boatraceraid.jp/exhibition/?opdt=2026-09-16&rcoursecd=04&rno=10
20260916,平和島,10,4,5031,渡辺 空依,B1,6.6,37.35,5.72,7.5,4.0,-0.1,0.0,,,雨,22.0,26.0,5.0,北,3.0,https://boatraceraid.jp/exhibition/?opdt=2026-09-16&rcoursecd=04&rno=10
20260916,平和島,10,5,4610,佐藤 大佑,A1,6.53,38.13,5.8,7.53,5.0,-0.04,0.0,,,雨,22.0,26.0,5.0,北,3.0,https://boatraceraid.jp/exhibition/?opdt=2026-09-16&rcoursecd=04&rno=10
20260916,平和島,10,6,5004,河野 主樹,A2,6.58,36.72,5.53,7.53,6.0,0.1,-0.5,,,雨,22.0,26.0,5.0,北,3.0,https://boatraceraid.jp/exhibition/?opdt=2026-09-16&rcoursecd=04&rno=10
20260916,平和島,11,1,3439,大平 誉史明,A1,6.8,37.56,5.64,7.5,1.0,-0.01,0.0,,,雨,22.0,26.0,4.0,北,3.0,https://boatraceraid.jp/exhibition/?opdt=2026-09-16&rcoursecd=04&rno=11
20260916,平和島,11,2,4288,永田 啓二,A1,6.85,37.97,5.63,7.47,2.0,-0.09,0.5,,,雨,22.0,26.0,4.0,北,3.0,https://boatraceraid.jp/exhibition/?opdt=2026-09-16&rcoursecd=04&rno=11
20260916,平和島,11,3,4697,國弘 翔平,B1,6.87,38.37,5.97,7.5,3.0,0.07,-0.5,,,雨,22.0,26.0,4.0,北,3.0,https://boatraceraid.jp/exhibition/?opdt=2026-09-16&rcoursecd=04&rno=11
20260916,平和島,11,4,4053,芦澤 望,A2,6.87,37.94,5.67,7.57,4.0,-0.09,0.0,,,雨,22.0,26.0,4.0,北,3.0,https://boatraceraid.jp/exhibition/?opdt=2026-09-16&rcoursecd=04&rno=11
20260916,平和島,11,5,4651,佐藤 大騎,B1,6.73,37.73,5.71,7.4,5.0,0.01,0.0,,,雨,22.0,26.0,4.0,北,3.0,https://boatraceraid.jp/exhibition/?opdt=2026-09-16&rcoursecd=04&rno=11
20260916,平和島,11,6,5023,久永 祥平,A2,6.7,38.36,5.73,7.43,6.0,0.06,-0.5,,,雨,22.0,26.0,4.0,北,3.0,https://boatraceraid.jp/exhibition/?opdt=2026-09-16&rcoursecd=04&rno=11
20260916,平和島,12,1,4932,新開 航,A1,6.62,37.02,5.63,7.43,1.0,0.06,0.0,,,雨,22.0,26.0,3.0,北,3.0,https://boatraceraid.jp/exhibition/?opdt=2026-09-16&rcoursecd=04&rno=12
20260916,平和島,12,2,4508,野間 大樹,A2,6.77,37.3,5.7,7.57,2.0,0.04,-0.5,,,雨,22.0,26.0,3.0,北,3.0,https://boatraceraid.jp/exhibition/?opdt=2026-09-16&rcoursecd=04&rno=12
20260916,平和島,12,3,4377,濱本 優一,A1,6.69,38.29,5.71,7.5,3.0,-0.04,0.0,,,雨,22.0,26.0,3.0,北,3.0,https://boatraceraid.jp/exhibition/?opdt=2026-09-16&rcoursecd=04&rno=12
20260916,平和島,12,4,4421,森作 広大,B1,6.7,37.76,5.77,7.5,4.0,0.04,0.0,,,雨,22.0,26.0,3.0,北,3.0,https://boatraceraid.jp/exhibition/?opdt=2026-09-16&rcoursecd=04&rno=12
20260916,平和島,12,5,3771,折下 寛法,B1,6.66,37.46,5.84,7.43,5.0,0.01,0.0,,,雨,22.0,26.0,3.0,北,3.0,https://boatraceraid.jp/exhibition/?opdt=2026-09-16&rcoursecd=04&rno=12
20260916,平和島,12,6,5081,篠原 飛翔,A2,6.66,37.63,5.77,7.43,6.0,0.02,0.0,,,雨,22.0,26.0,3.0,北,3.0,https://boatraceraid.jp/exhibition/?opdt=2026-09-16&rcoursecd=04&rno=12
20260917,平和島,1,1,5022,伊藤 尚汰,B1,6.68,37.35,5.68,7.33,1.0,0.02,-0.5,,,晴,22.0,25.0,5.0,北,4.0,https://boatraceraid.jp/exhibition/?opdt=2026-09-17&rcoursecd=04&rno=01
20260917,平和島,1,2,3857,阿波 勝哉,B1,6.65,37.63,5.7,7.36,2.0,0.03,0.0,,,晴,22.0,25.0,5.0,北,4.0,https://boatraceraid.jp/exhibition/?opdt=2026-09-17&rcoursecd=04&rno=01
20260917,平和島,1,3,4082,濱崎 誠,B1,6.67,38.73,5.73,7.44,3.0,-0.09,-0.5,,,晴,22.0,25.0,5.0,北,4.0,https://boatraceraid.jp/exhibition/?opdt=2026-09-17&rcoursecd=04&rno=01
20260917,平和島,1,4,3107,平岡 重典,B1,6.71,38.31,5.66,7.42,4.0,0.18,0.0,,,晴,22.0,25.0,5.0,北,4.0,https://boatraceraid.jp/exhibition/?opdt=2026-09-17&rcoursecd=04&rno=01
20260917,平和島,1,5,4053,芦澤 望,A2,6.68,37.87,5.7,7.38,5.0,0.05,0.0,,,晴,22.0,25.0,5.0,北,4.0,https://boatraceraid.jp/exhibition/?opdt=2026-09-17&rcoursecd=04&rno=01
20260917,平和島,1,6,4697,國弘 翔平,B1,6.69,37.97,5.67,7.4,6.0,0.13,0.0,,,晴,22.0,25.0,5.0,北,4.0,https://boatraceraid.jp/exhibition/?opdt=2026-09-17&rcoursecd=04&rno=01
20260917,平和島,2,1,4200,早川 尚人,B1,6.67,37.3,5.55,7.27,1.0,0.23,0.0,,,晴,22.0,25.0,5.0,北,4.0,https://boatraceraid.jp/exhibition/?opdt=2026-09-17&rcoursecd=04&rno=02
20260917,平和島,2,2,3876,中辻 崇人,A1,6.63,36.57,5.47,7.37,2.0,0.17,0.5,,,晴,22.0,25.0,5.0,北,4.0,https://boatraceraid.jp/exhibition/?opdt=2026-09-17&rcoursecd=04&rno=02
20260917,平和島,2,3,3564,桑原 啓,B1,6.64,37.03,5.55,7.34,3.0,0.01,0.0,,,晴,22.0,25.0,5.0,北,4.0,https://boatraceraid.jp/exhibition/?opdt=2026-09-17&rcoursecd=04&rno=02
20260917,平和島,2,4,5424,熊倉 幹太,B2,6.63,37.64,5.77,7.41,4.0,0.21,0.0,,,晴,22.0,25.0,5.0,北,4.0,https://boatraceraid.jp/exhibition/?opdt=2026-09-17&rcoursecd=04&rno=02
20260917,平和島,2,5,3963,原田 秀弥,A2,6.77,37.32,5.83,7.36,5.0,0.1,0.0,,,晴,22.0,25.0,5.0,北,4.0,https://boatraceraid.jp/exhibition/?opdt=2026-09-17&rcoursecd=04&rno=02
20260917,平和島,2,6,4880,澤崎 雄哉,B1,6.73,37.65,5.98,7.49,6.0,0.12,0.0,,,晴,22.0,25.0,5.0,北,4.0,https://boatraceraid.jp/exhibition/?opdt=2026-09-17&rcoursecd=04&rno=02
20260917,平和島,3,1,4367,山口 修路,B1,6.75,37.3,5.57,7.45,1.0,0.11,0.0,,,晴,22.0,25.0,4.0,北,4.0,https://boatraceraid.jp/exhibition/?opdt=2026-09-17&rcoursecd=04&rno=03
20260917,平和島,3,2,4180,上野 秀和,A2,6.71,37.27,5.6,7.34,2.0,-0.27,0.0,,,晴,22.0,25.0,4.0,北,4.0,https://boatraceraid.jp/exhibition/?opdt=2026-09-17&rcoursecd=04&rno=03
20260917,平和島,3,3,5253,藤井 太雅,B2,6.88,37.81,5.69,7.4,3.0,-0.01,-0.5,,,晴,22.0,25.0,4.0,北,4.0,https://boatraceraid.jp/exhibition/?opdt=2026-09-17&rcoursecd=04&rno=03
20260917,平和島,3,4,4610,佐藤 大佑,A1,6.56,38.2,5.7,7.4,4.0,-0.01,0.0,,,晴,22.0,25.0,4.0,北,4.0,https://boatraceraid.jp/exhibition/?opdt=2026-09-17&rcoursecd=04&rno=03
20260917,平和島,3,5,4422,永井 亮次,B1,6.81,37.73,5.77,7.35,5.0,-0.01,0.0,,,晴,22.0,25.0,4.0,北,4.0,https://boatraceraid.jp/exhibition/?opdt=2026-09-17&rcoursecd=04&rno=03
20260917,平和島,3,6,5393,藤原 駿,B2,6.7,37.61,5.69,7.49,6.0,-0.02,-0.5,,,晴,22.0,25.0,4.0,北,4.0,https://boatraceraid.jp/exhibition/?opdt=2026-09-17&rcoursecd=04&rno=03
20260917,平和島,4,1,4421,森作 広大,B1,6.67,37.2,5.84,7.43,1.0,0.08,-0.5,,,晴,23.0,25.0,4.0,北,4.0,https://boatraceraid.jp/exhibition/?opdt=2026-09-17&rcoursecd=04&rno=04
20260917,平和島,4,2,3439,大平 誉史明,A1,6.82,37.82,5.84,7.52,2.0,-0.01,-0.5,,,晴,23.0,25.0,4.0,北,4.0,https://boatraceraid.jp/exhibition/?opdt=2026-09-17&rcoursecd=04&rno=04
20260917,平和島,4,3,5237,永松 良教,B2,6.83,37.04,5.73,7.43,3.0,-0.02,0.0,,,晴,23.0,25.0,4.0,北,4.0,https://boatraceraid.jp/exhibition/?opdt=2026-09-17&rcoursecd=04&rno=04
20260917,平和島,4,4,3105,内山 文典,B1,6.9,37.51,5.79,7.4,4.0,0.06,0.0,,,晴,23.0,25.0,4.0,北,4.0,https://boatraceraid.jp/exhibition/?opdt=2026-09-17&rcoursecd=04&rno=04
20260917,平和島,4,5,5105,富田 恕生,B1,6.82,37.77,5.48,7.44,5.0,0.01,0.0,,,晴,23.0,25.0,4.0,北,4.0,https://boatraceraid.jp/exhibition/?opdt=2026-09-17&rcoursecd=04&rno=04
20260917,平和島,4,6,3915,繁野谷 圭介,A2,6.84,37.73,5.93,7.4,6.0,0.12,0.0,,,晴,23.0,25.0,4.0,北,4.0,https://boatraceraid.jp/exhibition/?opdt=2026-09-17&rcoursecd=04&rno=04
20260917,平和島,5,1,5031,渡辺 空依,B1,6.59,36.87,5.6,7.42,1.0,-0.02,0.0,,,曇り,23.0,25.0,4.0,北東,3.0,https://boatraceraid.jp/exhibition/?opdt=2026-09-17&rcoursecd=04&rno=05
20260917,平和島,5,2,3771,折下 寛法,B1,6.67,36.95,5.83,7.37,2.0,0.19,0.0,,,曇り,23.0,25.0,4.0,北東,3.0,https://boatraceraid.jp/exhibition/?opdt=2026-09-17&rcoursecd=04&rno=05
20260917,平和島,5,3,5104,山田 丈,A2,6.68,36.98,5.85,7.33,3.0,0.04,0.0,,,曇り,23.0,25.0,4.0,北東,3.0,https://boatraceraid.jp/exhibition/?opdt=2026-09-17&rcoursecd=04&rno=05
20260917,平和島,5,4,3432,宮迫 暢彦,B1,6.75,37.03,5.7,7.47,4.0,-0.01,0.0,,,曇り,23.0,25.0,4.0,北東,3.0,https://boatraceraid.jp/exhibition/?opdt=2026-09-17&rcoursecd=04&rno=05
20260917,平和島,5,5,3385,渡邉 睦広,A2,6.86,37.54,5.63,7.47,5.0,0.04,-0.5,,,曇り,23.0,25.0,4.0,北東,3.0,https://boatraceraid.jp/exhibition/?opdt=2026-09-17&rcoursecd=04&rno=05
20260917,平和島,5,6,4508,野間 大樹,A2,6.75,38.17,5.6,7.53,6.0,0.13,-0.5,,,曇り,23.0,25.0,4.0,北東,3.0,https://boatraceraid.jp/exhibition/?opdt=2026-09-17&rcoursecd=04&rno=05
20260917,平和島,6,1,3904,森 貴洋,B1,6.6,37.13,5.47,7.38,1.0,0.17,0.0,,,曇り,23.0,25.0,3.0,北,3.0,https://boatraceraid.jp/exhibition/?opdt=2026-09-17&rcoursecd=04&rno=06
20260917,平和島,6,2,4651,佐藤 大騎,B1,6.69,37.88,5.57,7.43,2.0,0.32,0.0,,,曇り,23.0,25.0,3.0,北,3.0,https://boatraceraid.jp/exhibition/?opdt=2026-09-17&rcoursecd=04&rno=06
20260917,平和島,6,3,5023,久永 祥平,A2,6.71,37.33,5.57,7.33,3.0,0.33,-0.5,,,曇り,23.0,25.0,3.0,北,3.0,https://boatraceraid.jp/exhibition/?opdt=2026-09-17&rcoursecd=04&rno=06
20260917,平和島,6,4,4932,新開 航,A1,6.66,38.0,5.74,7.4,4.0,0.18,0.0,,,曇り,23.0,25.0,3.0,北,3.0,https://boatraceraid.jp/exhibition/?opdt=2026-09-17&rcoursecd=04&rno=06
20260917,平和島,6,5,5022,伊藤 尚汰,B1,6.63,38.43,5.62,7.33,5.0,0.11,0.0,,,曇り,23.0,25.0,3.0,北,3.0,https://boatraceraid.jp/exhibition/?opdt=2026-09-17&rcoursecd=04&rno=06
20260917,平和島,6,6,4976,金山 立樹,B1,6.65,37.56,5.7,7.37,6.0,0.05,-0.5,,,曇り,23.0,25.0,3.0,北,3.0,https://boatraceraid.jp/exhibition/?opdt=2026-09-17&rcoursecd=04&rno=06
20260917,平和島,7,1,5081,篠原 飛翔,A2,6.77,37.0,5.6,7.37,1.0,-0.04,0.0,,,晴,23.0,25.0,4.0,北,3.0,https://boatraceraid.jp/exhibition/?opdt=2026-09-17&rcoursecd=04&rno=07
20260917,平和島,7,2,4659,木下 翔太,A1,6.7,37.61,5.7,7.42,2.0,0.02,0.0,,,晴,23.0,25.0,4.0,北,3.0,https://boatraceraid.jp/exhibition/?opdt=2026-09-17&rcoursecd=04&rno=07
20260917,平和島,7,3,5209,小野 京平,B1,6.78,37.93,5.7,7.39,3.0,0.02,0.0,,,晴,23.0,25.0,4.0,北,3.0,https://boatraceraid.jp/exhibition/?opdt=2026-09-17&rcoursecd=04&rno=07
20260917,平和島,7,4,5253,藤井 太雅,B2,6.85,37.86,5.64,7.5,4.0,0.01,-0.5,,,晴,23.0,25.0,4.0,北,3.0,https://boatraceraid.jp/exhibition/?opdt=2026-09-17&rcoursecd=04&rno=07
20260917,平和島,7,5,3107,平岡 重典,B1,6.8,37.5,5.93,7.57,5.0,0.09,-0.5,,,晴,23.0,25.0,4.0,北,3.0,https://boatraceraid.jp/exhibition/?opdt=2026-09-17&rcoursecd=04&rno=07
20260917,平和島,7,6,5424,熊倉 幹太,B2,6.68,37.77,5.67,7.5,6.0,0.06,0.0,,,晴,23.0,25.0,4.0,北,3.0,https://boatraceraid.jp/exhibition/?opdt=2026-09-17&rcoursecd=04&rno=07
20260917,平和島,8,1,3313,本吉 正樹,B1,6.59,37.03,5.87,7.31,1.0,-0.08,0.0,,,晴,24.0,25.0,3.0,北,3.0,https://boatraceraid.jp/exhibition/?opdt=2026-09-17&rcoursecd=04&rno=08
20260917,平和島,8,2,4421,森作 広大,B1,6.7,37.57,5.8,7.56,2.0,-0.04,-0.5,,,晴,24.0,25.0,3.0,北,3.0,https://boatraceraid.jp/exhibition/?opdt=2026-09-17&rcoursecd=04&rno=08
20260917,平和島,8,3,4200,早川 尚人,B1,6.75,37.33,5.83,7.37,3.0,0.16,0.0,,,晴,24.0,25.0,3.0,北,3.0,https://boatraceraid.jp/exhibition/?opdt=2026-09-17&rcoursecd=04&rno=08
20260917,平和島,8,4,3951,石川 吉鎬,B1,6.74,37.44,5.83,7.52,4.0,0.01,-0.5,,,晴,24.0,25.0,3.0,北,3.0,https://boatraceraid.jp/exhibition/?opdt=2026-09-17&rcoursecd=04&rno=08
20260917,平和島,8,5,4180,上野 秀和,A2,6.65,37.1,5.7,7.34,5.0,-0.04,0.0,,,晴,24.0,25.0,3.0,北,3.0,https://boatraceraid.jp/exhibition/?opdt=2026-09-17&rcoursecd=04&rno=08
20260917,平和島,8,6,3747,國崎 良春,A2,6.8,37.47,5.7,7.43,6.0,-0.05,0.0,,,晴,24.0,25.0,3.0,北,3.0,https://boatraceraid.jp/exhibition/?opdt=2026-09-17&rcoursecd=04&rno=08
20260917,平和島,9,1,4610,佐藤 大佑,A1,6.56,37.97,5.83,7.43,1.0,-0.01,0.0,,,晴,24.0,25.0,3.0,北,3.0,https://boatraceraid.jp/exhibition/?opdt=2026-09-17&rcoursecd=04&rno=09
20260917,平和島,9,2,3564,桑原 啓,B1,6.58,37.1,5.67,7.43,2.0,-0.07,0.0,,,晴,24.0,25.0,3.0,北,3.0,https://boatraceraid.jp/exhibition/?opdt=2026-09-17&rcoursecd=04&rno=09
20260917,平和島,9,3,4377,濱本 優一,A1,6.66,37.84,5.63,7.4,3.0,-0.01,0.0,,,晴,24.0,25.0,3.0,北,3.0,https://boatraceraid.jp/exhibition/?opdt=2026-09-17&rcoursecd=04&rno=09
20260917,平和島,9,4,5104,山田 丈,A2,6.61,37.13,5.73,7.37,4.0,-0.03,0.0,,,晴,24.0,25.0,3.0,北,3.0,https://boatraceraid.jp/exhibition/?opdt=2026-09-17&rcoursecd=04&rno=09
20260917,平和島,9,5,3105,内山 文典,B1,6.67,37.27,5.83,7.37,5.0,0.07,0.0,,,晴,24.0,25.0,3.0,北,3.0,https://boatraceraid.jp/exhibition/?opdt=2026-09-17&rcoursecd=04&rno=09
20260917,平和島,9,6,4082,濱崎 誠,B1,6.65,37.53,5.87,7.47,6.0,0.06,0.0,,,晴,24.0,25.0,3.0,北,3.0,https://boatraceraid.jp/exhibition/?opdt=2026-09-17&rcoursecd=04&rno=09
20260917,平和島,10,1,5004,河野 主樹,A2,6.78,36.37,5.53,7.3,1.0,0.14,-0.5,,,晴,24.0,25.0,3.0,北,3.0,https://boatraceraid.jp/exhibition/?opdt=2026-09-17&rcoursecd=04&rno=10
20260917,平和島,10,2,4932,新開 航,A1,6.77,37.47,5.57,7.33,2.0,0.24,0.0,,,晴,24.0,25.0,3.0,北,3.0,https://boatraceraid.jp/exhibition/?opdt=2026-09-17&rcoursecd=04&rno=10
20260917,平和島,10,3,3771,折下 寛法,B1,6.74,37.86,5.67,7.3,3.0,0.2,0.0,,,晴,24.0,25.0,3.0,北,3.0,https://boatraceraid.jp/exhibition/?opdt=2026-09-17&rcoursecd=04&rno=10
20260917,平和島,10,4,3439,大平 誉史明,A1,6.87,38.86,5.88,7.5,4.0,0.15,0.0,,,晴,24.0,25.0,3.0,北,3.0,https://boatraceraid.jp/exhibition/?opdt=2026-09-17&rcoursecd=04&rno=10
20260917,平和島,10,5,4367,山口 修路,B1,6.67,37.61,5.79,7.4,5.0,0.15,0.0,,,晴,24.0,25.0,3.0,北,3.0,https://boatraceraid.jp/exhibition/?opdt=2026-09-17&rcoursecd=04&rno=10
20260917,平和島,10,6,3857,阿波 勝哉,B1,6.75,37.6,5.6,7.47,6.0,0.18,0.0,,,晴,24.0,25.0,3.0,北,3.0,https://boatraceraid.jp/exhibition/?opdt=2026-09-17&rcoursecd=04&rno=10
20260917,平和島,11,1,4769,馬場 剛,A1,6.69,37.17,5.93,7.43,1.0,0.2,0.0,,,晴,24.0,25.0,2.0,北,3.0,https://boatraceraid.jp/exhibition/?opdt=2026-09-17&rcoursecd=04&rno=11
20260917,平和島,11,2,3963,原田 秀弥,A2,6.78,37.67,5.97,7.43,2.0,0.31,-0.5,,,晴,24.0,25.0,2.0,北,3.0,https://boatraceraid.jp/exhibition/?opdt=2026-09-17&rcoursecd=04&rno=11
20260917,平和島,11,3,3385,渡邉 睦広,A2,6.63,37.63,5.7,7.43,3.0,0.11,-0.5,,,晴,24.0,25.0,2.0,北,3.0,https://boatraceraid.jp/exhibition/?opdt=2026-09-17&rcoursecd=04&rno=11
20260917,平和島,11,4,4272,大場 広孝,B1,6.63,37.47,5.57,7.53,4.0,0.1,-0.5,,,晴,24.0,25.0,2.0,北,3.0,https://boatraceraid.jp/exhibition/?opdt=2026-09-17&rcoursecd=04&rno=11
20260917,平和島,11,5,3904,森 貴洋,B1,6.59,37.33,5.83,7.33,5.0,0.14,0.0,,,晴,24.0,25.0,2.0,北,3.0,https://boatraceraid.jp/exhibition/?opdt=2026-09-17&rcoursecd=04&rno=11
20260917,平和島,11,6,4288,永田 啓二,A1,6.64,37.9,5.7,7.4,6.0,0.03,1.5,,,晴,24.0,25.0,2.0,北,3.0,https://boatraceraid.jp/exhibition/?opdt=2026-09-17&rcoursecd=04&rno=11
20260917,平和島,12,1,4659,木下 翔太,A1,6.65,37.0,5.6,7.43,1.0,-0.01,0.0,,,晴,24.0,25.0,2.0,北,3.0,https://boatraceraid.jp/exhibition/?opdt=2026-09-17&rcoursecd=04&rno=12
20260917,平和島,12,2,4053,芦澤 望,A2,6.65,37.5,5.7,7.5,2.0,0.05,0.0,,,晴,24.0,25.0,2.0,北,3.0,https://boatraceraid.jp/exhibition/?opdt=2026-09-17&rcoursecd=04&rno=12
20260917,平和島,12,3,4422,永井 亮次,B1,6.76,37.83,5.67,7.47,3.0,0.08,0.0,,,晴,24.0,25.0,2.0,北,3.0,https://boatraceraid.jp/exhibition/?opdt=2026-09-17&rcoursecd=04&rno=12
20260917,平和島,12,4,3876,中辻 崇人,A1,6.72,37.27,5.6,7.37,4.0,0.41,0.5,,,晴,24.0,25.0,2.0,北,3.0,https://boatraceraid.jp/exhibition/?opdt=2026-09-17&rcoursecd=04&rno=12
20260917,平和島,12,5,5023,久永 祥平,A2,6.73,37.73,5.67,7.47,5.0,0.07,-0.5,,,晴,24.0,25.0,2.0,北,3.0,https://boatraceraid.jp/exhibition/?opdt=2026-09-17&rcoursecd=04&rno=12
20260917,平和島,12,6,5105,富田 恕生,B1,6.77,37.07,5.53,7.4,6.0,0.02,0.0,,,晴,24.0,25.0,2.0,北,3.0,https://boatraceraid.jp/exhibition/?opdt=2026-09-17&rcoursecd=04&rno=12
20260918,平和島,1,1,3857,阿波 勝哉,B1,6.64,36.93,5.73,7.33,1.0,0.02,0.0,,,曇り,23.0,25.0,5.0,北,3.0,https://boatraceraid.jp/exhibition/?opdt=2026-09-18&rcoursecd=04&rno=01
20260918,平和島,1,2,4651,佐藤 大騎,B1,6.67,37.53,5.63,7.47,2.0,-0.01,0.0,,,曇り,23.0,25.0,5.0,北,3.0,https://boatraceraid.jp/exhibition/?opdt=2026-09-18&rcoursecd=04&rno=01
20260918,平和島,1,3,4880,澤崎 雄哉,B1,6.74,37.73,5.87,7.53,3.0,0.09,0.0,,,曇り,23.0,25.0,5.0,北,3.0,https://boatraceraid.jp/exhibition/?opdt=2026-09-18&rcoursecd=04&rno=01
20260918,平和島,1,4,5237,永松 良教,B2,6.81,37.53,5.54,7.43,4.0,0.1,0.0,,,曇り,23.0,25.0,5.0,北,3.0,https://boatraceraid.jp/exhibition/?opdt=2026-09-18&rcoursecd=04&rno=01
20260918,平和島,1,5,5104,山田 丈,A2,6.62,36.89,5.64,7.3,5.0,0.01,0.0,,,曇り,23.0,25.0,5.0,北,3.0,https://boatraceraid.jp/exhibition/?opdt=2026-09-18&rcoursecd=04&rno=01
20260918,平和島,1,6,5393,藤原 駿,B2,6.57,37.01,5.85,7.37,6.0,0.08,-0.5,,,曇り,23.0,25.0,5.0,北,3.0,https://boatraceraid.jp/exhibition/?opdt=2026-09-18&rcoursecd=04&rno=01
20260918,平和島,2,1,4082,濱崎 誠,B1,6.67,37.6,5.83,7.43,1.0,0.07,0.0,,,曇り,23.0,25.0,5.0,北,3.0,https://boatraceraid.jp/exhibition/?opdt=2026-09-18&rcoursecd=04&rno=02
20260918,平和島,2,2,4367,山口 修路,B1,6.58,38.12,5.56,7.37,2.0,-0.01,0.0,,,曇り,23.0,25.0,5.0,北,3.0,https://boatraceraid.jp/exhibition/?opdt=2026-09-18&rcoursecd=04&rno=02
20260918,平和島,2,3,4508,野間 大樹,A2,6.68,37.15,5.63,7.4,3.0,0.01,-0.5,,,曇り,23.0,25.0,5.0,北,3.0,https://boatraceraid.jp/exhibition/?opdt=2026-09-18&rcoursecd=04&rno=02
20260918,平和島,2,4,3432,宮迫 暢彦,B1,6.64,37.9,5.5,7.4,4.0,0.11,0.0,,,曇り,23.0,25.0,5.0,北,3.0,https://boatraceraid.jp/exhibition/?opdt=2026-09-18&rcoursecd=04&rno=02
20260918,平和島,2,5,5022,伊藤 尚汰,B1,6.69,37.56,5.63,7.41,5.0,0.09,-0.5,,,曇り,23.0,25.0,5.0,北,3.0,https://boatraceraid.jp/exhibition/?opdt=2026-09-18&rcoursecd=04&rno=02
20260918,平和島,2,6,4610,佐藤 大佑,A1,6.49,37.75,5.76,7.37,6.0,0.07,0.0,,,曇り,23.0,25.0,5.0,北,3.0,https://boatraceraid.jp/exhibition/?opdt=2026-09-18&rcoursecd=04&rno=02
20260918,平和島,3,1,4200,早川 尚人,B1,6.67,37.45,5.55,7.36,1.0,0.18,0.0,,,晴,23.0,25.0,4.0,北,3.0,https://boatraceraid.jp/exhibition/?opdt=2026-09-18&rcoursecd=04&rno=03
20260918,平和島,3,2,5253,藤井 太雅,B2,6.75,38.06,5.47,7.47,2.0,0.36,-0.5,,,晴,23.0,25.0,4.0,北,3.0,https://boatraceraid.jp/exhibition/?opdt=2026-09-18&rcoursecd=04&rno=03
20260918,平和島,3,3,4377,濱本 優一,A1,6.68,37.57,5.6,7.5,3.0,0.2,0.0,,,晴,23.0,25.0,4.0,北,3.0,https://boatraceraid.jp/exhibition/?opdt=2026-09-18&rcoursecd=04&rno=03
20260918,平和島,3,4,5004,河野 主樹,A2,6.71,36.98,5.89,7.27,4.0,0.22,-0.5,,,晴,23.0,25.0,4.0,北,3.0,https://boatraceraid.jp/exhibition/?opdt=2026-09-18&rcoursecd=04&rno=03
20260918,平和島,3,5,4272,大場 広孝,B1,6.56,37.03,5.59,7.43,5.0,0.23,-0.5,,,晴,23.0,25.0,4.0,北,3.0,https://boatraceraid.jp/exhibition/?opdt=2026-09-18&rcoursecd=04&rno=03
20260918,平和島,3,6,4421,森作 広大,B1,6.62,37.5,5.64,7.48,6.0,0.12,-0.5,,,晴,23.0,25.0,4.0,北,3.0,https://boatraceraid.jp/exhibition/?opdt=2026-09-18&rcoursecd=04&rno=03
20260918,平和島,4,1,3904,森 貴洋,B1,6.58,36.74,5.54,7.35,1.0,0.13,0.0,,,曇り,23.0,25.0,4.0,北,3.0,https://boatraceraid.jp/exhibition/?opdt=2026-09-18&rcoursecd=04&rno=04
20260918,平和島,4,2,3107,平岡 重典,B1,6.72,37.42,5.57,7.48,2.0,0.09,-0.5,,,曇り,23.0,25.0,4.0,北,3.0,https://boatraceraid.jp/exhibition/?opdt=2026-09-18&rcoursecd=04&rno=04
20260918,平和島,4,3,3915,繁野谷 圭介,A2,6.65,37.14,5.67,7.33,3.0,0.09,0.0,,,曇り,23.0,25.0,4.0,北,3.0,https://boatraceraid.jp/exhibition/?opdt=2026-09-18&rcoursecd=04&rno=04
20260918,平和島,4,4,3747,國崎 良春,A2,6.69,37.08,5.76,7.47,4.0,0.22,0.0,,,曇り,23.0,25.0,4.0,北,3.0,https://boatraceraid.jp/exhibition/?opdt=2026-09-18&rcoursecd=04&rno=04
20260918,平和島,4,5,5209,小野 京平,B1,6.65,37.41,5.52,7.48,5.0,0.18,0.0,,,曇り,23.0,25.0,4.0,北,3.0,https://boatraceraid.jp/exhibition/?opdt=2026-09-18&rcoursecd=04&rno=04
20260918,平和島,4,6,3876,中辻 崇人,A1,6.49,36.89,5.57,7.36,6.0,0.07,0.5,,,曇り,23.0,25.0,4.0,北,3.0,https://boatraceraid.jp/exhibition/?opdt=2026-09-18&rcoursecd=04&rno=04
20260918,平和島,5,1,4180,上野 秀和,A2,6.65,37.35,5.72,7.37,1.0,0.07,0.0,,,曇り,23.0,25.0,5.0,北,3.0,https://boatraceraid.jp/exhibition/?opdt=2026-09-18&rcoursecd=04&rno=05
20260918,平和島,5,2,3385,渡邉 睦広,A2,6.51,37.94,5.69,7.47,2.0,0.1,-0.5,,,曇り,23.0,25.0,5.0,北,3.0,https://boatraceraid.jp/exhibition/?opdt=2026-09-18&rcoursecd=04&rno=05
20260918,平和島,5,3,3771,折下 寛法,B1,6.68,37.73,5.7,7.43,3.0,0.31,0.0,,,曇り,23.0,25.0,5.0,北,3.0,https://boatraceraid.jp/exhibition/?opdt=2026-09-18&rcoursecd=04&rno=05
20260918,平和島,5,4,4422,永井 亮次,B1,6.72,38.01,5.54,7.43,4.0,0.16,0.0,,,曇り,23.0,25.0,5.0,北,3.0,https://boatraceraid.jp/exhibition/?opdt=2026-09-18&rcoursecd=04&rno=05
20260918,平和島,5,5,4288,永田 啓二,A1,6.85,37.86,5.87,7.33,5.0,0.04,0.5,,,曇り,23.0,25.0,5.0,北,3.0,https://boatraceraid.jp/exhibition/?opdt=2026-09-18&rcoursecd=04&rno=05
20260918,平和島,5,6,3564,桑原 啓,B1,6.58,38.43,5.67,7.4,6.0,0.08,0.0,,,曇り,23.0,25.0,5.0,北,3.0,https://boatraceraid.jp/exhibition/?opdt=2026-09-18&rcoursecd=04&rno=05
20260918,平和島,6,1,5031,渡辺 空依,B1,6.62,37.25,5.79,7.4,1.0,0.02,0.0,,,曇り,23.0,25.0,5.0,北,3.0,https://boatraceraid.jp/exhibition/?opdt=2026-09-18&rcoursecd=04&rno=06
20260918,平和島,6,2,3963,原田 秀弥,A2,6.83,37.4,5.77,7.37,2.0,-0.02,0.0,,,曇り,23.0,25.0,5.0,北,3.0,https://boatraceraid.jp/exhibition/?opdt=2026-09-18&rcoursecd=04&rno=06
20260918,平和島,6,3,3857,阿波 勝哉,B1,6.69,37.68,5.8,7.57,3.0,0.16,0.0,,,曇り,23.0,25.0,5.0,北,3.0,https://boatraceraid.jp/exhibition/?opdt=2026-09-18&rcoursecd=04&rno=06
20260918,平和島,6,4,5081,篠原 飛翔,A2,6.56,37.42,6.09,7.3,4.0,0.03,0.0,,,曇り,23.0,25.0,5.0,北,3.0,https://boatraceraid.jp/exhibition/?opdt=2026-09-18&rcoursecd=04&rno=06
20260918,平和島,6,5,5105,富田 恕生,B1,6.75,38.16,5.57,7.37,5.0,-0.03,0.0,,,曇り,23.0,25.0,5.0,北,3.0,https://boatraceraid.jp/exhibition/?opdt=2026-09-18&rcoursecd=04&rno=06
20260918,平和島,6,6,4659,木下 翔太,A1,6.51,38.49,5.89,7.33,6.0,-0.01,0.0,,,曇り,23.0,25.0,5.0,北,3.0,https://boatraceraid.jp/exhibition/?opdt=2026-09-18&rcoursecd=04&rno=06
20260918,平和島,7,1,5237,永松 良教,B2,6.83,36.72,5.34,7.3,1.0,0.14,0.0,,,曇り,23.0,25.0,4.0,北,3.0,https://boatraceraid.jp/exhibition/?opdt=2026-09-18&rcoursecd=04&rno=07
20260918,平和島,7,2,4053,芦澤 望,A2,6.77,37.87,5.61,7.4,2.0,0.05,0.0,,,曇り,23.0,25.0,4.0,北,3.0,https://boatraceraid.jp/exhibition/?opdt=2026-09-18&rcoursecd=04&rno=07
20260918,平和島,7,3,3951,石川 吉鎬,B1,6.82,37.82,5.68,7.4,3.0,0.05,0.0,,,曇り,23.0,25.0,4.0,北,3.0,https://boatraceraid.jp/exhibition/?opdt=2026-09-18&rcoursecd=04&rno=07
20260918,平和島,7,4,4651,佐藤 大騎,B1,6.7,37.74,5.63,7.37,4.0,0.05,0.0,,,曇り,23.0,25.0,4.0,北,3.0,https://boatraceraid.jp/exhibition/?opdt=2026-09-18&rcoursecd=04&rno=07
20260918,平和島,7,5,4769,馬場 剛,A1,6.75,38.07,5.73,7.38,5.0,0.05,0.0,,,曇り,23.0,25.0,4.0,北,3.0,https://boatraceraid.jp/exhibition/?opdt=2026-09-18&rcoursecd=04&rno=07
20260918,平和島,7,6,5424,熊倉 幹太,B2,6.58,38.37,5.6,7.39,6.0,0.08,0.0,,,曇り,23.0,25.0,4.0,北,3.0,https://boatraceraid.jp/exhibition/?opdt=2026-09-18&rcoursecd=04&rno=07
20260918,平和島,8,1,3313,本吉 正樹,B1,6.63,37.06,5.77,7.27,1.0,0.18,0.0,,,曇り,23.0,25.0,5.0,北,3.0,https://boatraceraid.jp/exhibition/?opdt=2026-09-18&rcoursecd=04&rno=08
20260918,平和島,8,2,4508,野間 大樹,A2,6.83,37.2,5.63,7.42,2.0,0.06,-0.5,,,曇り,23.0,25.0,5.0,北,3.0,https://boatraceraid.jp/exhibition/?opdt=2026-09-18&rcoursecd=04&rno=08
20260918,平和島,8,3,4976,金山 立樹,B1,6.69,37.44,5.9,7.44,3.0,0.05,-0.5,,,曇り,23.0,25.0,5.0,北,3.0,https://boatraceraid.jp/exhibition/?opdt=2026-09-18&rcoursecd=04&rno=08
20260918,平和島,8,4,4082,濱崎 誠,B1,6.77,37.71,5.97,7.39,4.0,0.12,0.0,,,曇り,23.0,25.0,5.0,北,3.0,https://boatraceraid.jp/exhibition/?opdt=2026-09-18&rcoursecd=04&rno=08
20260918,平和島,8,5,5393,藤原 駿,B2,6.65,37.66,5.8,7.37,5.0,0.32,-0.5,,,曇り,23.0,25.0,5.0,北,3.0,https://boatraceraid.jp/exhibition/?opdt=2026-09-18&rcoursecd=04&rno=08
20260918,平和島,8,6,4697,國弘 翔平,B1,6.54,37.55,6.04,7.32,6.0,0.11,0.0,,,曇り,23.0,25.0,5.0,北,3.0,https://boatraceraid.jp/exhibition/?opdt=2026-09-18&rcoursecd=04&rno=08
20260918,平和島,9,1,5023,久永 祥平,A2,6.64,37.1,5.53,7.4,1.0,0.11,-0.5,,,曇り,24.0,25.0,4.0,北,3.0,https://boatraceraid.jp/exhibition/?opdt=2026-09-18&rcoursecd=04&rno=09
20260918,平和島,9,2,3432,宮迫 暢彦,B1,6.72,37.6,5.63,7.4,2.0,0.23,0.0,,,曇り,24.0,25.0,4.0,北,3.0,https://boatraceraid.jp/exhibition/?opdt=2026-09-18&rcoursecd=04&rno=09
20260918,平和島,9,3,4200,早川 尚人,B1,6.68,37.7,5.7,7.37,3.0,0.06,0.0,,,曇り,24.0,25.0,4.0,北,3.0,https://boatraceraid.jp/exhibition/?opdt=2026-09-18&rcoursecd=04&rno=09
20260918,平和島,9,4,5209,小野 京平,B1,6.7,38.03,5.47,7.4,4.0,-0.09,0.0,,,曇り,24.0,25.0,4.0,北,3.0,https://boatraceraid.jp/exhibition/?opdt=2026-09-18&rcoursecd=04&rno=09
20260918,平和島,9,5,3439,大平 誉史明,A1,6.85,38.43,5.7,7.43,5.0,-0.06,-0.5,,,曇り,24.0,25.0,4.0,北,3.0,https://boatraceraid.jp/exhibition/?opdt=2026-09-18&rcoursecd=04&rno=09
20260918,平和島,9,6,3105,内山 文典,B1,6.69,37.33,5.67,7.3,6.0,0.04,0.0,,,曇り,24.0,25.0,4.0,北,3.0,https://boatraceraid.jp/exhibition/?opdt=2026-09-18&rcoursecd=04&rno=09
20260918,平和島,10,1,4610,佐藤 大佑,A1,6.71,37.82,5.71,7.4,1.0,0.15,0.0,,,曇り,24.0,25.0,4.0,北,3.0,https://boatraceraid.jp/exhibition/?opdt=2026-09-18&rcoursecd=04&rno=10
20260918,平和島,10,2,5104,山田 丈,A2,6.72,37.29,5.51,7.37,2.0,0.02,0.0,,,曇り,24.0,25.0,4.0,北,3.0,https://boatraceraid.jp/exhibition/?opdt=2026-09-18&rcoursecd=04&rno=10
20260918,平和島,10,3,3747,國崎 良春,A2,6.74,37.17,5.97,7.73,3.0,0.03,0.0,,,曇り,24.0,25.0,4.0,北,3.0,https://boatraceraid.jp/exhibition/?opdt=2026-09-18&rcoursecd=04&rno=10
20260918,平和島,10,4,3915,繁野谷 圭介,A2,6.64,38.07,5.85,7.4,4.0,0.1,0.0,,,曇り,24.0,25.0,4.0,北,3.0,https://boatraceraid.jp/exhibition/?opdt=2026-09-18&rcoursecd=04&rno=10
20260918,平和島,10,5,3385,渡邉 睦広,A2,6.72,37.91,5.62,7.4,5.0,0.01,-0.5,,,曇り,24.0,25.0,4.0,北,3.0,https://boatraceraid.jp/exhibition/?opdt=2026-09-18&rcoursecd=04&rno=10
20260918,平和島,10,6,4180,上野 秀和,A2,6.55,37.17,5.57,7.4,6.0,0.06,0.0,,,曇り,24.0,25.0,4.0,北,3.0,https://boatraceraid.jp/exhibition/?opdt=2026-09-18&rcoursecd=04&rno=10
20260918,平和島,11,1,3876,中辻 崇人,A1,6.72,37.11,5.5,7.43,1.0,0.03,0.5,,,曇り,24.0,25.0,5.0,北,3.0,https://boatraceraid.jp/exhibition/?opdt=2026-09-18&rcoursecd=04&rno=11
20260918,平和島,11,2,4288,永田 啓二,A1,6.86,37.56,5.68,7.4,2.0,-0.03,0.5,,,曇り,24.0,25.0,5.0,北,3.0,https://boatraceraid.jp/exhibition/?opdt=2026-09-18&rcoursecd=04&rno=11
20260918,平和島,11,3,5081,篠原 飛翔,A2,6.81,37.37,6.35,7.3,3.0,-0.02,0.0,,,曇り,24.0,25.0,5.0,北,3.0,https://boatraceraid.jp/exhibition/?opdt=2026-09-18&rcoursecd=04&rno=11
20260918,平和島,11,4,4377,濱本 優一,A1,6.69,38.02,5.68,7.43,4.0,0.11,0.0,,,曇り,24.0,25.0,5.0,北,3.0,https://boatraceraid.jp/exhibition/?opdt=2026-09-18&rcoursecd=04&rno=11
20260918,平和島,11,5,3963,原田 秀弥,A2,6.74,37.43,5.63,7.43,5.0,0.09,0.0,,,曇り,24.0,25.0,5.0,北,3.0,https://boatraceraid.jp/exhibition/?opdt=2026-09-18&rcoursecd=04&rno=11
20260918,平和島,11,6,3904,森 貴洋,B1,6.56,37.07,5.73,7.33,6.0,0.12,0.0,,,曇り,24.0,25.0,5.0,北,3.0,https://boatraceraid.jp/exhibition/?opdt=2026-09-18&rcoursecd=04&rno=11
20260918,平和島,12,1,4659,木下 翔太,A1,6.86,37.2,5.5,7.4,1.0,0.08,0.0,,,曇り,24.0,25.0,4.0,北,3.0,https://boatraceraid.jp/exhibition/?opdt=2026-09-18&rcoursecd=04&rno=12
20260918,平和島,12,2,4769,馬場 剛,A1,6.79,37.7,5.66,7.4,2.0,0.12,0.0,,,曇り,24.0,25.0,4.0,北,3.0,https://boatraceraid.jp/exhibition/?opdt=2026-09-18&rcoursecd=04&rno=12
20260918,平和島,12,3,5004,河野 主樹,A2,6.74,36.7,5.53,7.33,3.0,0.03,-0.5,,,曇り,24.0,25.0,4.0,北,3.0,https://boatraceraid.jp/exhibition/?opdt=2026-09-18&rcoursecd=04&rno=12
20260918,平和島,12,4,3771,折下 寛法,B1,6.72,37.23,5.67,7.33,4.0,0.06,0.0,,,曇り,24.0,25.0,4.0,北,3.0,https://boatraceraid.jp/exhibition/?opdt=2026-09-18&rcoursecd=04&rno=12
20260918,平和島,12,5,4053,芦澤 望,A2,6.78,37.66,6.17,7.3,5.0,0.25,0.0,,,曇り,24.0,25.0,4.0,北,3.0,https://boatraceraid.jp/exhibition/?opdt=2026-09-18&rcoursecd=04&rno=12
20260918,平和島,12,6,5031,渡辺 空依,B1,6.67,37.6,5.63,7.4,6.0,0.23,0.0,,,曇り,24.0,25.0,4.0,北,3.0,https://boatraceraid.jp/exhibition/?opdt=2026-09-18&rcoursecd=04&rno=12
20260919,平和島,1,1,3564,桑原 啓,B1,6.61,36.99,5.48,7.38,1.0,-0.03,0.0,,,曇り,23.0,25.0,4.0,北,3.0,https://boatraceraid.jp/exhibition/?opdt=2026-09-19&rcoursecd=04&rno=01
20260919,平和島,1,2,4421,森作 広大,B1,6.7,37.64,5.53,7.37,2.0,-0.02,-0.5,,,曇り,23.0,25.0,4.0,北,3.0,https://boatraceraid.jp/exhibition/?opdt=2026-09-19&rcoursecd=04&rno=01
20260919,平和島,1,3,4697,國弘 翔平,B1,6.66,37.93,5.83,7.43,3.0,-0.02,0.0,,,曇り,23.0,25.0,4.0,北,3.0,https://boatraceraid.jp/exhibition/?opdt=2026-09-19&rcoursecd=04&rno=01
20260919,平和島,1,4,5253,藤井 太雅,B2,6.84,37.9,5.43,7.43,4.0,0.11,-0.5,,,曇り,23.0,25.0,4.0,北,3.0,https://boatraceraid.jp/exhibition/?opdt=2026-09-19&rcoursecd=04&rno=01
20260919,平和島,1,5,3107,平岡 重典,B1,6.8,37.89,5.68,7.46,5.0,0.17,-0.5,,,曇り,23.0,25.0,4.0,北,3.0,https://boatraceraid.jp/exhibition/?opdt=2026-09-19&rcoursecd=04&rno=01
20260919,平和島,1,6,5023,久永 祥平,A2,6.7,37.16,5.5,7.37,6.0,0.03,-0.5,,,曇り,23.0,25.0,4.0,北,3.0,https://boatraceraid.jp/exhibition/?opdt=2026-09-19&rcoursecd=04&rno=01
20260919,平和島,2,1,4976,金山 立樹,B1,6.74,37.18,5.62,7.44,1.0,0.23,0.0,,,曇り,23.0,25.0,4.0,北,3.0,https://boatraceraid.jp/exhibition/?opdt=2026-09-19&rcoursecd=04&rno=02
20260919,平和島,2,2,5031,渡辺 空依,B1,6.64,37.01,5.67,7.33,2.0,0.06,0.0,,,曇り,23.0,25.0,4.0,北,3.0,https://boatraceraid.jp/exhibition/?opdt=2026-09-19&rcoursecd=04&rno=02
20260919,平和島,2,3,4272,大場 広孝,B1,6.7,37.74,5.66,7.43,3.0,0.07,-0.5,,,曇り,23.0,25.0,4.0,北,3.0,https://boatraceraid.jp/exhibition/?opdt=2026-09-19&rcoursecd=04&rno=02
20260919,平和島,2,4,3105,内山 文典,B1,6.77,37.2,5.59,7.37,4.0,0.03,0.0,,,曇り,23.0,25.0,4.0,北,3.0,https://boatraceraid.jp/exhibition/?opdt=2026-09-19&rcoursecd=04&rno=02
20260919,平和島,2,5,3747,國崎 良春,A2,6.73,37.22,5.64,7.43,5.0,-0.02,0.0,,,曇り,23.0,25.0,4.0,北,3.0,https://boatraceraid.jp/exhibition/?opdt=2026-09-19&rcoursecd=04&rno=02
20260919,平和島,2,6,4082,濱崎 誠,B1,6.66,37.61,5.73,7.43,6.0,-0.02,0.0,,,曇り,23.0,25.0,4.0,北,3.0,https://boatraceraid.jp/exhibition/?opdt=2026-09-19&rcoursecd=04&rno=02
20260919,平和島,3,1,3385,渡邉 睦広,A2,6.63,37.52,5.48,7.43,1.0,-0.01,-0.5,,,雨,23.0,25.0,4.0,北,3.0,https://boatraceraid.jp/exhibition/?opdt=2026-09-19&rcoursecd=04&rno=03
20260919,平和島,3,2,4769,馬場 剛,A1,6.7,38.14,5.8,7.54,2.0,-0.01,0.0,,,雨,23.0,25.0,4.0,北,3.0,https://boatraceraid.jp/exhibition/?opdt=2026-09-19&rcoursecd=04&rno=03
20260919,平和島,3,3,5105,富田 恕生,B1,6.67,37.65,5.7,7.4,3.0,0.14,0.0,,,雨,23.0,25.0,4.0,北,3.0,https://boatraceraid.jp/exhibition/?opdt=2026-09-19&rcoursecd=04&rno=03
20260919,平和島,3,4,5022,伊藤 尚汰,B1,6.68,37.8,5.76,7.37,4.0,0.1,-0.5,,,雨,23.0,25.0,4.0,北,3.0,https://boatraceraid.jp/exhibition/?opdt=2026-09-19&rcoursecd=04&rno=03
20260919,平和島,3,5,4367,山口 修路,B1,6.69,38.33,5.53,7.51,5.0,0.16,0.0,,,雨,23.0,25.0,4.0,北,3.0,https://boatraceraid.jp/exhibition/?opdt=2026-09-19&rcoursecd=04&rno=03
20260919,平和島,3,6,5424,熊倉 幹太,B2,6.72,38.06,5.81,7.5,6.0,0.09,0.0,,,雨,23.0,25.0,4.0,北,3.0,https://boatraceraid.jp/exhibition/?opdt=2026-09-19&rcoursecd=04&rno=03
20260919,平和島,4,1,4880,澤崎 雄哉,B1,6.85,37.6,5.65,7.44,1.0,0.15,0.0,,,雨,23.0,25.0,3.0,北,3.0,https://boatraceraid.jp/exhibition/?opdt=2026-09-19&rcoursecd=04&rno=04
20260919,平和島,4,2,4422,永井 亮次,B1,6.76,38.19,5.74,7.4,2.0,-0.04,0.0,,,雨,23.0,25.0,3.0,北,3.0,https://boatraceraid.jp/exhibition/?opdt=2026-09-19&rcoursecd=04&rno=04
20260919,平和島,4,3,4377,濱本 優一,A1,6.78,38.14,5.72,7.35,3.0,-0.01,0.0,,,雨,23.0,25.0,3.0,北,3.0,https://boatraceraid.jp/exhibition/?opdt=2026-09-19&rcoursecd=04&rno=04
20260919,平和島,4,4,3771,折下 寛法,B1,6.74,37.23,5.83,7.3,4.0,0.07,0.0,,,雨,23.0,25.0,3.0,北,3.0,https://boatraceraid.jp/exhibition/?opdt=2026-09-19&rcoursecd=04&rno=04
20260919,平和島,4,5,4651,佐藤 大騎,B1,6.79,37.84,5.84,7.41,5.0,0.16,0.0,,,雨,23.0,25.0,3.0,北,3.0,https://boatraceraid.jp/exhibition/?opdt=2026-09-19&rcoursecd=04&rno=04
20260919,平和島,4,6,5081,篠原 飛翔,A2,6.77,37.18,5.8,7.33,6.0,-0.05,0.0,,,雨,23.0,25.0,3.0,北,3.0,https://boatraceraid.jp/exhibition/?opdt=2026-09-19&rcoursecd=04&rno=04
20260919,平和島,5,1,3904,森 貴洋,B1,6.76,37.04,5.6,7.4,1.0,0.01,0.0,,,曇り,23.0,25.0,2.0,北,3.0,https://boatraceraid.jp/exhibition/?opdt=2026-09-19&rcoursecd=04&rno=05
20260919,平和島,5,2,5209,小野 京平,B1,6.8,37.61,5.63,7.53,2.0,0.07,0.0,,,曇り,23.0,25.0,2.0,北,3.0,https://boatraceraid.jp/exhibition/?opdt=2026-09-19&rcoursecd=04&rno=05
20260919,平和島,5,3,4180,上野 秀和,A2,6.76,37.38,5.77,7.38,3.0,0.14,0.0,,,曇り,23.0,25.0,2.0,北,3.0,https://boatraceraid.jp/exhibition/?opdt=2026-09-19&rcoursecd=04&rno=05
20260919,平和島,5,4,3313,本吉 正樹,B1,6.65,37.6,5.97,7.43,4.0,0.13,0.0,,,曇り,23.0,25.0,2.0,北,3.0,https://boatraceraid.jp/exhibition/?opdt=2026-09-19&rcoursecd=04&rno=05
20260919,平和島,5,5,3432,宮迫 暢彦,B1,6.68,37.83,5.91,7.53,5.0,0.09,0.0,,,曇り,23.0,25.0,2.0,北,3.0,https://boatraceraid.jp/exhibition/?opdt=2026-09-19&rcoursecd=04&rno=05
20260919,平和島,5,6,5004,河野 主樹,A2,6.85,36.71,5.7,7.53,6.0,0.13,-0.5,,,曇り,23.0,25.0,2.0,北,3.0,https://boatraceraid.jp/exhibition/?opdt=2026-09-19&rcoursecd=04&rno=05
20260919,平和島,6,1,4697,國弘 翔平,B1,6.81,38.29,5.85,7.47,1.0,0.15,0.0,,,雨,23.0,25.0,3.0,北,3.0,https://boatraceraid.jp/exhibition/?opdt=2026-09-19&rcoursecd=04&rno=06
20260919,平和島,6,2,4272,大場 広孝,B1,6.71,37.69,5.62,7.4,2.0,0.22,-0.5,,,雨,23.0,25.0,3.0,北,3.0,https://boatraceraid.jp/exhibition/?opdt=2026-09-19&rcoursecd=04&rno=06
20260919,平和島,6,3,5253,藤井 太雅,B2,6.84,37.95,5.7,7.47,3.0,0.26,-0.5,,,雨,23.0,25.0,3.0,北,3.0,https://boatraceraid.jp/exhibition/?opdt=2026-09-19&rcoursecd=04&rno=06
20260919,平和島,6,4,3915,繁野谷 圭介,A2,6.84,37.7,5.88,7.43,4.0,0.21,0.0,,,雨,23.0,25.0,3.0,北,3.0,https://boatraceraid.jp/exhibition/?opdt=2026-09-19&rcoursecd=04&rno=06
20260919,平和島,6,5,4288,永田 啓二,A1,6.83,38.24,5.6,7.4,5.0,0.2,0.5,,,雨,23.0,25.0,3.0,北,3.0,https://boatraceraid.jp/exhibition/?opdt=2026-09-19&rcoursecd=04&rno=06
20260919,平和島,6,6,5393,藤原 駿,B2,6.98,38.27,5.77,7.61,6.0,0.21,-0.5,,,雨,23.0,25.0,3.0,北,3.0,https://boatraceraid.jp/exhibition/?opdt=2026-09-19&rcoursecd=04&rno=06
20260919,平和島,7,1,3105,内山 文典,B1,6.79,38.26,5.62,7.43,1.0,0.19,0.0,,,雨,23.0,25.0,4.0,北,3.0,https://boatraceraid.jp/exhibition/?opdt=2026-09-19&rcoursecd=04&rno=07
20260919,平和島,7,2,5105,富田 恕生,B1,6.67,37.72,5.63,7.4,2.0,0.11,0.0,,,雨,23.0,25.0,4.0,北,3.0,https://boatraceraid.jp/exhibition/?opdt=2026-09-19&rcoursecd=04&rno=07
20260919,平和島,7,3,3107,平岡 重典,B1,6.81,37.85,5.68,7.53,3.0,0.1,-0.5,,,雨,23.0,25.0,4.0,北,3.0,https://boatraceraid.jp/exhibition/?opdt=2026-09-19&rcoursecd=04&rno=07
20260919,平和島,7,4,5424,熊倉 幹太,B2,6.75,38.14,5.83,7.54,4.0,0.04,0.0,,,雨,23.0,25.0,4.0,北,3.0,https://boatraceraid.jp/exhibition/?opdt=2026-09-19&rcoursecd=04&rno=07
20260919,平和島,7,5,4508,野間 大樹,A2,6.85,37.48,5.93,7.53,5.0,0.1,-0.5,,,雨,23.0,25.0,4.0,北,3.0,https://boatraceraid.jp/exhibition/?opdt=2026-09-19&rcoursecd=04&rno=07
20260919,平和島,7,6,4976,金山 立樹,B1,6.71,37.55,5.88,7.51,6.0,0.23,0.0,,,雨,23.0,25.0,4.0,北,3.0,https://boatraceraid.jp/exhibition/?opdt=2026-09-19&rcoursecd=04&rno=07
20260919,平和島,8,1,3439,大平 誉史明,A1,6.83,37.44,5.53,7.45,1.0,0.03,0.0,,,雨,22.0,25.0,3.0,北,3.0,https://boatraceraid.jp/exhibition/?opdt=2026-09-19&rcoursecd=04&rno=08
20260919,平和島,8,2,5022,伊藤 尚汰,B1,6.8,37.76,5.67,7.37,2.0,0.09,-0.5,,,雨,22.0,25.0,3.0,北,3.0,https://boatraceraid.jp/exhibition/?opdt=2026-09-19&rcoursecd=04&rno=08
20260919,平和島,8,3,3564,桑原 啓,B1,6.64,38.0,6.03,7.41,3.0,0.12,0.0,,,雨,22.0,25.0,3.0,北,3.0,https://boatraceraid.jp/exhibition/?opdt=2026-09-19&rcoursecd=04&rno=08
20260919,平和島,8,4,4421,森作 広大,B1,6.73,38.14,5.96,7.42,4.0,0.2,-0.5,,,雨,22.0,25.0,3.0,北,3.0,https://boatraceraid.jp/exhibition/?opdt=2026-09-19&rcoursecd=04&rno=08
20260919,平和島,8,5,4422,永井 亮次,B1,6.7,38.54,5.82,7.56,5.0,0.14,0.0,,,雨,22.0,25.0,3.0,北,3.0,https://boatraceraid.jp/exhibition/?opdt=2026-09-19&rcoursecd=04&rno=08
20260919,平和島,8,6,3857,阿波 勝哉,B1,6.91,38.48,6.05,7.74,6.0,0.37,2.0,,,雨,22.0,25.0,3.0,北,3.0,https://boatraceraid.jp/exhibition/?opdt=2026-09-19&rcoursecd=04&rno=08
20260919,平和島,9,1,4082,濱崎 誠,B1,6.77,37.3,5.63,7.5,1.0,0.01,0.0,,,雨,22.0,25.0,3.0,北,3.0,https://boatraceraid.jp/exhibition/?opdt=2026-09-19&rcoursecd=04&rno=09
20260919,平和島,9,2,4200,早川 尚人,B1,6.76,37.74,5.8,7.44,2.0,0.25,0.0,,,雨,22.0,25.0,3.0,北,3.0,https://boatraceraid.jp/exhibition/?opdt=2026-09-19&rcoursecd=04&rno=09
20260919,平和島,9,3,5237,永松 良教,B2,6.83,37.14,5.7,7.4,3.0,0.11,0.0,,,雨,22.0,25.0,3.0,北,3.0,https://boatraceraid.jp/exhibition/?opdt=2026-09-19&rcoursecd=04&rno=09
20260919,平和島,9,4,5023,久永 祥平,A2,6.73,37.47,5.84,7.47,4.0,0.23,-0.5,,,雨,22.0,25.0,3.0,北,3.0,https://boatraceraid.jp/exhibition/?opdt=2026-09-19&rcoursecd=04&rno=09
20260919,平和島,9,5,4880,澤崎 雄哉,B1,6.84,38.18,5.82,7.6,5.0,0.15,0.0,,,雨,22.0,25.0,3.0,北,3.0,https://boatraceraid.jp/exhibition/?opdt=2026-09-19&rcoursecd=04&rno=09
20260919,平和島,9,6,3313,本吉 正樹,B1,6.67,37.78,6.33,7.33,6.0,0.08,0.0,,,雨,22.0,25.0,3.0,北,3.0,https://boatraceraid.jp/exhibition/?opdt=2026-09-19&rcoursecd=04&rno=09
20260919,平和島,10,1,5004,河野 主樹,A2,6.68,36.72,5.51,7.37,1.0,0.19,-0.5,,,雨,22.0,25.0,3.0,北,3.0,https://boatraceraid.jp/exhibition/?opdt=2026-09-19&rcoursecd=04&rno=10
20260919,平和島,10,2,3747,國崎 良春,A2,6.82,37.3,5.62,7.45,2.0,0.15,0.0,,,雨,22.0,25.0,3.0,北,3.0,https://boatraceraid.jp/exhibition/?opdt=2026-09-19&rcoursecd=04&rno=10
20260919,平和島,10,3,3771,折下 寛法,B1,6.8,37.26,5.7,7.43,3.0,0.14,0.0,,,雨,22.0,25.0,3.0,北,3.0,https://boatraceraid.jp/exhibition/?opdt=2026-09-19&rcoursecd=04&rno=10
20260919,平和島,10,4,4377,濱本 優一,A1,6.85,37.7,5.6,7.5,4.0,0.06,0.0,,,雨,22.0,25.0,3.0,北,3.0,https://boatraceraid.jp/exhibition/?opdt=2026-09-19&rcoursecd=04&rno=10
20260919,平和島,10,5,5031,渡辺 空依,B1,6.87,37.47,5.63,7.43,5.0,0.08,0.0,,,雨,22.0,25.0,3.0,北,3.0,https://boatraceraid.jp/exhibition/?opdt=2026-09-19&rcoursecd=04&rno=10
20260919,平和島,10,6,3385,渡邉 睦広,A2,6.82,37.67,5.7,7.48,6.0,0.14,-0.5,,,雨,22.0,25.0,3.0,北,3.0,https://boatraceraid.jp/exhibition/?opdt=2026-09-19&rcoursecd=04&rno=10
20260919,平和島,11,1,5081,篠原 飛翔,A2,6.83,37.14,5.8,7.36,1.0,0.02,0.0,,,曇り,22.0,25.0,4.0,北,3.0,https://boatraceraid.jp/exhibition/?opdt=2026-09-19&rcoursecd=04&rno=11
20260919,平和島,11,2,4288,永田 啓二,A1,6.83,37.37,5.82,7.43,2.0,0.1,0.5,,,曇り,22.0,25.0,4.0,北,3.0,https://boatraceraid.jp/exhibition/?opdt=2026-09-19&rcoursecd=04&rno=11
20260919,平和島,11,3,3915,繁野谷 圭介,A2,6.8,37.83,5.79,7.42,3.0,0.22,0.0,,,曇り,22.0,25.0,4.0,北,3.0,https://boatraceraid.jp/exhibition/?opdt=2026-09-19&rcoursecd=04&rno=11
20260919,平和島,11,4,4180,上野 秀和,A2,6.79,37.26,5.72,7.4,4.0,0.05,0.0,,,曇り,22.0,25.0,4.0,北,3.0,https://boatraceraid.jp/exhibition/?opdt=2026-09-19&rcoursecd=04&rno=11
20260919,平和島,11,5,4769,馬場 剛,A1,6.65,38.08,6.08,7.53,5.0,-0.09,0.0,,,曇り,22.0,25.0,4.0,北,3.0,https://boatraceraid.jp/exhibition/?opdt=2026-09-19&rcoursecd=04&rno=11
20260919,平和島,11,6,3904,森 貴洋,B1,6.64,37.58,5.92,7.47,6.0,0.05,0.0,,,曇り,22.0,25.0,4.0,北,3.0,https://boatraceraid.jp/exhibition/?opdt=2026-09-19&rcoursecd=04&rno=11
20260919,平和島,12,1,4659,木下 翔太,A1,6.71,37.61,5.81,7.44,1.0,-0.06,0.0,,,曇り,22.0,25.0,3.0,北,3.0,https://boatraceraid.jp/exhibition/?opdt=2026-09-19&rcoursecd=04&rno=12
20260919,平和島,12,2,3876,中辻 崇人,A1,6.86,37.2,5.63,7.53,2.0,0.17,0.5,,,曇り,22.0,25.0,3.0,北,3.0,https://boatraceraid.jp/exhibition/?opdt=2026-09-19&rcoursecd=04&rno=12
20260919,平和島,12,3,4610,佐藤 大佑,A1,6.58,37.93,5.8,7.45,3.0,0.06,0.0,,,曇り,22.0,25.0,3.0,北,3.0,https://boatraceraid.jp/exhibition/?opdt=2026-09-19&rcoursecd=04&rno=12
20260919,平和島,12,4,5104,山田 丈,A2,6.79,37.43,5.54,7.39,4.0,-0.06,0.0,,,曇り,22.0,25.0,3.0,北,3.0,https://boatraceraid.jp/exhibition/?opdt=2026-09-19&rcoursecd=04&rno=12
20260919,平和島,12,5,4053,芦澤 望,A2,6.88,37.56,5.7,7.53,5.0,0.05,0.0,,,曇り,22.0,25.0,3.0,北,3.0,https://boatraceraid.jp/exhibition/?opdt=2026-09-19&rcoursecd=04&rno=12
20260919,平和島,12,6,3963,原田 秀弥,A2,6.88,37.97,5.82,7.64,6.0,0.01,0.0,,,曇り,22.0,25.0,3.0,北,3.0,https://boatraceraid.jp/exhibition/?opdt=2026-09-19&rcoursecd=04&rno=12
